-- phpMyAdmin SQL Dump
-- version 4.9.7
-- https://www.phpmyadmin.net/
--
-- Host: localhost:3306
-- Generation Time: May 02, 2022 at 09:02 AM
-- Server version: 8.0.29
-- PHP Version: 7.3.33

SET SQL_MODE = "NO_AUTO_VALUE_ON_ZERO";
SET AUTOCOMMIT = 0;
START TRANSACTION;
SET time_zone = "+00:00";


/*!40101 SET @OLD_CHARACTER_SET_CLIENT=@@CHARACTER_SET_CLIENT */;
/*!40101 SET @OLD_CHARACTER_SET_RESULTS=@@CHARACTER_SET_RESULTS */;
/*!40101 SET @OLD_COLLATION_CONNECTION=@@COLLATION_CONNECTION */;
/*!40101 SET NAMES utf8mb4 */;

--
-- Database: `azimcoil_story`
--

DELIMITER $$
--
-- Procedures
--
CREATE  PROCEDURE `add_new_user` (IN `userName` VARCHAR(70), IN `userFirstName` VARCHAR(30), IN `userLastName` VARCHAR(30))  NO SQL
BEGIN
SET SQL_SAFE_UPDATES=0;
           INSERT  INTO user (user_name, date_of_registering, user_first_name, user_last_name)
	VALUES (userName, CURDATE(),userFirstName , userLastName);
    SET SQL_SAFE_UPDATES=1;
END$$

CREATE  PROCEDURE `all_useres_cups` ()  NO SQL
BEGIN	
SELECT
    	(SELECT user_first_name from user WHERE user.user_name = t1.user_name) As `?? ????`,
        (SELECT user_last_name from user WHERE user.user_name = t1.user_name) As `?? ?????`,
	    (SELECT display_name from user WHERE user.user_name = t1.user_name) As `?? ?????`,
	    (SELECT email from user WHERE user.user_name = t1.user_name) As `????`,
    	(SELECT date_of_registering from user WHERE user.user_name = t1.user_name) As `????? ?????`,
        (SELECT MAX(date_update) FROM user_cups WHERE user_name = t1.user_name) AS `????? ????? ?????`,
    (SELECT victory_cups_wined FROM user_cups WHERE chapter_id='1' AND user_name = t1.user_name) AS `???? ?????`,
     (SELECT victory_cups_wined FROM user_cups WHERE chapter_id='2' AND user_name = t1.user_name) AS `??? ? :??? ?????`,
        (SELECT victory_cups_wined FROM user_cups WHERE chapter_id='3' AND user_name = t1.user_name) AS `????? ?????? - ??? ???????`,
    (SELECT victory_cups_wined FROM user_cups WHERE chapter_id='4' AND user_name = t1.user_name) AS `??? ?: ?????? ???????`,
    (SELECT victory_cups_wined FROM user_cups WHERE chapter_id='5' AND user_name = t1.user_name) AS `??? ?: ??? ???`,
    (SELECT victory_cups_wined FROM user_cups WHERE chapter_id='6' AND user_name = t1.user_name) AS `??? ?: ?????? ?? ?????`,
    (SELECT victory_cups_wined FROM user_cups WHERE chapter_id='7' AND user_name = t1.user_name) AS `??? ?: ???? ?????`,
    (SELECT victory_cups_wined FROM user_cups WHERE chapter_id='8' AND user_name = t1.user_name) AS `??? ?: ?????? ???????`,
    (SELECT victory_cups_wined FROM user_cups WHERE chapter_id='9' AND user_name = t1.user_name) AS `??? ?: ????? ?????`,
    (SELECT victory_cups_wined FROM user_cups WHERE chapter_id='10' AND user_name = t1.user_name) AS `??? ?: ???? ?? ?????`,
    (SELECT victory_cups_wined FROM user_cups WHERE chapter_id='11' AND user_name = t1.user_name) AS `??? ?: ?????? ????? - ??????`,
    (SELECT victory_cups_wined FROM user_cups WHERE chapter_id='13' AND user_name = t1.user_name) AS `??? ?: ??? ??????`,
    (SELECT victory_cups_wined FROM user_cups WHERE chapter_id='14' AND user_name = t1.user_name) AS `??? ??: ???????`,
    (SELECT victory_cups_wined FROM user_cups WHERE chapter_id='15' AND user_name = t1.user_name) AS `??? ??: ?? ?? ?????? ?????? ??`,
    (SELECT victory_cups_wined FROM user_cups WHERE chapter_id='16' AND user_name = t1.user_name) AS `??? ??`,
    (SELECT victory_cups_wined FROM user_cups WHERE chapter_id='17' AND user_name = t1.user_name) AS `??? ??:????-?????`,
    (SELECT victory_cups_wined FROM user_cups WHERE chapter_id='18' AND user_name = t1.user_name) AS `??? ??: ???? ?? ????`,
    (SELECT victory_cups_wined FROM user_cups WHERE chapter_id='19' AND user_name = t1.user_name) AS `??? ??: ???? – ?????? ??????`,
    (SELECT victory_cups_wined FROM user_cups WHERE chapter_id='20' AND user_name = t1.user_name) AS `??? ??: ????? ???? ????`,
    (SELECT victory_cups_wined FROM user_cups WHERE chapter_id='21' AND user_name = t1.user_name) AS `??? ??: ????? ?? ??????`,
    (SELECT victory_cups_wined FROM user_cups WHERE chapter_id='22' AND user_name = t1.user_name) AS `??? ??: ??? ????`,
    (SELECT victory_cups_wined FROM user_cups WHERE chapter_id='23' AND user_name = t1.user_name) AS `??? ??: ??? ??????`,
    (SELECT victory_cups_wined FROM user_cups WHERE chapter_id='24' AND user_name = t1.user_name) AS `??? ??: ?????? ??????`,
    (SELECT victory_cups_wined FROM user_cups WHERE chapter_id='25' AND user_name = t1.user_name) AS `??? ??: ??? ?? ???`,
    (SELECT victory_cups_wined FROM user_cups WHERE chapter_id='26' AND user_name = t1.user_name) AS `??? ??: ????? ????`,
    (SELECT victory_cups_wined FROM user_cups WHERE chapter_id='27' AND user_name = t1.user_name) AS `??? ??: ?? ?????? ???`,
        (SELECT victory_cups_wined FROM user_cups WHERE chapter_id='28' AND user_name = t1.user_name) AS `??? ??: ???? ????`
FROM user_cups As t1  NATURAL LEFT OUTER JOIN user
#FROM user_cups As t1
GROUP BY user_name;
END$$

CREATE  PROCEDURE `check_if_user_exists` (IN `user_nameP` VARCHAR(100))  BEGIN
	 select exists(select *  from user where user.user_name = user_nameP) ;
END$$

CREATE  PROCEDURE `delete_user_data` (IN `userName` VARCHAR(100))  NO SQL
BEGIN
#SET SQL_SAFE_UPDATES=0;
        DELETE FROM goals_or_habits WHERE user_name = userName;
        DELETE FROM user_cups WHERE user_name = userName;
        DELETE FROM user WHERE user_name = userName;
 #   SET SQL_SAFE_UPDATES=1;
END$$

CREATE  PROCEDURE `get_relative_self_control` (IN `userName` VARCHAR(100), OUT `result` DECIMAL)  BEGIN
/* this query returns the max sum of points one may get for your_control until last chapter that user filed  */
SELECT @maxCupsTillLastChapterFilled := sum(your_control) 
FROM distribution_of_points_for_max_victory_cups 
WHERE chapter_id <= 
(SELECT max(chapter_id)
FROM user_cups_by_chapters left join chapter on id = chapter_id
WHERE victory_cups_wined > 0 and automatic_win = 0);
/* gets the sumOfUser/ @maxCupsTillLastChapterFilled  */
SELECT sumOfUser/@maxCupsTillLastChapterFilled
INTO @result
FROM
(SELECT  sum((victory_cups_wined/max_victory_cups)*distribution_of_points_for_max_victory_cups.your_control) as sumOfUser
FROM chapter 
	left join user_cups_by_chapters on chapter.id = user_cups_by_chapters.chapter_id 
	left join distribution_of_points_for_max_victory_cups on chapter.id = distribution_of_points_for_max_victory_cups.chapter_id
WHERE user_cups_by_chapters.user_name = userName) as baseTable;
select @result;
END$$

CREATE  PROCEDURE `get_text_for_self_control` (IN `userName` VARCHAR(100), OUT `aab` DECIMAL, OUT `resultText` VARCHAR(100))  BEGIN
	call get_user_control_percent(userName, aab);
  if(  aab >0 && aab  <= 40) then 
  select  your_control into resultText from feedbacktext where under_or_equal_seccess_percent = 40 ;
  end if;
  if( aab >40 && aab  <= 60) then 
  select your_control into resultText from feedbacktext where under_or_equal_seccess_percent = 60 ;
  end if;
  if( aab >60 && aab  <= 80) then
  select your_control into resultText from feedbacktext where under_or_equal_seccess_percent = 80 ;
  end if;
  if( aab >80 && aab  <= 100) then
  select your_control into resultText from feedbacktext where under_or_equal_seccess_percent = 80 ;
  end if;
END$$

CREATE  PROCEDURE `get_user_cups` (IN `userName` VARCHAR(100))  NO SQL
BEGIN
SELECT chapter.chapter_id, chapter_name, victory_cups_wined, max_victory_cups, automatic_win, is_readed, part_number, user_name
    FROM chapter NATURAL JOIN user_cups 
    WHERE user_cups.user_name = userName;
    END$$

CREATE  PROCEDURE `get_user_self_commitment` (IN `userName` VARCHAR(100), IN `chapterUserHolds` INT)  BEGIN
/* gets the percent of seccess relative to max points */
    SELECT userPoints/maxPoints as self_commitment_result
    FROM 
    (SELECT sum((victory_cups_wined/max_victory_cups) * points_max.commitment_to_success) as userPoints
      FROM chapter natural join user_cups natural join points_max
      WHERE user_cups.user_name = userName and chapter.chapter_id <= chapterUserHolds and user_cups.is_readed = 1) AS userPointsT,
    (SELECT sum(points_max.commitment_to_success) as maxPoints FROM points_max  ) AS maxPointsT ;
END$$

CREATE  PROCEDURE `get_user_self_connection` (IN `userName` VARCHAR(100), IN `chapterUserHolds` INT)  BEGIN
/* gets the percent of seccess relative to max points */
    SELECT userPoints/maxPoints as self_connection_result
    FROM 
     /*  (SELECT (0.9) * points_max.connection_to_yourself as userPoints*/
    (SELECT sum((victory_cups_wined/max_victory_cups) * points_max.connection_to_yourself) as userPoints
      FROM chapter natural join user_cups natural join points_max
      WHERE user_cups.user_name = userName and chapter.chapter_id <= chapterUserHolds and user_cups.is_readed = 1) AS userPointsT,
    (SELECT sum(points_max.connection_to_yourself) as maxPoints FROM points_max  ) AS maxPointsT ;
END$$

CREATE  PROCEDURE `get_user_self_control` (IN `userName` VARCHAR(100), IN `chapterUserHolds` INT)  BEGIN
/* gets the percent of seccess relative to max points */
   SELECT userPoints/maxPoints as self_control_result 
    FROM 
    (SELECT sum((victory_cups_wined/max_victory_cups) * points_max.your_control) as userPoints
      FROM chapter natural join user_cups natural join points_max
      WHERE user_cups.user_name = userName and chapter.chapter_id <= chapterUserHolds and user_cups.is_readed = 1) AS userPointsT,
    (SELECT sum(points_max.your_control) as maxPoints FROM points_max  ) AS maxPointsT ;
END$$

CREATE  PROCEDURE `get_user_self_fulfillment` (IN `userName` VARCHAR(100), IN `chapterUserHolds` INT)  BEGIN
/* gets the percent of seccess relative to max points */
    SELECT userPoints/maxPoints as self_fulfillment_result
    FROM 
    (SELECT sum((victory_cups_wined/max_victory_cups) * points_max.self_fulfillment) as userPoints
      FROM chapter natural join user_cups natural join points_max
      WHERE user_cups.user_name = userName and chapter.chapter_id <= chapterUserHolds and user_cups.is_readed = 1) AS userPointsT,
    (SELECT sum(points_max.self_fulfillment) as maxPoints FROM points_max  ) AS maxPointsT ;
END$$

CREATE  PROCEDURE `make_chapter_readed` (IN `userName` VARCHAR(70), IN `chapterId` INT)  NO SQL
BEGIN
#SET SQL_SAFE_UPDATES=0;
 UPDATE user_cups
    SET date_update = CURDATE(), is_readed = 1
    WHERE user_name = userName and chapter_id = chapterId;
 #   SET SQL_SAFE_UPDATES=1;
END$$

CREATE  PROCEDURE `make_chapter_unreaded` (IN `userName` VARCHAR(70), IN `chapterId` INT)  NO SQL
BEGIN
#SET SQL_SAFE_UPDATES=0;
 UPDATE user_cups natural join chapter
    SET date_update = CURDATE(), is_readed = 0, victory_cups_wined = max_victory_cups
    WHERE user_name = userName and chapter_id = chapterId and automatic_win = 1;
UPDATE user_cups natural join chapter
    SET date_update = CURDATE(), is_readed = 0, victory_cups_wined = 0
    #(select max_victory_cups  from chapter where chapter_id = chapterId)
    WHERE user_name = userName and chapter_id = chapterId and 	           
    	automatic_win=0;
 #   SET SQL_SAFE_UPDATES=1;
END$$

CREATE  PROCEDURE `reset_user_cups` (IN `userName` VARCHAR(70))  NO SQL
BEGIN
#SET SQL_SAFE_UPDATES=0;
 UPDATE user_cups natural join chapter
    SET date_update = CURDATE(), is_readed = 0, victory_cups_wined = max_victory_cups
    WHERE user_name = userName and automatic_win = 1;
UPDATE user_cups natural join chapter
    SET date_update = CURDATE(), is_readed = 0, victory_cups_wined = 0 
    WHERE user_name = userName and automatic_win=0;
 #   SET SQL_SAFE_UPDATES=1;
END$$

CREATE  PROCEDURE `update_points_max_and_chapter` (IN `chapterId` INT, IN `yourControl` INT, IN `connectionToYourself` INT, IN `commitmentToSuccess` INT, IN `selfFulfillment` INT, IN `chapterName` VARCHAR(100) CHARSET utf8, IN `maxVictoryCups` INT, IN `automaticWin` BOOLEAN)  BEGIN
 #SET SQL_SAFE_UPDATES=0;
 UPDATE points_max
    SET
    your_control = yourControl,
    connection_to_yourself = connectionToYourself,
    commitment_to_success = commitmentToSuccess,
    self_fulfillment = selfFulfillment
    WHERE chapter_id = chapterId;
     UPDATE chapter
	SET
	`chapter_name` = chapterName,
	`max_victory_cups` = maxVictoryCups,
	`automatic_win` = automaticWin
	WHERE chapter_id = chapterId;
  #   SET SQL_SAFE_UPDATES=1;
END$$

CREATE  PROCEDURE `update_user_cups` (IN `userName` VARCHAR(45), IN `newCups` INT, IN `chapterId` INT, IN `chapterOfGoalsOrHabits` INT)  BEGIN
SET SQL_SAFE_UPDATES=0;
 UPDATE user_cups
    SET date_update = CURDATE(), victory_cups_wined = newCups
    WHERE user_name = userName and chapter_id = chapterId
		and exists (select * from chapter where chapter_id = chapterId and max_victory_cups >= newCups and automatic_win = 0 );
		/*and (
			chapter_id <> chapterOfGoalsOrHabits 
			OR not exists (select * from goals_or_habits where user_name = userName and goals_selected = 1)
			);*/
    SET SQL_SAFE_UPDATES=1;
END$$

CREATE  PROCEDURE `update_user_cups_sql` (IN `userName` VARCHAR(100), IN `maxGoals` INT, IN `achivedGoals` INT)  BEGIN
set @maxCups = (select max_victory_cups from chapter where chapter_id = 11);
set @newCups = (achivedGoals/maxGoals)* @maxCups;
	INSERT INTO user_cups(user_name, date_update, chapter_id, victory_cups_wined)
    values(userName, CURDATE(), 11, @newCups )
    ON DUPLICATE KEY UPDATE date_update=CURDATE(), chapter_id=11, victory_cups_wined=@newCups ;
END$$

DELIMITER ;

-- --------------------------------------------------------

--
-- Table structure for table `chapter`
--

CREATE TABLE `chapter` (
  `chapter_id` int NOT NULL,
  `chapter_name` varchar(70) CHARACTER SET utf8mb3 COLLATE utf8_unicode_ci NOT NULL,
  `max_victory_cups` int NOT NULL,
  `automatic_win` tinyint NOT NULL,
  `part_number` int NOT NULL
) ENGINE=InnoDB DEFAULT CHARSET=utf8mb4 COLLATE=utf8mb4_unicode_ci;

--
-- Dumping data for table `chapter`
--

INSERT INTO `chapter` (`chapter_id`, `chapter_name`, `max_victory_cups`, `automatic_win`, `part_number`) VALUES
(1, 'מכתב פתיחה', 1, 1, 1),
(2, 'פרק א - סוד האושר', 1, 1, 1),
(3, 'משימת גלידה - אגף המשימות', 1, 0, 1),
(4, 'פרק ב - האנשים הגדולים', 1, 0, 1),
(5, 'פרק ג - אני טוב', 2, 0, 2),
(6, 'פרק ד - להוקיר את החיים', 2, 0, 2),
(7, 'פרק ה - נעים להכיר', 2, 0, 2),
(8, 'פרק ו - מגשימי החלומות', 2, 1, 3),
(9, 'פרק ז - החופש הגדול', 2, 1, 3),
(10, 'פרק ח - לרוץ עם הרצון', 4, 1, 3),
(11, 'פרק ט - המסלול הבטוח', 14, 0, 3),
(13, 'פרק י - לתת ולצמוח', 2, 0, 3),
(14, 'פרק יא - ההחמצות', 2, 0, 4),
(15, 'פרק יב - מה הם יודעים שאנחנו לא?', 1, 1, 4),
(16, 'פרק יג', 3, 1, 4),
(17, 'פרק יד - הבלו פרינט', 2, 1, 4),
(18, 'פרק טו - למלא את החלל', 5, 0, 4),
(19, 'פרק טז - מדיה הסיפור האמיתי', 2, 0, 4),
(20, 'פרק יז - מישהו לרוץ איתו', 3, 0, 5),
(21, 'פרק יח - טיפים של אלופים', 2, 1, 5),
(22, 'פרק יט - אמא אדמה', 2, 0, 5),
(23, 'פרק כג - יום השחרור', 12, 0, 6),
(24, 'פרק כה - חוזרים לשליטה', 14, 0, 6),
(25, 'פרק כו - אין לי כח', 3, 1, 6),
(26, 'פרק כז - לבחור נכון', 2, 1, 7),
(27, 'פרק כח - מה הסיפור שלי?', 2, 1, 7),
(28, 'פרק כט - תמיד מוכן', 3, 0, 7);

-- --------------------------------------------------------

--
-- Table structure for table `chapter2`
--

CREATE TABLE `chapter2` (
  `chapter_id` int NOT NULL,
  `chapter_name` varchar(70) CHARACTER SET utf8mb4 COLLATE utf8mb4_unicode_ci NOT NULL,
  `max_victory_cups` int NOT NULL,
  `automatic_win` tinyint NOT NULL
) ENGINE=InnoDB DEFAULT CHARSET=utf8mb4 COLLATE=utf8mb4_unicode_ci;

--
-- Dumping data for table `chapter2`
--

INSERT INTO `chapter2` (`chapter_id`, `chapter_name`, `max_victory_cups`, `automatic_win`) VALUES
(1, 'מכתב פתיחה', 1, 0),
(2, 'פרק א - סוד האושר', 1, 1),
(3, 'משימת קרמבו', 1, 0),
(4, 'פרק ב - האנשים הגדולים', 1, 0),
(5, 'פרק ג - אני טוב', 7, 0),
(6, 'פרק ד - להוקיר את החיים', 7, 0),
(7, 'פרק ה - נעים להכיר', 7, 0),
(8, 'פרק ו', 5, 1),
(9, 'פרק ז', 4, 1),
(10, 'פרק ח', 12, 1),
(11, 'פרק ט - המסלול הבטוח', 28, 0),
(13, 'פרק י - לתת ולצמוח', 7, 0),
(14, 'פרק יא - החמצות', 7, 0),
(15, 'פרק יב', 2, 1),
(16, 'פרק יג', 5, 1),
(17, 'פרק יח', 4, 1),
(18, 'פרק טו - למלא את החלל', 28, 0),
(19, 'פרק טו - מדיה - הסיפור האמיתי', 14, 0),
(20, 'פרק יז - מישהו לרוץ איתו', 1, 0),
(21, 'פרק יט - אמא אדמה', 1, 0),
(22, 'פרק כג - יום השחרור', 42, 0),
(23, 'פרק כה - חוזרים לשליטה', 28, 0),
(24, 'פרק כו - אין לי כח', 6, 1),
(25, 'פרק כז - לבחור נכון', 5, 1),
(26, 'פרק כח - הסטורי', 3, 1),
(27, 'פרק כט - תמיד מוכן', 1, 0);

-- --------------------------------------------------------

--
-- Table structure for table `feedbacktext`
--

CREATE TABLE `feedbacktext` (
  `under_or_equal_seccess_percent` decimal(6,2) NOT NULL,
  `your_control` text CHARACTER SET utf8mb4 COLLATE utf8mb4_unicode_ci NOT NULL,
  `connection_to_yourself` text CHARACTER SET utf8mb4 COLLATE utf8mb4_unicode_ci NOT NULL,
  `commitment_to_success` text CHARACTER SET utf8mb4 COLLATE utf8mb4_unicode_ci NOT NULL,
  `self_fulfillment` text CHARACTER SET utf8mb4 COLLATE utf8mb4_unicode_ci NOT NULL
) ENGINE=InnoDB DEFAULT CHARSET=utf8mb4 COLLATE=utf8mb4_unicode_ci COMMENT='	';

--
-- Dumping data for table `feedbacktext`
--

INSERT INTO `feedbacktext` (`under_or_equal_seccess_percent`, `your_control`, `connection_to_yourself`, `commitment_to_success`, `self_fulfillment`) VALUES
(-2.00, 'היכולת שלך לנהל את חייך כרצונך בלי להיסחף אחרי הסחות ומסכים', 'היכולת שלך להיות נאמן לעולם הפנימי שלך וקשוב אליו', 'היכולת שלך להתקדם בהתמדה וללא ויתורים אל היעדים שלך', 'היכולת שלך להוציא אל הפועל את כל האיכויות והכישרונות הגלומים בך'),
(-1.00, 'שליטה עצמית', 'חיבור לעצמך', 'מחויבות להצלחה', 'מימוש עצמי'),
(49.99, 'אתה נוטה להיסחף אחרי רצונות וחשקים חולפים בחייך. נסה לעמוד מולם, ללכת עם השאיפות האמיתיות שלך ולהגשים חלומות לטווח ארוך.$\r\nייתכן שהסחות דעת רבות מפריעות לך להיות ממוקד במטרותיך. ספקיות מדיה, כמו נטפליקס ואינסטגרם, מצליחות לשדוד ממך זמן יקר.$ \r\nאין הרגשה נפלאה כהרגשת החירות. כדאי לך להתאמץ למענה!$\r\nנסה להימנע מפיזור ומזמינות סלולרית גבוהה. נסה להיות נוכח יותר כאן ועכשיו. מה הדברים שבאמת נכונים לך כרגע?$\r\nאתה לא נותן לייאוש להפיל את העמידה שלך. אתה משתדל להתקדם תמיד. בחרת לא להיות קורבן של נסיבות חייך – אתה נלחם כדי לשנות!$\r\n', 'אתה מודע לאתגרים ולכאבים שבחייך ויש לך רצון למצוא כיוון ודרך.$\r\nנסה להכיר יותר את עצמך ואת הטוב שבך – זו הדרך לאושר אמיתי.$\r\nעליך להוקיר יותר ולהעריך את המתנות הקטנות והגדולות שבחייך. הודה עליהן בכל הזדמנות שיש לך!$ \r\nעדיין לא התחברת למשאבים הפנימיים שלך. החיבור הזה דומה לחיבור לתחנת כוח אדירה, המספקת ביטחון, מוטיבציה ותנועה חיה, שמחה ומתמדת.$ \r\nככל שתבנה לעצמך זהות, חלומות ושאיפות משלך, כך תדע להצביע באופן ברור יותר על התכונות ועל ההרגלים שנכון שיהיו חלק מאישיותך ועל אלה שהיית שמח להיפרד מהם.$  \r\nאתה מבין מה אתה באמת מחפש בעולם. הצורך העמוק שלך בשייכות, בהערכה, במשמעות ובמימוש עצמי התברר לך.$\r\nאתה עדיין חושש מה\'לבד\' הזה, רק עם עצמך. נסה להתנתק לעיתים מכל המסכים וההסחות, ותגלה עולם פנימי עשיר שמחכה לך.$\r\nפעמים רבות מעידות נובעות מחוסר חיבור לעצמך, לתחושותיך ולמה שעובר עליך. ככל שתהיה קשוב יותר לרגשותיך ולתחושותיך, כך ההתמודדות תהיה קלה יותר.$ \r\nהשתדל להיות נאמן לרצונות האמיתיים שלך ולדייק את הבחירות שלך.$ \r\n\r\nהמשך לבנות מבט נכון ובריא על זוגיות ועל המין השני.$ \r\nהמשך לעבוד על ניתוב ואיסוף הכוח המיני לביטוי הנכון שלו ביצירה ובהשפעה, ולייעד אותו לקשר זוגי אמיתי, בריא ומשפחתי.$ \r\nאתה מתחבר יותר ויותר לייחודיות שלך ולהבנה שיש לך תפקיד בלעדי בעולם. ככל שתפתח יותר את אישיותך, כך תחושות ערך וסיפוק ימלאו את חייך.$\r\n', 'אם תתמיד יותר ותסכים לשלם מחירים – תפגוש הרבה יותר הצלחות בחייך, בלימודים, במשפחה ובעבודה.$ \r\nאתה לומד להתגבר על מכשולים בדרך לחלומות שלך. השתדל להציב מטרות ולהפוך אותן ליעד מוחלט. זו הדרך להגיע אליהן.$\r\nעליך לנסות להשתמש יותר בתנאים שיש סביבך כדי לצמוח. אל תתבייש לקבל עזרה.$\r\nעבודה מסודרת של מעקב וזיהוי הגורמים המעכבים אותך יכולה לעזור לך מאוד.$ \r\nהשתדל להגיע מוכן לכל אתגר ומשימה, עם תוכנית פעולה מסודרת, לפי האישיות והדרך שבנית לעצמך.$\r\n', '\r\nככל שתצליח להציב לעצמך יעדים אישיים המתאימים לכישרונות שלך ולתחומים שאליהם אתה מתחבר, כך תחוש סיפוק רב יותר.$\r\nהחלומות שלך כרגע מתבשלים בבטן. נסה להגשים אותם בזה אחר זה, באופן מסודר. זו הדרך אל האושר שלך.$\r\nכשתצליח לשפר את מצב הסחות דעת שאתה חווה בחייך יצאו ממך כוחות אדירים שלא חלמת שיש לך!$ \r\nכדאי לנסות להפחית הסחות, כמו להניח את הטלפון מחוץ לחדר בזמן למידה או יצירה.$ \r\nאתה לומד להשתמש במדיה כדי להביא בעזרתה כישרונות, תכונות, רעיונות ומיזמים שלך לידי ביטוי.$\r\nנסה להשתמש בכלי המדיה כדי להוציא אל הפועל את היכולות המיוחדות שלך.  אל תיתן להם לטשטש את הגוון המיוחד שיש לך להביא לעולם. חשוֹב עצמאי, מקורי ויצירתי והשתדל להיות נאמן לערכיך ולדעותיך.$\r\nככל שתעמיק ותלמד מה הם הדברים החשובים לך באמת, מהו המצפן הפנימי שלך, כך תצליח לכוון את חייך לעבר החלטות מספקות ובוגרות, שיכניסו להם עומק ואנרגיה.$ \r\n'),
(69.99, 'אתה משתדל לתת לרצונות האמיתיים שלך להוביל ואתה לא נסחף אחרי ה\'בא לי\'. אתה לומד להשתחרר מהסחות דעת ולהשתמש נכון יותר במשאבי הזמן והיכולת שלך. $ \r\nנסה להימנע מפיזור ומזמינות סלולרית גבוהה. נסה להיות נוכח יותר כאן ועכשיו. מה הדברים שבאמת נכונים לך כרגע?$  \r\nאתה בצמיחה! המדיה היא כלי להתקדמות ולהתייעלות בחייך.$\r\nתחושות של חוסר נוחות לא מוציאות אותך מאיזון, אתה יודע לעבוד איתן. \r\nאתה משתדל להילחם במה שמשעבד אותך ולהשתחרר ממנו. \r\nעוד קצת מאמץ ואתה מצליח לצאת לחופשי.$\r\n\r\n', 'בתוכך יש אוצר של יופי ואתה יודע את זה! \r\nאתה מתקדם בזיהוי התכונות הטובות הקיימות בך.$ \r\nאתה מודע לאתגרים ולכאבים שבחייך ויש לך רצון למצוא כיוון ודרך.$\r\nמגלישת גלים ועד לימודי רפואה – אתה מתאהב בחלומות שלך ולומד לתת להם מקום. מתפתחת אצלך התשוקה שחלומותיך יתגשמו.$\r\nלאט־לאט אתה בונה זהות ברורה ויציבה. אתה יודע להצביע על התכונות ועל ההרגלים שנכון שיהיו חלק מאישיותך ועל אלה שמהם היית שמח להיפרד.$  \r\nאתה מבין מה אתה באמת מחפש בעולם. הצורך העמוק שלך בשייכות, בהערכה, במשמעות ובמימוש עצמי מתברר לך.$\r\nאתה נעשה קשוב לרגשות, לצרכים ולקשיים שלך. אתה פחות ציני ויותר ישיר עם עצמך.$ \r\nעדיין קשה לך ברגעים של \'לבד\' עם עצמך. נסה להתנתק לפעמים מכל המסכים וההסחות ותגלה עולם פנימי עשיר שמחכה לך.$\r\nאתה מתקדם. מיום ליום אתה נאמן יותר לרצונות האמיתיים שלך ומדייק את הבחירות שלך.$ \r\nמתפתח אצלך מבט נכון ובריא על זוגיות ועל המין השני. אתה לומד לנתב ולאסוף את הכוח המיני לביטוי הנכון שלו ביצירה ובהשפעה ומייעד אותו לקשר זוגי אמיתי, בריא ומשפחתי.$ \r\nמעידות נובעות פעמים רבות ממיעוט הקשבה לתחושותיך ולמה שעובר עליך. ככל  שתהיה קשוב יותר לרגשותיך ולתחושותיך, כך ההתמודדות תהיה קלה יותר.$ \r\nאתה מתחבר עוד ועוד לייחודיות שלך ומכיר את הערך ואת התפקיד הבלעדי שלך בעולם.$ \r\n', 'אתה משתדל להתמיד בדרך אל ההצלחה. כוח הרצון שלך מתחזק מיום ליום!$ \r\nאתה לומד להתגבר על מכשולים בדרך לחלומות שלך. אתה מציב מטרות ופועל כדי להשיג אותן. אתה עוד תגיע אליהן.$\r\nאתה עומד מול אתגרי חייך בגבורה. אתה לומד להתחייב ולא לפחד מטעויות.$ \r\nעבודה מסודרת של מעקב וזיהוי הגורמים המעכבים אותך יכולה לעזור לך מאוד.$ \r\nנסה להשקיע יותר בטיפול בקשיים ובהרגלים שליליים, ומכל מעידה תסיק מסקנות לשיפור להמשך.$ \r\nאתה משתדל להשתמש בתנאים שיש סביבך כדי לגדול. את יודע לקבל עזרה כשצריך.$ \r\nאתה מתקדם מאוד בעמידה מול הקשיים והחולשות שלך. אתה פועל יום־יום בהתמדה כדי להיפרד מהרגלים שליליים הפוגעים באיכות חייך.$ \r\nהגורמים המפריעים לך לצמוח לא מייאשים אותך.$ \r\nהשתדל להתייצב לפני האתגרים והמשימות שלך עם תוכנית פעולה מסודרת, ', '\r\nאתה לומד להכיר את האיכויות המיוחדות שלך ואתה עושה המון כדי לפתח אותן ולתת להן ביטוי בכל ממד בחייך.$  \r\nהיום־יום שלך הולך ומתמלא במשמעות. השתדל לתת מעצמך יותר לסובבים אותך – זו הדרך לצמוח.$\r\nאתה בתהליך שגורם לך להיות בריא יותר ושמח יותר. הקשרים החברתיים שלך מתפתחים ונעים יותר להיות בסביבתך. אתה אוהב את הסביבה יותר, אתה חי בעולם טוב יותר.$ \r\nאתה מאמץ הרגלי שימוש נכונים בכלי המדיה. אתה מביא בעזרתם כישרונות, תכונות, רעיונות ומיזמים שלך לידי ביטוי.$\r\nאל תיתן למדיה לטשטש את הגוון המיוחד שיש לך להביא לעולם. חשוֹב עצמאי, מקורי ויצירתי והשתדל להיות נאמן לערכיך ולדעותיך.$\r\nאתה לומד לכתוב את סיפור חייך בהתאמה לאיכויות, לתכונות ולכישרונות המיוחדים לך.$\r\nאתה רוכש כלים להגיע להחלטות בחיים בצורה שקולה, רצינית ונבונה, על פי שאיפותיך וייעודך ולפי המצפן הפנימי שלך.$  \r\n'),
(100.00, 'כמו טייס קרב מיומן ומנוסה – אתה בשליטה! $\r\nיש לך יכולת לזהות דחפים חולפים ורצונות עמוקים ולהבדיל ביניהם, כמו גם בין עיקר ובין טפל. אתה לא נותן לחשקים הקטנים של \'בא לי\' להשתלט עליך.$\r\nאתה יותר ממוקד, יותר חופשי. יכולת השליטה במחשבות, במשאבים ובזמן שלך גדולה. אתה לא תלוי בגירויים חיצוניים. אתה מסוגל להתנתק בשביל לפגוש את עצמך.$ \r\nאתה לא נותן להתראות שקופצות באינסטגרם ובווצאפ לסחרר אותך. אתה משתחרר יותר ויותר מהסחות דעת ומסוגל לעסוק בדברים שחשובים לך באמת.$ \r\nלמדת להציב לעצמך גבולות כדי לבנות את המקום הפנימי שלך, אתה מפתח יכולת של דחיית סיפוקים ואיפוק.$ \r\n\r\nאתה בצמיחה! המדיה עבורך היא כלי להתקדמות ולהתייעלות בחיים, ולא גורם מרכזי לפיזור ולבזבוז של זמן יקר.$ \r\n\r\nאתה לא נותן לייאוש למוטט את העמידה שלך – אתה משתדל להתקדם תמיד. בחרת לא להיות קורבן לנסיבות החיים.$\r\nאתה מנהיג שינוי מבורך בחייך!$\r\n\r\n', 'בתוכך יש אוצר של יופי ואתה יודע את זה! \r\nאתה מצליח לזהות את התכונות הטובות הקיימות בך.$ \r\nמגלישת גלים ועד לימודי רפואה - אתה מתאהב בחלומות שלך. למדת לתת להם מקום ויש לך תשוקה עזה להגשים אותם.$\r\nאתה בונה זהות ברורה ויציבה. אתה יודע להצביע באופן ברור על התכונות ועל ההרגלים שנכון שיהיו חלק מאישיותך, ועל אלה שמהם היית שמח להיפרד.$  \r\nאתה מבין מה אתה באמת מחפש בעולם. הצורך העמוק שלך בשייכות, בהערכה, במשמעות ובמימוש עצמי התברר לך.$\r\nלמדת להבין מה הכאבים וחוסר הנוחות בחייך מספרים לך. אתה מזהה את הצרכים שלך, מכיר בהם ויודע לתת להם מענה משמעותי ועמוק.$ \r\nאתה מבין מה מניע אותך רגשית, מה משפיע עליך ואיך אפשר להתמודד, לתעל ולמנף את רגשות. אתה חווה חיבור בין הגוף לנפש ומבין את ההשפעה ההדדית בין תחושותיך וצורכי גופך.$  \r\nיש לך מבט נכון ובריא על זוגיות ועל המין השני. אתה מצליח לנתב ולאסוף את הכוח המיני לביטוי הנכון שלו ביצירה ובהשפעה ומייעד אותו לקשר זוגי אמיתי, בריא ומשפחתי.$ \r\nאתה מחובר לייחודיות שלך.$ \r\nאתה מבין את הערך ואת התפקיד הבלעדי שלך בעולם.$ \r\n', 'יש לך סטנדרטים גבוהים. גם אם יהיה קשה להשיג את התואר הראשון בהנדסת חשמל אתה מוכן להתמיד, לשלם מחירים ולהשקיע בדרך להצלחה.$ \r\nאתה יודע להתגבר על מכשולים בדרך לחלומות שלך. אתה מציב מטרות והופך אותן ליעד מוחלט. אתה עוד תגיע אליהן.$\r\nאתה עומד מול אתגרי חייך בגבורה. אתה לא חושש להתחייב ולא מפחד לטעות וללמוד. אתה מטפל בבעיות ולא בורח מהן.$ \r\nאתה משתמש בכל התנאים שיש סביבך כדי לגדול. אתה לא מפחד מפדיחות או מעבודה קשה בדרך ליעדים. אתה יודע לקבל עזרה כשצריך.$ \r\nאתה מוכן לעמוד מול הקשיים והחולשות שלך. אתה פועל יום־יום בהתמדה כדי להיפרד מהרגלים שליליים הפוגעים באיכות חייך.$  \r\nקשה לתפוס אותך לא מוכן. יש לך תוכנית פעולה מסודרת לכל אתגר ומשימה, לפי האישיות והדרך שבנית לעצמך.$ \r\n', 'אתה מכיר את האיכויות המיוחדות שלך, ואתה עושה המון כדי לפתח אותן ולתת להן ביטוי בכל ממד בחייך.$  \r\nהיום־יום שלך מלא במשמעות. אתה נותן מעצמך לסביבה והסביבה מקבלת ממך. אתה בצמיחה!$ \r\nאתה בריא יותר, שמח יותר, מסופק. הקשרים החברתיים שלך מתפתחים. נעים להיות בסביבתך. אתה אוהב את הסביבה יותר, אתה חי בעולם טוב יותר.$ \r\nאתה משתמש בכל הכלים שיש למדיה להציע כדי להוציא אל הפועל את היכולות המיוחדות שלך. בעזרתה אתה מביא כישרונות, תכונות, רעיונות, ומיזמים שלך לרמה הרבה יותר משוכללת ומגיע להרבה יותר אנשים. אתה מנצל כל הזדמנות כדי לצמוח.$ \r\nאתה לא נותן למדיה לטשטש את הגוון המיוחד שיש לך להביא לעולם.$\r\nאתה נאמן לסטורי הפנימי שלך. אתה כותב את סיפור חייך בהתאמה לאיכויות, לתכונות ולכישרונות המיוחדים לך.$\r\nאתה מקבל החלטות בחיים בצורה שקולה, רצינית ונבונה, על פי שאיפותיך וייעודך ולפי המצפן הפנימי שלך. $ \r\n');

-- --------------------------------------------------------

--
-- Table structure for table `goals_or_habits`
--

CREATE TABLE `goals_or_habits` (
  `user_name` varchar(45) CHARACTER SET utf8mb4 COLLATE utf8mb4_unicode_ci NOT NULL,
  `goals_selected` tinyint NOT NULL,
  `max_goals` int DEFAULT NULL
) ENGINE=InnoDB DEFAULT CHARSET=utf8mb4 COLLATE=utf8mb4_unicode_ci;

--
-- Dumping data for table `goals_or_habits`
--

INSERT INTO `goals_or_habits` (`user_name`, `goals_selected`, `max_goals`) VALUES
('0DgU9oGOFmgcOmzrNgsY72RaZC03', 0, 0),
('0IdT1YAOAGRzZy6EU72UHNvmGU62', 0, 0),
('0IgiD7h1kugXRU6jpezGW75t4902', 0, 0),
('0PS2VFROkfWCZYNFrryK6XGGJhJ3', 0, 0),
('0Q66oDZb5nMvwqCtaRuUkXpX0eF2', 0, 0),
('17wAhPD6mBhclFMal8j1wRxAPLg2', 1, 0),
('1SGoTzsyJvN5rnKVWPwe4JXRqmC2', 0, 0),
('2kgdv2K1i1PMkoOyRD5HXbeG2cm2', 0, 0),
('35ka6o5NriU1Vvlk7n4V3zs2uov1', 0, 0),
('3FZJykbVqyPvBeiEVrs523pUJbT2', 0, 0),
('3oX8FA1otINC2Uw4IV7E3MGeiF03', 0, 0),
('3t52P2KLiCTykBcbjY48KZdk5HC2', 0, 0),
('45brltx57cPlQRfw9KAXa4Ibrhs2', 0, 10),
('47LGRMhyKzPeObkh9p02mvyNIEB2', 0, 0),
('4BipXDaHtsRrg6hf7hKH6kdSXv33', 0, 0),
('4uucFtmS2EVqA5THjfhVJatfEBh2', 0, 0),
('58PdymRLS1dgjeXF7oQSSLcAMNG2', 0, 0),
('5gQFnmhyCPPGKNZiADe7GyHeb0g1', 0, 0),
('5SpgsTJIdsPLqiiyAqrU8848SEp1', 0, 0),
('5WhhBdjadrMzSGmvju9zLz4RRpQ2', 0, 0),
('63Bd2HQEC8NmU8XRT9ULj7HdOba2', 0, 2),
('6T3BeaY9fRPZlpzCOBsv5XTJ4Py2', 0, 0),
('6YcTMa6u5xScwJxuaNjo6aGNuvA2', 0, 0),
('7B3PNvKwgDa55hqCfk0KhR2kb4H2', 0, 0),
('7Cv2ik1ChLet0RGxtikzOMybQ1V2', 0, 0),
('8I52zbAPgvX3JsgHpJRdmANbpj32', 0, 0),
('8n2FZfXZpvbKXIpXUQpTOWVldzQ2', 0, 0),
('92wrsmrU9VhzX9V4C6mI1kXu79L2', 0, 0),
('95c5RzBHp4cLgHQgVxJiWsrdln03', 0, 0),
('96YQs1VQUaVyLWylZCtbp5rzf4w2', 0, 0),
('9vvR6AXDRVZGwwaWd2evl5HH5Bk1', 0, 0),
('a05fl3dgVBaI6eSfaLKmNk6iEal2', 0, 0),
('AhIX5gSsTVd30wcwjTwhV10IT8d2', 0, 0),
('akn6Rbzl1LNIzimTlanmR2vMJX43', 0, 0),
('ASrIVL99JXWAkHmhZ51swSJXQss2', 0, 0),
('b3tRjox8bwN4C34jdd1BeEQPHd72', 0, 0),
('cEnlJyExb1PRLk4QPSgqhXZ0BkB2', 0, 0),
('Coelky4nVFNrgt6hT3qV1m79nyF2', 0, 0),
('CV4zQlmGsCWdqso3YK0TQWm3O0i1', 0, 0),
('CwBSkcRDaENoLVwIOI8Xfi4lfJh2', 0, 0),
('cYW2XYi2dVPm3EPOQj4TXzIXmdg1', 0, 0),
('D4yzIApfj5cc3BO7pMPtHqIZqFq1', 0, 0),
('DF33cot2aJaGAvSy7JhtvaPggJt2', 0, 0),
('DMc9qjl3cQQms7moyPBBiN7VIo33', 0, 0),
('Do51986Ce8fFERgsHtv1AbYVmHn1', 0, 0),
('DoIaeBjlTJclPNBJHdp6fVpyXOO2', 0, 0),
('Dxc5LAANoESCvydxgHPPl09iyQs1', 0, 0),
('e4NQktRpClgxtFKjd6329S6Hw9B3', 0, 0),
('E51oXZEVQEYGP0o4JCx8Tm8wRrp1', 0, 0),
('E8JSiauB2rerJs6tp8JWPsFRCR52', 0, 3),
('ecpjdHR3z7PTG8c04mJLMHpn9Dk1', 0, 0),
('ehQvdZrbn7gyOafbahztto0AYON2', 0, 0),
('EmioWlbVxNM7n6QUvqDjFZDGRTM2', 0, 0),
('enZNylSoTKbfvZE4yyeJz7gpIpe2', 0, 0),
('ETQLrCAQ0kbKpuTkY5GOFpqRHmE3', 0, 0),
('F5fMh3BRxDSAy6on8nfOU71mEhO2', 0, 0),
('g0PWSbqov3YvuhPWW6nxk86qJ3v2', 0, 0),
('G5Ow2YhM5JZqPuRIiljlwVzywkd2', 0, 0),
('gEve5j5GKbQQrSIdCAH7oKvTlHl2', 0, 0),
('gLCaBBULWZZW5IRffOuFwp87QbI2', 1, 15),
('GWxDWmnzIoUu7r5cKeZ5xXx4Ko93', 0, 0),
('H0ezZDWeJ5X4mWPlRd5n96dyj392', 0, 7),
('HLLRZrvDuMccFfB3LP8HEvlJAi82', 0, 12),
('HOVGGlTUDwXTvWfoIFW4E3ZGMSV2', 0, 0),
('Hpz5BAEXO5auyp9yR6dvvDEJmvH2', 0, 0),
('HtzgSKvXNLaTAakqFnmVXyIReb32', 0, 0),
('iL3ditUu7UWtahAZ9HP6gcJoorL2', 0, 0),
('iMTWykj6hyYesaLfAXj1lUDMcy72', 0, 0),
('Ixgc7iPitrgmDiGNMSfDUrzGeAs1', 0, 0),
('IzJrv2b5UpWCccpFhjMEHC9f8oA2', 0, 0),
('jcijW43U65ZPhDvWzStEi5zaOQW2', 0, 0),
('jfgXU3cFC1etYH5yBETwmVgOIcx1', 0, 0),
('jVx9ogx9Z9YNEgtQaSEMJsPrtIu1', 0, 0),
('K03iLq1pZTT97AalFoqfYKvQF7I2', 0, 0),
('KbPNSdAePocWeYH64t2HgX0EaTL2', 0, 0),
('KEE2ZwAbdRNTNwyZcNcYOHH3Ih72', 1, 0),
('l2GP9wiGXnadvnk2t0egiWEfu813', 0, 0),
('l5ax3fHhs6PjRgTtkJOnhgrQa6R2', 0, 0),
('LL7R23WgjueLyFpdxV8IAhzWd4Y2', 0, 0),
('lUEt4JGw7WZbXnbnguVblPsKf7D2', 0, 0),
('m1yApzE76Rg4dEIsf2p3lnpqTsT2', 0, 0),
('m61QE0k8N9ZOqPWicraBeK2tYV13', 0, 0),
('mC1eDMhfsxUGFagf3yILMKrBR0T2', 0, 0),
('MOvsVOa7nbWjkffEW0QYYocsrxf1', 0, 0),
('mr0mmocTtJecX9ieTi5kT2E4rAM2', 0, 0),
('MrzjM8JcY8adN2xPvqWOSqvaiev1', 0, 0),
('MWUGpxJjwAfALyWlpbqcIrzWP4h2', 0, 0),
('NB7bzNBDIeNJBgjgZqE69jrQxaV2', 0, 0),
('nib9JBioagWHhxMwY4c5QVpfToQ2', 0, 0),
('NSuR6ibo0NT3TLjWdsA33C4XXEp2', 0, 0),
('OQjgaNb9wwSMcbiY1sEoDdOLaF92', 0, 10),
('oUok9OuG0UWZPUyQrpKHgtP2Iwa2', 0, 0),
('pct3dVisGrZm1hWeMnKsfhMFFYo2', 0, 0),
('Ph7otTef17Xh5KnyXRtHCwadMeD2', 0, 0),
('pianHmhL9rT1xwLgKjPHJb5uEgw1', 0, 0),
('POq0HHXqFyPwwBRfQxAYc4CzbYs1', 0, 12),
('qa8ACwwfFoZf1OC8um9ZUl0BhMa2', 0, 0),
('qI58MT8562ZR7iXz4v0BuarFatF3', 0, 0),
('qT4wnzRruKW45emSXYKhniu80xF3', 0, 0),
('qVOR6zyDbDaanUnr74mATbu2BKy1', 0, 0),
('QxtwObTLP3U4LF2oBt5lHNQM5iq1', 0, 0),
('qXyqNm2uerTR9DOyNh1GqimsT0h1', 0, 0),
('qz7QAqdMYGfh0wffZBy4uA1vxPx1', 0, 0),
('rg1sSmvoTZaWWAMRjkl7YjUGSH42', 0, 0),
('rKmL7mpyl5duBt5f5C6LWESmVNR2', 0, 0),
('rM7HKoEkjCVXbHDCH3GE5LHu2ez1', 1, 0),
('RMeCsoKX7gdj5Mdq2Yow5WMd3mz2', 0, 0),
('Rqy5aRqlEoa0ACOuhfPk4Uj0uwm2', 0, 0),
('rurUF8WQKITIIdoQjym1Vd74W8F3', 0, 0),
('rzH2S3a70zNHng6riSte8vJD78R2', 0, 0),
('scogk9yuBjMZ8xwTX4vZyRw4mKt1', 0, 0),
('SdLpbVit4ET6WjwULZQSnHRelJd2', 0, 0),
('sHJk46oxSLaQK8JQCxoO34z5D2n2', 0, 0),
('Sjy5o4Sg0vUwkRDece2xe47iNTr1', 0, 0),
('SOPzXW9IOTNG9o8UEt1NL3lbnnv2', 0, 7),
('SW8TmNXAc5e4PGIzFyl2J5d2OC12', 0, 0),
('tC1G6XaAR6RLV0gZRkThL2ffOhG2', 0, 0),
('TdTj3azccUPFKXMfrgBiZuze5z02', 0, 0),
('tHm8oCE4GRYP3dR9MFL3aDR4de52', 0, 0),
('tN4DEVp3YKbeqK9iskDvNFnPl1p2', 0, 0),
('Tn4XBayXFedfLHZOqV87DXWT1VE3', 0, 0),
('TNv8CXSm2IdCj18wRHjA0L5FSdS2', 0, 0),
('tNWuZxbecxMeLQQw2aPVtSCMr493', 0, 0),
('Tpzwr3odxXS7fbZJkjgi8gPACCA3', 0, 0),
('TyaVe3jPhuWjT4ET8JDbxoaKSmd2', 0, 0),
('U5VSpGFK49SEuHq1QgPdxoiJFSY2', 0, 0),
('UEWSZo6YTISzxVjV9NkYdpaxSi62', 0, 0),
('uPQqRvsLF0MWdclJq0hJUB01h3q2', 0, 0),
('UpYRO9YIxOVqxie082gOtQRsmLY2', 0, 0),
('uWO574sE4jYqee7h5ttxf2cTU3m1', 0, 0),
('V0YfGijEysZqhW5mb0BK3gldvvt1', 0, 0),
('v45ZhPcSsnMC76sjU3WfvZNCA1n1', 0, 0),
('VFQk6XnuXAPPW0NKqMiJgaNlS273', 1, 14),
('VnKBx1QQNOZvNU0PTxUZdFdSeTA3', 0, 0),
('VZHbY1harle0JHDZd09PFSbBmZy2', 0, 0),
('W13AtoSU40gK5PUQhVVFx9ZnJcg2', 0, 0),
('Wev6RMYDoVQdsuxcaBLNTkxHf932', 0, 0),
('WOGoI5e7hmO1anrxDVEDS9KWpEf2', 0, 0),
('wvK9dk8dVCgDaCgnC3lMr5ynu3H2', 0, 0),
('x5JkuwEVRUcPNKIKmzFfleDkRGH2', 0, 0),
('XAC2SSf7DhXurn4znl5c4a7MaLZ2', 0, 0),
('xMAN6GPCzARspFWVXF094UaqVRk2', 0, 0),
('xRKUTJoAxWePYW9nu2MwdC6Fish2', 0, 0),
('xSZ2B3yre7cQyyJ31Z4TgKVWcgj2', 0, 0),
('xUYB97MQDifxKNZCBJk63YNE3Wz2', 1, 3),
('y15gOSyf0LatHxc3tpxg59DFnaM2', 0, 0),
('y2d7CiPJWyUNEjePzswq3xGq3552', 0, 0),
('yFaFZkhNM7YItelLm57g7xFzzza2', 0, 0),
('YFPiph0OL3egYKbbWWLqgyjJN973', 0, 0),
('YRQGhlsT14Z6vGk0FzoMC5GNSXD2', 0, 0),
('yuycXXL66cbHvHnLEIPl0wit5Z83', 0, 0),
('Zeiy0PORpXTN8uzTMo4pmiSoNAy2', 0, 0),
('zHxCRGdWObbyNJ5gbg0fbx5CuLf2', 0, 0),
('zjD9Xo9ynTUPv5XjVfuK33vK9lv2', 0, 0),
('ZmIb8DaeoqVVWABSpQaSGTt6p722', 0, 0),
('Zn02bpDlfnTqVOHBRzU8JUk5Xh92', 0, 0),
('zNgjBui64IfnSIHoSAJnEWJpIqn1', 0, 0),
('zRVJdDEuCJd3o6A3o0wqMc2HtBW2', 0, 0),
('zuomEf1n8Ob2OsXKMiz8iq5gRfx1', 0, 0);

-- --------------------------------------------------------

--
-- Table structure for table `points_max`
--

CREATE TABLE `points_max` (
  `chapter_id` int NOT NULL,
  `your_control` decimal(3,2) NOT NULL,
  `connection_to_yourself` decimal(3,2) NOT NULL,
  `commitment_to_success` decimal(3,2) NOT NULL,
  `self_fulfillment` decimal(3,2) NOT NULL
) ENGINE=InnoDB DEFAULT CHARSET=utf8mb4 COLLATE=utf8mb4_unicode_ci;

--
-- Dumping data for table `points_max`
--

INSERT INTO `points_max` (`chapter_id`, `your_control`, `connection_to_yourself`, `commitment_to_success`, `self_fulfillment`) VALUES
(1, 0.00, 1.00, 0.00, 0.00),
(2, 0.00, 1.00, 0.00, 0.00),
(3, 0.00, 0.00, 1.00, 0.00),
(4, 0.00, 0.00, 1.00, 0.00),
(5, 0.00, 1.00, 1.00, 0.00),
(6, 0.00, 1.00, 1.00, 0.00),
(7, 0.00, 1.00, 0.50, 0.50),
(8, 0.00, 1.00, 1.00, 0.00),
(9, 2.00, 0.00, 0.00, 0.00),
(10, 1.00, 3.00, 0.00, 0.00),
(11, 2.00, 2.00, 5.00, 5.00),
(13, 0.00, 0.00, 0.50, 1.50),
(14, 0.75, 0.75, 0.50, 0.00),
(15, 0.50, 0.50, 0.00, 0.00),
(16, 1.20, 1.20, 0.00, 0.60),
(17, 2.00, 1.00, 0.00, 0.00),
(18, 2.80, 1.00, 1.00, 0.20),
(19, 0.90, 0.00, 0.20, 0.90),
(20, 0.00, 0.00, 3.00, 0.00),
(21, 0.00, 0.00, 2.00, 0.00),
(22, 1.00, 1.00, 0.00, 0.00),
(23, 3.00, 3.00, 3.00, 0.00),
(24, 7.00, 2.00, 5.00, 0.00),
(25, 1.00, 0.00, 2.00, 0.00),
(26, 1.00, 1.00, 0.00, 0.00),
(27, 0.00, 2.00, 0.00, 0.00),
(28, 0.00, 1.20, 0.60, 1.20);

-- --------------------------------------------------------

--
-- Table structure for table `points_max2`
--

CREATE TABLE `points_max2` (
  `chapter_id` int NOT NULL,
  `your_control` int NOT NULL,
  `connection_to_yourself` int NOT NULL,
  `commitment_to_success` int NOT NULL,
  `self_fulfillment` int NOT NULL
) ENGINE=InnoDB DEFAULT CHARSET=utf8mb4 COLLATE=utf8mb4_unicode_ci;

--
-- Dumping data for table `points_max2`
--

INSERT INTO `points_max2` (`chapter_id`, `your_control`, `connection_to_yourself`, `commitment_to_success`, `self_fulfillment`) VALUES
(1, 0, 1, 0, 0),
(2, 0, 1, 0, 0),
(3, 0, 0, 1, 0),
(4, 0, 0, 1, 0),
(5, 0, 4, 3, 0),
(6, 0, 4, 3, 0),
(7, 0, 4, 2, 3),
(8, 0, 2, 3, 0),
(9, 4, 0, 0, 0),
(10, 4, 8, 0, 0),
(11, 4, 4, 10, 10),
(12, 4, 4, 10, 10),
(13, 0, 0, 2, 5),
(14, 3, 3, 1, 0),
(15, 1, 1, 0, 0),
(16, 2, 2, 0, 1),
(17, 0, 0, 4, 0),
(18, 14, 6, 8, 4),
(19, 6, 0, 2, 6),
(20, 0, 0, 10, 0),
(21, 2, 4, 0, 0),
(22, 14, 14, 14, 0),
(23, 14, 4, 10, 0),
(24, 2, 0, 4, 0),
(25, 3, 2, 0, 0),
(26, 0, 3, 0, 0),
(27, 0, 2, 1, 2);

-- --------------------------------------------------------

--
-- Table structure for table `setting`
--

CREATE TABLE `setting` (
  `key` varchar(30) CHARACTER SET utf8mb4 COLLATE utf8mb4_unicode_ci NOT NULL,
  `explanation` varchar(200) CHARACTER SET utf8mb4 COLLATE utf8mb4_unicode_ci NOT NULL,
  `value` varchar(45) CHARACTER SET utf8mb4 COLLATE utf8mb4_unicode_ci NOT NULL
) ENGINE=InnoDB DEFAULT CHARSET=utf8mb4 COLLATE=utf8mb4_unicode_ci;

--
-- Dumping data for table `setting`
--

INSERT INTO `setting` (`key`, `explanation`, `value`) VALUES
('email_sender', 'כתובת אימייל שממנה נשלח הודעות אוטומטיות', 'lokchimAchraiut.noReplay@gmail.com'),
('email_sender_password', 'סיסמת אימייל שממנה נשלחים הודעות אוטומטיות', 'israelOnly'),
('reciver_email_address', 'כתובת אימייל שאליה ישלחו הודעות ממשתמשים', 'jacov141@gmail.com');

-- --------------------------------------------------------

--
-- Table structure for table `user`
--

CREATE TABLE `user` (
  `user_name` varchar(45) CHARACTER SET utf8mb4 COLLATE utf8mb4_unicode_ci NOT NULL,
  `is_admin` tinyint NOT NULL,
  `date_of_birth` date DEFAULT NULL,
  `date_of_registering` date DEFAULT NULL,
  `filled_feedback` tinyint DEFAULT NULL,
  `user_first_name` varchar(45) CHARACTER SET utf8mb4 COLLATE utf8mb4_unicode_ci DEFAULT NULL,
  `user_last_name` varchar(45) CHARACTER SET utf8mb4 COLLATE utf8mb4_unicode_ci DEFAULT NULL,
  `display_name` varchar(30) CHARACTER SET utf8mb4 COLLATE utf8mb4_0900_ai_ci DEFAULT NULL,
  `email` varchar(30) CHARACTER SET utf8mb4 COLLATE utf8mb4_0900_ai_ci DEFAULT NULL
) ENGINE=InnoDB DEFAULT CHARSET=utf8mb4 COLLATE=utf8mb4_unicode_ci;

--
-- Dumping data for table `user`
--

INSERT INTO `user` (`user_name`, `is_admin`, `date_of_birth`, `date_of_registering`, `filled_feedback`, `user_first_name`, `user_last_name`, `display_name`, `email`) VALUES
('0DgU9oGOFmgcOmzrNgsY72RaZC03', 0, NULL, '2021-03-04', NULL, NULL, NULL, 'סער חלק', 'saar.j.z.h@gmail.com'),
('0IdT1YAOAGRzZy6EU72UHNvmGU62', 0, NULL, '2021-04-13', NULL, NULL, NULL, 'אלנתן גוטוירט', 'elnagw@gmail.com'),
('0IgiD7h1kugXRU6jpezGW75t4902', 0, NULL, '2022-03-31', NULL, 'tim', 'pasichnuk', NULL, 'timkapva1@gmail.com'),
('0PS2VFROkfWCZYNFrryK6XGGJhJ3', 0, NULL, '2022-01-31', NULL, 'פלג', 'שולץ', NULL, 'peleg.shultz123@gmail.com'),
('0Q66oDZb5nMvwqCtaRuUkXpX0eF2', 0, NULL, '2020-12-30', 0, NULL, NULL, NULL, NULL),
('17wAhPD6mBhclFMal8j1wRxAPLg2', 0, NULL, '2022-01-24', NULL, NULL, NULL, 'אמיתי אביגזר#office', 'amitay78910@gmail.com'),
('1SGoTzsyJvN5rnKVWPwe4JXRqmC2', 0, NULL, '2021-02-17', NULL, NULL, NULL, 'אריאל אשכנזי', 'matanni@gmail.com'),
('2kgdv2K1i1PMkoOyRD5HXbeG2cm2', 0, NULL, '2021-01-28', NULL, 'הראל', 'אונגר', NULL, 'harel.uonger@gmail.com'),
('35ka6o5NriU1Vvlk7n4V3zs2uov1', 0, NULL, '2021-05-10', NULL, NULL, NULL, 'גלעד מאור', 'giladmm7@gmail.com'),
('3FZJykbVqyPvBeiEVrs523pUJbT2', 0, NULL, '2021-04-29', NULL, NULL, NULL, 'אביתר אוחנה', 'evyatark4@gmail.com'),
('3oX8FA1otINC2Uw4IV7E3MGeiF03', 0, NULL, '2021-08-05', NULL, NULL, NULL, 'Efrat Bulka', 'bulka1@gmail.com'),
('3t52P2KLiCTykBcbjY48KZdk5HC2', 0, NULL, '2021-04-26', NULL, NULL, NULL, 'אוריה קורן', 'oriya.koren@gmail.com'),
('45brltx57cPlQRfw9KAXa4Ibrhs2', 0, NULL, '2021-01-01', 0, 'kjjk', 'ssss', NULL, NULL),
('47LGRMhyKzPeObkh9p02mvyNIEB2', 0, NULL, '2021-02-04', NULL, NULL, NULL, 'yehuda Friedlander', 'yehudaten10@gmail.com'),
('4BipXDaHtsRrg6hf7hKH6kdSXv33', 0, NULL, '2021-02-17', NULL, NULL, NULL, 'yedidya Furman', 'yedidfur@gmail.com'),
('4uucFtmS2EVqA5THjfhVJatfEBh2', 0, NULL, '2021-05-26', NULL, 'Hh', 'Hh', NULL, 'hh@gm.com'),
('58PdymRLS1dgjeXF7oQSSLcAMNG2', 0, NULL, '2021-02-16', NULL, 'חגי', 'אלעזר', NULL, 'hagayelazar@gmail.com'),
('5gQFnmhyCPPGKNZiADe7GyHeb0g1', 0, NULL, '2020-12-31', 0, NULL, NULL, NULL, NULL),
('5SpgsTJIdsPLqiiyAqrU8848SEp1', 0, NULL, '2021-01-19', NULL, 'בנימין', 'פרדמן', NULL, 'binya@gmail.com'),
('5WhhBdjadrMzSGmvju9zLz4RRpQ2', 0, NULL, '2021-04-28', NULL, 'דוד', 'סעיד', NULL, 'davidsaidbh@gmail.com'),
('63Bd2HQEC8NmU8XRT9ULj7HdOba2', 0, NULL, '2021-01-11', 0, NULL, NULL, NULL, NULL),
('6T3BeaY9fRPZlpzCOBsv5XTJ4Py2', 0, NULL, '2021-01-01', 0, 'jac', NULL, NULL, NULL),
('6YcTMa6u5xScwJxuaNjo6aGNuvA2', 0, NULL, '2021-02-10', NULL, 'נאור', 'אבו', NULL, 'naornachshon12@gmail.com'),
('7B3PNvKwgDa55hqCfk0KhR2kb4H2', 0, NULL, '2021-04-15', NULL, NULL, NULL, 'יצחק ווייס', 'yitzhak4484@gmail.com'),
('7Cv2ik1ChLet0RGxtikzOMybQ1V2', 0, NULL, '2021-02-15', NULL, NULL, NULL, 'שלמה היימן', 'shlomohaiman@gmail.com'),
('7wWYCUNl5mSvpJD5lNmXPh4bh113', 0, NULL, '2020-12-19', 0, NULL, NULL, NULL, NULL),
('8I52zbAPgvX3JsgHpJRdmANbpj32', 0, NULL, '2021-04-26', NULL, 'אוריה ', 'קורן', NULL, 'oriya.koren@gmsil.com'),
('8n2FZfXZpvbKXIpXUQpTOWVldzQ2', 0, NULL, '2021-11-24', NULL, NULL, NULL, 'Dror moshe Lipkin', 'dror.lipkin@gmail.com'),
('8QSkTaRHttOB2T8IO6eNQcLR34J2', 0, NULL, '2021-01-16', NULL, NULL, NULL, NULL, NULL),
('92wrsmrU9VhzX9V4C6mI1kXu79L2', 0, NULL, '2021-01-14', NULL, NULL, NULL, NULL, NULL),
('95c5RzBHp4cLgHQgVxJiWsrdln03', 0, NULL, '2022-03-27', NULL, NULL, NULL, '1orvam', '1orvam@gmail.com'),
('96YQs1VQUaVyLWylZCtbp5rzf4w2', 0, NULL, '2021-01-01', 0, 'Jacob', 'aaa', NULL, NULL),
('9vvR6AXDRVZGwwaWd2evl5HH5Bk1', 0, NULL, '2021-02-15', NULL, 'דוד', 'אסרס', NULL, 'davidasras123@gmail.com'),
('9xiGO9NWSLPCG6MUswXzBXsZkwh2', 0, NULL, '2020-12-24', 0, NULL, NULL, NULL, NULL),
('a05fl3dgVBaI6eSfaLKmNk6iEal2', 0, NULL, '2021-11-24', NULL, NULL, NULL, 'חגי קלמן', 'chagaikal@gmail.com'),
('aaa', 0, NULL, '2020-12-30', 0, 'aaa', 'aaa', NULL, NULL),
('AhIX5gSsTVd30wcwjTwhV10IT8d2', 0, NULL, '2021-01-13', NULL, NULL, NULL, NULL, NULL),
('akn6Rbzl1LNIzimTlanmR2vMJX43', 0, NULL, '2021-11-24', NULL, NULL, NULL, 'יוחאי פזרקר', 'yochip34@gmail.com'),
('ASrIVL99JXWAkHmhZ51swSJXQss2', 0, NULL, '2022-03-04', NULL, 'ירין', 'נגר', NULL, 'yarinnagar1@gmail.com'),
('B2BGJglrypeJb9RFOUFYScR2t282', 0, NULL, '2020-12-18', 0, NULL, NULL, NULL, NULL),
('b3tRjox8bwN4C34jdd1BeEQPHd72', 0, NULL, '2021-05-25', NULL, NULL, NULL, 'בארי רז', 'bryrrz@gmail.com'),
('cEnlJyExb1PRLk4QPSgqhXZ0BkB2', 0, NULL, '2021-11-24', NULL, NULL, NULL, 'נדב בונו', 'bononadav@gmail.com'),
('cK5vG4q1tcdcPgSPNgoSVBFobti2', 0, NULL, '2020-12-18', 0, NULL, NULL, NULL, NULL),
('Coelky4nVFNrgt6hT3qV1m79nyF2', 0, NULL, '2021-01-16', NULL, NULL, NULL, NULL, NULL),
('CV4zQlmGsCWdqso3YK0TQWm3O0i1', 0, NULL, '2021-05-06', NULL, 'פרידלנדר', 'יהודה', NULL, 'yehudanf613@gmail.com'),
('CwBSkcRDaENoLVwIOI8Xfi4lfJh2', 0, NULL, '2021-01-21', NULL, NULL, NULL, 'גד אסא', 'gade7455@gmail.com'),
('cYW2XYi2dVPm3EPOQj4TXzIXmdg1', 0, NULL, '2022-02-04', NULL, 'רחמים', 'מימון', NULL, 'rachamino@gmail.com'),
('D4yzIApfj5cc3BO7pMPtHqIZqFq1', 0, NULL, '2021-06-04', NULL, 'אורי', 'מאנע', NULL, 'orimana1996@gmail.com'),
('DF33cot2aJaGAvSy7JhtvaPggJt2', 0, NULL, '2021-01-15', NULL, NULL, NULL, NULL, NULL),
('DMc9qjl3cQQms7moyPBBiN7VIo33', 0, NULL, '2021-05-06', NULL, NULL, NULL, 'שילה בלזם', 'shilo.balzam@gmail.com'),
('Do51986Ce8fFERgsHtv1AbYVmHn1', 0, NULL, '2022-02-20', NULL, NULL, NULL, 'ניתאי חן ציון', 'nitaychenzion@gmail.com'),
('DoIaeBjlTJclPNBJHdp6fVpyXOO2', 0, NULL, '2021-03-04', NULL, NULL, NULL, 'יסכה כהן', 'yisca2004@gmail.com'),
('Dxc5LAANoESCvydxgHPPl09iyQs1', 0, NULL, '2021-07-15', NULL, NULL, NULL, 'CrazyRoyale', 'mororel345@gmail.com'),
('e4NQktRpClgxtFKjd6329S6Hw9B3', 0, NULL, '2021-06-29', NULL, NULL, NULL, 'אביעד שינוול', 'ybikah@gmail.com'),
('E51oXZEVQEYGP0o4JCx8Tm8wRrp1', 0, NULL, '2022-03-31', NULL, NULL, NULL, 'Ковальчук Дмитро', 'kuzomko21@gmail.com'),
('E8JSiauB2rerJs6tp8JWPsFRCR52', 0, NULL, '2021-02-02', NULL, 'נדב', 'נוילנדר', NULL, 'nadavnoy06@gmail.com'),
('ecpjdHR3z7PTG8c04mJLMHpn9Dk1', 0, NULL, '2022-02-20', NULL, NULL, NULL, 'yoyo gogo', 'yoyo111111123@gmail.com'),
('ehQvdZrbn7gyOafbahztto0AYON2', 0, NULL, '2022-02-22', NULL, NULL, NULL, 'בניה מאורחי', 'benayamaor12@gmail.com'),
('EmioWlbVxNM7n6QUvqDjFZDGRTM2', 0, NULL, '2021-02-20', NULL, NULL, NULL, 'יונתן וגלי אוהב ציון', 'yonatan1261@gmail.com'),
('enZNylSoTKbfvZE4yyeJz7gpIpe2', 0, NULL, '2022-02-08', NULL, NULL, NULL, 'דבורה לאה ברנס', 'lulisuperhero@gmail.com'),
('ETQLrCAQ0kbKpuTkY5GOFpqRHmE3', 0, NULL, '2021-04-21', NULL, 'יוסף', 'מזרחי', NULL, 'yosefmizrahi2018@gmail.com'),
('F5fMh3BRxDSAy6on8nfOU71mEhO2', 0, NULL, '2021-02-25', NULL, 'דליה', 'מרום', NULL, 'dalitmarom45@gmail.com'),
('fpA82njrRafLH5edm9lv0mHa98D2', 0, NULL, '2020-12-27', 0, NULL, NULL, NULL, NULL),
('FZGheSdcWNcWFAajsR8J5cVWOwv2', 0, NULL, '2020-12-19', 0, NULL, NULL, NULL, NULL),
('g0PWSbqov3YvuhPWW6nxk86qJ3v2', 0, NULL, '2022-02-20', NULL, 'אורן', 'בן נעים', NULL, 'or3nb3n@gmail.com'),
('g2eWlVEtD0dTw4WOxB4Uoy1lLF62', 0, NULL, '2020-12-25', 0, NULL, NULL, NULL, NULL),
('G5Ow2YhM5JZqPuRIiljlwVzywkd2', 0, NULL, '2021-05-26', NULL, 'Hh', 'Hh', NULL, 'jac@g.com'),
('gEve5j5GKbQQrSIdCAH7oKvTlHl2', 0, NULL, '2021-05-27', NULL, NULL, NULL, 'Gedalya Carr', 'giddycarr@gmail.com'),
('gLCaBBULWZZW5IRffOuFwp87QbI2', 0, NULL, '2021-01-30', NULL, 'שי', 'כץ', NULL, 'shaykatz1998@gmail.com'),
('gWuWbPpH9KXSQfXWH5jyVnqn85p1', 0, NULL, '2020-12-29', 0, NULL, NULL, NULL, NULL),
('GWxDWmnzIoUu7r5cKeZ5xXx4Ko93', 0, NULL, '2021-04-28', NULL, NULL, NULL, 'Hagay Cohen', 'hagaico100@gmail.com'),
('H0ezZDWeJ5X4mWPlRd5n96dyj392', 0, NULL, '2020-12-30', 0, 'Jacob', 'fred', NULL, NULL),
('HLLRZrvDuMccFfB3LP8HEvlJAi82', 0, NULL, '2021-01-01', 0, 'ddd', 'dsd', NULL, NULL),
('HOVGGlTUDwXTvWfoIFW4E3ZGMSV2', 0, NULL, '2021-03-25', NULL, 'צחי', 'ישראל', NULL, 'yitzchakyu123@gmail.com'),
('HPQeby4z2gMUS48NIZ4IIoDATJ73', 0, NULL, '2020-12-22', 0, NULL, NULL, NULL, NULL),
('Hpz5BAEXO5auyp9yR6dvvDEJmvH2', 0, NULL, '2021-02-03', NULL, 'חננאל', '-זקבך', NULL, 'jbbtk0987654321@gmail.com'),
('hSzBvVJEWVcUnepKCT3scWbyL5U2', 0, NULL, '2020-12-20', 0, NULL, NULL, NULL, NULL),
('HtzgSKvXNLaTAakqFnmVXyIReb32', 0, NULL, '2021-12-27', NULL, 'דוד', 'ספיר', NULL, 'www.divid.com.il@gmail.com'),
('iL3ditUu7UWtahAZ9HP6gcJoorL2', 0, NULL, '2021-02-28', NULL, 'נתן', 'זילברמן', NULL, 'matanzil1992@gmail.com'),
('iMTWykj6hyYesaLfAXj1lUDMcy72', 0, NULL, '2021-01-03', 0, NULL, NULL, NULL, NULL),
('Ixgc7iPitrgmDiGNMSfDUrzGeAs1', 0, NULL, '2021-03-09', NULL, NULL, NULL, 'שילה בכר', '123shilob@gmail.com'),
('IzJrv2b5UpWCccpFhjMEHC9f8oA2', 0, NULL, '2022-03-15', NULL, 'עמנואל', 'פדידה', NULL, 'eyf108642@gmail.com'),
('jcijW43U65ZPhDvWzStEi5zaOQW2', 0, NULL, '2021-01-19', NULL, NULL, NULL, 'Naama Fredman', 'naama141@gmail.com'),
('jfgXU3cFC1etYH5yBETwmVgOIcx1', 0, NULL, '2020-12-30', 0, 'aaa', 'aaa', NULL, NULL),
('jVx9ogx9Z9YNEgtQaSEMJsPrtIu1', 0, NULL, '2021-01-11', 0, NULL, NULL, NULL, NULL),
('K03iLq1pZTT97AalFoqfYKvQF7I2', 0, NULL, '2022-03-26', NULL, 'יוסף חיים', 'אברגימוב', NULL, 'ivragimov.y.h@gmail.com'),
('KbPNSdAePocWeYH64t2HgX0EaTL2', 0, NULL, '2020-12-30', 0, 'bbb', 'bbb', NULL, NULL),
('KEE2ZwAbdRNTNwyZcNcYOHH3Ih72', 0, NULL, '2021-03-14', NULL, NULL, NULL, 'מנחם אביבי', 'avivi.meni@gmail.com'),
('KFzk4W5fILaRncgXHVp1MZhtdlv2', 0, NULL, '2021-01-11', 0, NULL, NULL, NULL, NULL),
('l2GP9wiGXnadvnk2t0egiWEfu813', 0, NULL, '2021-02-15', NULL, 'שילה', 'שיינוביץ', NULL, 'shiloni2006@gmail.com'),
('l5ax3fHhs6PjRgTtkJOnhgrQa6R2', 0, NULL, '2021-06-24', NULL, NULL, NULL, 'Yitzhak Yacov', 'yitzhak.yacov@gmail.com'),
('l86qepHY5oR9md5J73RWwSiibDy1', 0, NULL, '2020-12-30', 0, 'jac', 'fred', NULL, NULL),
('LL7R23WgjueLyFpdxV8IAhzWd4Y2', 0, NULL, '2021-05-25', NULL, NULL, NULL, 'אלעד סומך', 'elsomech@gmail.com'),
('lUEt4JGw7WZbXnbnguVblPsKf7D2', 0, NULL, '2021-02-08', NULL, NULL, NULL, 'שקד אמגר', 'shakedamgar@gmail.com'),
('m1yApzE76Rg4dEIsf2p3lnpqTsT2', 0, NULL, '2021-01-26', NULL, 'אלון', 'כהן', NULL, 'aloncohen52@gmail.com'),
('m61QE0k8N9ZOqPWicraBeK2tYV13', 0, NULL, '2021-01-07', 0, 'jac', 'dd', NULL, NULL),
('mC1eDMhfsxUGFagf3yILMKrBR0T2', 0, NULL, '2022-02-24', NULL, NULL, NULL, 'אליה בן מאיר', 'eliya99975@gmail.com'),
('mlQkjYqmkjePmTXpW7TNbEDpEK43', 0, NULL, '2020-12-28', 0, 'nn', NULL, NULL, NULL),
('MOvsVOa7nbWjkffEW0QYYocsrxf1', 0, NULL, '2021-03-03', NULL, NULL, NULL, 'OPC', 'ylystnbrg@gmail.com'),
('mr0mmocTtJecX9ieTi5kT2E4rAM2', 0, NULL, '2021-01-16', NULL, NULL, NULL, NULL, NULL),
('MrzjM8JcY8adN2xPvqWOSqvaiev1', 0, NULL, '2021-04-25', NULL, NULL, NULL, 'חיים שריייבר', '12chaim34@gmail.com'),
('MWUGpxJjwAfALyWlpbqcIrzWP4h2', 0, NULL, '2021-11-18', NULL, 'משה', 'בן חמו', NULL, '053522m@gmail.com'),
('MyIVOYCfVESZRgX0hPxabI0jnWq2', 0, NULL, '2021-01-11', 0, NULL, NULL, NULL, NULL),
('NB7bzNBDIeNJBgjgZqE69jrQxaV2', 0, NULL, '2022-02-20', NULL, 'ברק ', 'זיידה', NULL, 'crez444@gmail.com'),
('nib9JBioagWHhxMwY4c5QVpfToQ2', 0, NULL, '2022-02-20', NULL, NULL, NULL, 'יואב שחר', 'yoavsh38@gmail.com'),
('NSuR6ibo0NT3TLjWdsA33C4XXEp2', 0, NULL, '2021-03-22', NULL, NULL, NULL, 'אלעד ציון ברדע', 'eladzbar181@gmail.com'),
('o2a8S82kT2fxUc4g4PunWmItLz52', 0, NULL, '2021-01-11', 0, NULL, NULL, NULL, NULL),
('OQjgaNb9wwSMcbiY1sEoDdOLaF92', 0, NULL, '2020-12-21', 0, NULL, NULL, NULL, NULL),
('oUok9OuG0UWZPUyQrpKHgtP2Iwa2', 0, NULL, '2021-05-02', NULL, NULL, NULL, 'טובי הנחוש', 'yediking17@gmail.com'),
('pct3dVisGrZm1hWeMnKsfhMFFYo2', 0, NULL, '2021-11-24', NULL, NULL, NULL, 'אוריאל לסקר', 'orial4321@gmail.com'),
('Ph7otTef17Xh5KnyXRtHCwadMeD2', 0, NULL, '2021-05-06', NULL, 'Ori', '1234', NULL, 'ori.maksev@gmail.com'),
('pianHmhL9rT1xwLgKjPHJb5uEgw1', 0, NULL, '2021-02-25', NULL, NULL, NULL, 'Elie Dordek', 'mishna6@gmail.com'),
('POq0HHXqFyPwwBRfQxAYc4CzbYs1', 0, NULL, '2020-12-30', 0, 'jac', 'fred', NULL, NULL),
('qa8ACwwfFoZf1OC8um9ZUl0BhMa2', 0, NULL, '2021-03-02', NULL, NULL, NULL, 'Elad Fisher', 'fisher055@gmail.com'),
('QB5yOnga9qYgpBkaFjq78lJCwKB3', 0, NULL, '2020-12-26', 0, NULL, NULL, NULL, NULL),
('qI58MT8562ZR7iXz4v0BuarFatF3', 0, NULL, '2021-01-26', NULL, NULL, NULL, 'Bejump', 'eitanhazany@gmail.com'),
('qT4wnzRruKW45emSXYKhniu80xF3', 0, NULL, '2021-11-24', NULL, NULL, NULL, 'נהוראי פנחסוב', 'nehoray467p@gmail.com'),
('qVOR6zyDbDaanUnr74mATbu2BKy1', 0, NULL, '2021-02-22', NULL, NULL, NULL, 'עדי הראל', 'adiharel2005@gmail.com'),
('QxtwObTLP3U4LF2oBt5lHNQM5iq1', 0, NULL, '2021-01-03', 0, NULL, NULL, NULL, NULL),
('qXyqNm2uerTR9DOyNh1GqimsT0h1', 0, NULL, '2021-04-21', NULL, 'עמיחי', 'זליגר', NULL, 'amichayzeliger@gmail.com'),
('qz7QAqdMYGfh0wffZBy4uA1vxPx1', 0, NULL, '2022-03-31', NULL, NULL, NULL, 'Timofiy Pasichnyk', 'timkapva13@gmail.com'),
('rg1sSmvoTZaWWAMRjkl7YjUGSH42', 0, NULL, '2021-05-06', NULL, NULL, NULL, 'shoham naim', 'shohamnaim@gmail.com'),
('rKmL7mpyl5duBt5f5C6LWESmVNR2', 0, NULL, '2021-01-16', NULL, NULL, NULL, NULL, NULL),
('rM7HKoEkjCVXbHDCH3GE5LHu2ez1', 0, NULL, '2020-12-20', 0, NULL, NULL, NULL, NULL),
('RMeCsoKX7gdj5Mdq2Yow5WMd3mz2', 0, NULL, '2021-04-21', NULL, NULL, NULL, 'אורי ליסטמן', 'orilistman123@gmail.com'),
('Rqy5aRqlEoa0ACOuhfPk4Uj0uwm2', 0, NULL, '2022-02-24', NULL, 'אליה', 'מאיר', NULL, 'eliya998@walla.com'),
('rurUF8WQKITIIdoQjym1Vd74W8F3', 0, NULL, '2021-04-19', NULL, NULL, NULL, 'נתן עוקבי', 'ukabi95@gmail.com'),
('rzH2S3a70zNHng6riSte8vJD78R2', 0, NULL, '2021-03-25', NULL, NULL, NULL, 'שלמה דוד אלבוים', 'shlomodavid114@gmail.com'),
('scogk9yuBjMZ8xwTX4vZyRw4mKt1', 0, NULL, '2021-01-01', 0, NULL, NULL, NULL, NULL),
('SdLpbVit4ET6WjwULZQSnHRelJd2', 1, NULL, '2021-01-04', 0, NULL, NULL, NULL, NULL),
('sHJk46oxSLaQK8JQCxoO34z5D2n2', 0, NULL, '2021-04-19', NULL, NULL, NULL, 'יצחק צדוק', 'zahi.zadok@gmail.com'),
('Sjy5o4Sg0vUwkRDece2xe47iNTr1', 0, NULL, '2021-01-01', 0, 'dddk', 'djlll', NULL, NULL),
('SOPzXW9IOTNG9o8UEt1NL3lbnnv2', 0, NULL, '2020-12-19', 0, NULL, NULL, NULL, NULL),
('SW8TmNXAc5e4PGIzFyl2J5d2OC12', 0, NULL, '2021-11-18', NULL, 'משה', 'בן חמו', NULL, '053522m@gmail.l.com'),
('SxOqt2tBzwh3bR9BxsRvUxrqEtZ2', 0, NULL, '2020-12-27', 0, NULL, NULL, NULL, NULL),
('tC1G6XaAR6RLV0gZRkThL2ffOhG2', 0, NULL, '2022-02-11', NULL, NULL, NULL, 'Dina Kaslasi', 'dinakaslasi4@gmail.com'),
('TdeMV0sYjaSMNlX9cEhaQS3Chdg1', 0, NULL, '2020-12-20', 0, NULL, NULL, NULL, NULL),
('TdTj3azccUPFKXMfrgBiZuze5z02', 0, NULL, '2022-02-20', NULL, NULL, NULL, 'פלג אשל', 'pelege2005@gmail.com'),
('tHm8oCE4GRYP3dR9MFL3aDR4de52', 0, NULL, '2021-06-24', NULL, NULL, NULL, 'יונתן לוי', 'levi4011@gmail.com'),
('tN4DEVp3YKbeqK9iskDvNFnPl1p2', 0, NULL, '2021-02-04', NULL, NULL, NULL, 'דולב גליס', 'sukcdkhx888@gmail.com'),
('Tn4XBayXFedfLHZOqV87DXWT1VE3', 0, NULL, '2021-01-18', NULL, 'יעקב', 'פרדמן', NULL, 'jl@test1.com'),
('TNv8CXSm2IdCj18wRHjA0L5FSdS2', 0, NULL, '2021-11-24', NULL, 'איתי ', 'רחמימוב', NULL, 'itay.ra909435@gmail.com'),
('tNWuZxbecxMeLQQw2aPVtSCMr493', 0, NULL, '2022-03-31', NULL, NULL, NULL, 'Vladislav Sorokin', 'vladislav.s@uanvi.com'),
('Tpzwr3odxXS7fbZJkjgi8gPACCA3', 0, NULL, '2021-04-28', NULL, NULL, NULL, 'ישורון אוחנה', 'yeshurun4@gmail.com'),
('TyaVe3jPhuWjT4ET8JDbxoaKSmd2', 0, NULL, '2022-02-24', NULL, NULL, NULL, 'ידידיה פויער - המרכז החינוכי ל', 'info@mmb.org.il'),
('U5VSpGFK49SEuHq1QgPdxoiJFSY2', 0, NULL, '2021-04-16', NULL, NULL, NULL, 'בת ציון אפשטיין', 'batzionep@gmail.com'),
('UEWSZo6YTISzxVjV9NkYdpaxSi62', 0, NULL, '2021-02-18', NULL, NULL, NULL, 'ישעי דנינו', 'ishi@danino.com'),
('uPQqRvsLF0MWdclJq0hJUB01h3q2', 0, NULL, '2022-02-20', NULL, NULL, NULL, 'יהודה אברהם', 'y0505602234@gmail.com'),
('UpYRO9YIxOVqxie082gOtQRsmLY2', 0, NULL, '2021-04-30', NULL, NULL, NULL, 'Itzhak Mizrahi', 'mizrahitzhak@gmail.com'),
('uWO574sE4jYqee7h5ttxf2cTU3m1', 0, NULL, '2021-04-21', NULL, NULL, NULL, 'אורי קוטאי', 'orikutai@gmail.com'),
('V0YfGijEysZqhW5mb0BK3gldvvt1', 0, NULL, '2021-05-10', NULL, NULL, NULL, 'שלומית זימן', 'shlomitganenet@gmail.com'),
('v45ZhPcSsnMC76sjU3WfvZNCA1n1', 0, NULL, '2021-01-03', 0, NULL, NULL, NULL, NULL),
('vFHC6MNKmTOYfXFeI0d4Ry6HorI3', 0, NULL, '2021-01-17', NULL, NULL, NULL, NULL, NULL),
('VFQk6XnuXAPPW0NKqMiJgaNlS273', 0, NULL, '2021-01-12', 0, NULL, NULL, NULL, NULL),
('VnKBx1QQNOZvNU0PTxUZdFdSeTA3', 0, NULL, '2021-01-01', 0, 'aty', 'gg', NULL, NULL),
('VZHbY1harle0JHDZd09PFSbBmZy2', 0, NULL, '2021-11-24', NULL, NULL, NULL, 'יאיר שרעבי', 'yasharabi05@gmail.com'),
('W13AtoSU40gK5PUQhVVFx9ZnJcg2', 0, NULL, '2021-05-02', NULL, NULL, NULL, 'רפאל שירה', 'refael.shira@gmail.com'),
('Wev6RMYDoVQdsuxcaBLNTkxHf932', 0, NULL, '2022-02-06', NULL, NULL, NULL, 'Net Karavani', 'netanel11141@gmail.com'),
('WOGoI5e7hmO1anrxDVEDS9KWpEf2', 0, NULL, '2021-01-03', 0, 'jac', 'fred', NULL, NULL),
('wvK9dk8dVCgDaCgnC3lMr5ynu3H2', 0, NULL, '2021-11-24', NULL, NULL, NULL, 'אוריה גריצווג', 'uriagreent@gmail.com'),
('WZR5yPjY3lMALuFz099RqIxJw1J2', 0, NULL, '2020-12-25', 0, NULL, NULL, NULL, NULL),
('x5JkuwEVRUcPNKIKmzFfleDkRGH2', 0, NULL, '2021-05-06', NULL, NULL, NULL, 'אביעד צור', 'aviadtz055@gmail.com'),
('XAC2SSf7DhXurn4znl5c4a7MaLZ2', 0, NULL, '2021-03-30', NULL, '4u6u', '56u65', NULL, 'example@example.com'),
('xMAN6GPCzARspFWVXF094UaqVRk2', 0, NULL, '2021-01-04', 0, NULL, NULL, NULL, NULL),
('xRKUTJoAxWePYW9nu2MwdC6Fish2', 0, NULL, '2021-05-06', NULL, 'שהם', 'נעים', NULL, 'shohamnaim12@gmail.com'),
('xrROVxPxQ9QcO8mKJwnZR96cikk1', 0, NULL, '2020-12-26', 0, NULL, NULL, NULL, NULL),
('xSZ2B3yre7cQyyJ31Z4TgKVWcgj2', 0, NULL, '2022-03-23', NULL, 'אוריאל', 'לוי', NULL, 'orielchuk2005@gmail.com'),
('xUYB97MQDifxKNZCBJk63YNE3Wz2', 0, NULL, '2021-01-26', NULL, NULL, NULL, 'צביקי', '770pinko@gmail.com'),
('y15gOSyf0LatHxc3tpxg59DFnaM2', 0, NULL, '2021-03-04', NULL, NULL, NULL, 'ilana Kliger', 'chananya105@gmail.com'),
('y2d7CiPJWyUNEjePzswq3xGq3552', 0, NULL, '2021-03-25', NULL, NULL, NULL, 'יוסי משה', 'yosef210562@gmail.com'),
('yeZbYe6D44Vh4AKPtzkTfITK3hO2', 0, NULL, '2020-12-27', 0, NULL, NULL, NULL, NULL),
('yFaFZkhNM7YItelLm57g7xFzzza2', 0, NULL, '2020-12-30', 0, 'ggg', 'mmmm', NULL, NULL),
('YFPiph0OL3egYKbbWWLqgyjJN973', 0, NULL, '2021-05-05', NULL, 'רות', 'פרקש', NULL, 'rutf770@gmail.com'),
('YRQGhlsT14Z6vGk0FzoMC5GNSXD2', 0, NULL, '2020-12-30', 0, 'aaa', 'bbb', NULL, NULL),
('yuycXXL66cbHvHnLEIPl0wit5Z83', 0, NULL, '2022-03-31', NULL, 'Олександр', 'Максимчук', NULL, 'iksysia@gmail.com'),
('Zeiy0PORpXTN8uzTMo4pmiSoNAy2', 0, NULL, '2021-11-24', NULL, NULL, NULL, 'אלעד אלשיך', 'eladalshech@gmail.com'),
('zHxCRGdWObbyNJ5gbg0fbx5CuLf2', 0, NULL, '2021-03-21', NULL, NULL, NULL, 'אלעד מרק', 'eladm@mmb.org.il'),
('zjD9Xo9ynTUPv5XjVfuK33vK9lv2', 0, NULL, '2021-11-25', NULL, NULL, NULL, 'רועי פוזס', 'roipozes@gmail.com'),
('ZmIb8DaeoqVVWABSpQaSGTt6p722', 0, NULL, '2021-01-03', 0, NULL, NULL, NULL, NULL),
('Zn02bpDlfnTqVOHBRzU8JUk5Xh92', 0, NULL, '2021-02-07', NULL, NULL, NULL, 'יהושע אודרברג', 'josh.oder7@gmail.com'),
('zNgjBui64IfnSIHoSAJnEWJpIqn1', 0, NULL, '2021-12-15', NULL, NULL, NULL, 'אלישיב אלנתן', 'tkhahc1357@gmail.com'),
('zRVJdDEuCJd3o6A3o0wqMc2HtBW2', 0, NULL, '2022-02-20', NULL, NULL, NULL, 'חגי הלוי', 'hagay1703@gmail.com'),
('zuomEf1n8Ob2OsXKMiz8iq5gRfx1', 0, NULL, '2021-05-20', NULL, NULL, NULL, 'אליצור דוראל', 'elitzdorel@gmail.com');

-- --------------------------------------------------------

--
-- Table structure for table `user_cups`
--

CREATE TABLE `user_cups` (
  `user_name` varchar(45) CHARACTER SET utf8mb4 COLLATE utf8mb4_unicode_ci NOT NULL,
  `date_update` date NOT NULL,
  `chapter_id` int NOT NULL,
  `victory_cups_wined` int DEFAULT NULL,
  `is_readed` tinyint(1) NOT NULL DEFAULT '0'
) ENGINE=InnoDB DEFAULT CHARSET=utf8mb4 COLLATE=utf8mb4_unicode_ci;

--
-- Dumping data for table `user_cups`
--

INSERT INTO `user_cups` (`user_name`, `date_update`, `chapter_id`, `victory_cups_wined`, `is_readed`) VALUES
('0DgU9oGOFmgcOmzrNgsY72RaZC03', '2021-03-04', 1, 1, 1),
('0DgU9oGOFmgcOmzrNgsY72RaZC03', '2021-03-04', 2, 1, 1),
('0DgU9oGOFmgcOmzrNgsY72RaZC03', '2021-03-04', 3, 0, 1),
('0DgU9oGOFmgcOmzrNgsY72RaZC03', '2021-03-04', 4, 1, 1),
('0DgU9oGOFmgcOmzrNgsY72RaZC03', '2021-03-04', 5, 2, 1),
('0DgU9oGOFmgcOmzrNgsY72RaZC03', '2021-03-04', 6, 2, 1),
('0DgU9oGOFmgcOmzrNgsY72RaZC03', '2021-03-04', 7, 0, 1),
('0DgU9oGOFmgcOmzrNgsY72RaZC03', '2021-03-04', 8, 2, 0),
('0DgU9oGOFmgcOmzrNgsY72RaZC03', '2021-03-04', 9, 2, 0),
('0DgU9oGOFmgcOmzrNgsY72RaZC03', '2021-03-04', 10, 4, 0),
('0DgU9oGOFmgcOmzrNgsY72RaZC03', '2021-03-04', 11, 0, 0),
('0DgU9oGOFmgcOmzrNgsY72RaZC03', '2021-03-04', 13, 0, 0),
('0DgU9oGOFmgcOmzrNgsY72RaZC03', '2021-03-04', 14, 0, 0),
('0DgU9oGOFmgcOmzrNgsY72RaZC03', '2021-03-04', 15, 1, 0),
('0DgU9oGOFmgcOmzrNgsY72RaZC03', '2021-03-04', 16, 3, 0),
('0DgU9oGOFmgcOmzrNgsY72RaZC03', '2021-03-04', 17, 2, 0),
('0DgU9oGOFmgcOmzrNgsY72RaZC03', '2021-03-04', 18, 0, 0),
('0DgU9oGOFmgcOmzrNgsY72RaZC03', '2021-03-04', 19, 0, 0),
('0DgU9oGOFmgcOmzrNgsY72RaZC03', '2021-03-04', 20, 0, 0),
('0DgU9oGOFmgcOmzrNgsY72RaZC03', '2021-03-04', 21, 2, 0),
('0DgU9oGOFmgcOmzrNgsY72RaZC03', '2021-03-04', 22, 0, 0),
('0DgU9oGOFmgcOmzrNgsY72RaZC03', '2021-03-04', 23, 0, 0),
('0DgU9oGOFmgcOmzrNgsY72RaZC03', '2021-03-04', 24, 0, 0),
('0DgU9oGOFmgcOmzrNgsY72RaZC03', '2021-03-04', 25, 3, 0),
('0DgU9oGOFmgcOmzrNgsY72RaZC03', '2021-03-04', 26, 2, 0),
('0DgU9oGOFmgcOmzrNgsY72RaZC03', '2021-03-04', 27, 2, 0),
('0DgU9oGOFmgcOmzrNgsY72RaZC03', '2021-03-04', 28, 0, 0),
('0IdT1YAOAGRzZy6EU72UHNvmGU62', '2021-04-13', 1, 1, 0),
('0IdT1YAOAGRzZy6EU72UHNvmGU62', '2021-04-13', 2, 1, 0),
('0IdT1YAOAGRzZy6EU72UHNvmGU62', '2021-04-13', 3, 0, 0),
('0IdT1YAOAGRzZy6EU72UHNvmGU62', '2021-04-13', 4, 0, 0),
('0IdT1YAOAGRzZy6EU72UHNvmGU62', '2021-04-13', 5, 0, 0),
('0IdT1YAOAGRzZy6EU72UHNvmGU62', '2021-04-13', 6, 0, 0),
('0IdT1YAOAGRzZy6EU72UHNvmGU62', '2021-04-13', 7, 0, 0),
('0IdT1YAOAGRzZy6EU72UHNvmGU62', '2021-04-13', 8, 2, 0),
('0IdT1YAOAGRzZy6EU72UHNvmGU62', '2021-04-13', 9, 2, 0),
('0IdT1YAOAGRzZy6EU72UHNvmGU62', '2021-04-13', 10, 4, 0),
('0IdT1YAOAGRzZy6EU72UHNvmGU62', '2021-04-13', 11, 0, 0),
('0IdT1YAOAGRzZy6EU72UHNvmGU62', '2021-04-13', 13, 0, 0),
('0IdT1YAOAGRzZy6EU72UHNvmGU62', '2021-04-13', 14, 0, 0),
('0IdT1YAOAGRzZy6EU72UHNvmGU62', '2021-04-13', 15, 1, 0),
('0IdT1YAOAGRzZy6EU72UHNvmGU62', '2021-04-13', 16, 3, 0),
('0IdT1YAOAGRzZy6EU72UHNvmGU62', '2021-04-13', 17, 2, 0),
('0IdT1YAOAGRzZy6EU72UHNvmGU62', '2021-04-13', 18, 0, 0),
('0IdT1YAOAGRzZy6EU72UHNvmGU62', '2021-04-13', 19, 0, 0),
('0IdT1YAOAGRzZy6EU72UHNvmGU62', '2021-04-13', 20, 0, 0),
('0IdT1YAOAGRzZy6EU72UHNvmGU62', '2021-04-13', 21, 2, 0),
('0IdT1YAOAGRzZy6EU72UHNvmGU62', '2021-04-13', 22, 0, 0),
('0IdT1YAOAGRzZy6EU72UHNvmGU62', '2021-04-13', 23, 0, 0),
('0IdT1YAOAGRzZy6EU72UHNvmGU62', '2021-04-13', 24, 0, 0),
('0IdT1YAOAGRzZy6EU72UHNvmGU62', '2021-04-13', 25, 3, 0),
('0IdT1YAOAGRzZy6EU72UHNvmGU62', '2021-04-13', 26, 2, 0),
('0IdT1YAOAGRzZy6EU72UHNvmGU62', '2021-04-13', 27, 2, 0),
('0IdT1YAOAGRzZy6EU72UHNvmGU62', '2021-04-13', 28, 0, 0),
('0IgiD7h1kugXRU6jpezGW75t4902', '2022-03-31', 1, 1, 0),
('0IgiD7h1kugXRU6jpezGW75t4902', '2022-03-31', 2, 1, 0),
('0IgiD7h1kugXRU6jpezGW75t4902', '2022-03-31', 3, 0, 0),
('0IgiD7h1kugXRU6jpezGW75t4902', '2022-03-31', 4, 0, 0),
('0IgiD7h1kugXRU6jpezGW75t4902', '2022-03-31', 5, 0, 0),
('0IgiD7h1kugXRU6jpezGW75t4902', '2022-03-31', 6, 0, 0),
('0IgiD7h1kugXRU6jpezGW75t4902', '2022-03-31', 7, 0, 0),
('0IgiD7h1kugXRU6jpezGW75t4902', '2022-03-31', 8, 2, 0),
('0IgiD7h1kugXRU6jpezGW75t4902', '2022-03-31', 9, 2, 0),
('0IgiD7h1kugXRU6jpezGW75t4902', '2022-03-31', 10, 4, 0),
('0IgiD7h1kugXRU6jpezGW75t4902', '2022-03-31', 11, 0, 0),
('0IgiD7h1kugXRU6jpezGW75t4902', '2022-03-31', 13, 0, 0),
('0IgiD7h1kugXRU6jpezGW75t4902', '2022-03-31', 14, 0, 0),
('0IgiD7h1kugXRU6jpezGW75t4902', '2022-03-31', 15, 1, 0),
('0IgiD7h1kugXRU6jpezGW75t4902', '2022-03-31', 16, 3, 0),
('0IgiD7h1kugXRU6jpezGW75t4902', '2022-03-31', 17, 2, 0),
('0IgiD7h1kugXRU6jpezGW75t4902', '2022-03-31', 18, 0, 0),
('0IgiD7h1kugXRU6jpezGW75t4902', '2022-03-31', 19, 0, 0),
('0IgiD7h1kugXRU6jpezGW75t4902', '2022-03-31', 20, 0, 0),
('0IgiD7h1kugXRU6jpezGW75t4902', '2022-03-31', 21, 2, 0),
('0IgiD7h1kugXRU6jpezGW75t4902', '2022-03-31', 22, 0, 0),
('0IgiD7h1kugXRU6jpezGW75t4902', '2022-03-31', 23, 0, 0),
('0IgiD7h1kugXRU6jpezGW75t4902', '2022-03-31', 24, 0, 0),
('0IgiD7h1kugXRU6jpezGW75t4902', '2022-03-31', 25, 3, 0),
('0IgiD7h1kugXRU6jpezGW75t4902', '2022-03-31', 26, 2, 0),
('0IgiD7h1kugXRU6jpezGW75t4902', '2022-03-31', 27, 2, 0),
('0IgiD7h1kugXRU6jpezGW75t4902', '2022-03-31', 28, 0, 0),
('0PS2VFROkfWCZYNFrryK6XGGJhJ3', '2022-01-31', 1, 1, 0),
('0PS2VFROkfWCZYNFrryK6XGGJhJ3', '2022-01-31', 2, 1, 0),
('0PS2VFROkfWCZYNFrryK6XGGJhJ3', '2022-01-31', 3, 0, 0),
('0PS2VFROkfWCZYNFrryK6XGGJhJ3', '2022-01-31', 4, 0, 0),
('0PS2VFROkfWCZYNFrryK6XGGJhJ3', '2022-01-31', 5, 0, 0),
('0PS2VFROkfWCZYNFrryK6XGGJhJ3', '2022-01-31', 6, 0, 0),
('0PS2VFROkfWCZYNFrryK6XGGJhJ3', '2022-01-31', 7, 0, 0),
('0PS2VFROkfWCZYNFrryK6XGGJhJ3', '2022-01-31', 8, 2, 0),
('0PS2VFROkfWCZYNFrryK6XGGJhJ3', '2022-01-31', 9, 2, 0),
('0PS2VFROkfWCZYNFrryK6XGGJhJ3', '2022-01-31', 10, 4, 0),
('0PS2VFROkfWCZYNFrryK6XGGJhJ3', '2022-01-31', 11, 0, 0),
('0PS2VFROkfWCZYNFrryK6XGGJhJ3', '2022-01-31', 13, 2, 1),
('0PS2VFROkfWCZYNFrryK6XGGJhJ3', '2022-01-31', 14, 2, 1),
('0PS2VFROkfWCZYNFrryK6XGGJhJ3', '2022-01-31', 15, 1, 1),
('0PS2VFROkfWCZYNFrryK6XGGJhJ3', '2022-01-31', 16, 3, 1),
('0PS2VFROkfWCZYNFrryK6XGGJhJ3', '2022-01-31', 17, 2, 1),
('0PS2VFROkfWCZYNFrryK6XGGJhJ3', '2022-01-31', 18, 1, 1),
('0PS2VFROkfWCZYNFrryK6XGGJhJ3', '2022-01-31', 19, 0, 1),
('0PS2VFROkfWCZYNFrryK6XGGJhJ3', '2022-01-31', 20, 0, 1),
('0PS2VFROkfWCZYNFrryK6XGGJhJ3', '2022-01-31', 21, 2, 1),
('0PS2VFROkfWCZYNFrryK6XGGJhJ3', '2022-01-31', 22, 0, 1),
('0PS2VFROkfWCZYNFrryK6XGGJhJ3', '2022-01-31', 23, 2, 1),
('0PS2VFROkfWCZYNFrryK6XGGJhJ3', '2022-01-31', 24, 1, 1),
('0PS2VFROkfWCZYNFrryK6XGGJhJ3', '2022-01-31', 25, 3, 0),
('0PS2VFROkfWCZYNFrryK6XGGJhJ3', '2022-01-31', 26, 2, 0),
('0PS2VFROkfWCZYNFrryK6XGGJhJ3', '2022-01-31', 27, 2, 0),
('0PS2VFROkfWCZYNFrryK6XGGJhJ3', '2022-01-31', 28, 0, 0),
('0Q66oDZb5nMvwqCtaRuUkXpX0eF2', '2020-12-30', 1, 1, 0),
('0Q66oDZb5nMvwqCtaRuUkXpX0eF2', '2020-12-30', 2, 1, 0),
('0Q66oDZb5nMvwqCtaRuUkXpX0eF2', '2020-12-30', 3, 0, 0),
('0Q66oDZb5nMvwqCtaRuUkXpX0eF2', '2020-12-30', 4, 0, 0),
('0Q66oDZb5nMvwqCtaRuUkXpX0eF2', '2020-12-30', 5, 0, 0),
('0Q66oDZb5nMvwqCtaRuUkXpX0eF2', '2020-12-30', 6, 0, 0),
('0Q66oDZb5nMvwqCtaRuUkXpX0eF2', '2020-12-30', 7, 0, 0),
('0Q66oDZb5nMvwqCtaRuUkXpX0eF2', '2020-12-30', 8, 2, 0),
('0Q66oDZb5nMvwqCtaRuUkXpX0eF2', '2020-12-30', 9, 2, 0),
('0Q66oDZb5nMvwqCtaRuUkXpX0eF2', '2020-12-30', 10, 4, 0),
('0Q66oDZb5nMvwqCtaRuUkXpX0eF2', '2020-12-30', 11, 0, 0),
('0Q66oDZb5nMvwqCtaRuUkXpX0eF2', '2020-12-30', 13, 0, 0),
('0Q66oDZb5nMvwqCtaRuUkXpX0eF2', '2020-12-30', 14, 0, 0),
('0Q66oDZb5nMvwqCtaRuUkXpX0eF2', '2020-12-30', 15, 1, 0),
('0Q66oDZb5nMvwqCtaRuUkXpX0eF2', '2020-12-30', 16, 3, 0),
('0Q66oDZb5nMvwqCtaRuUkXpX0eF2', '2020-12-30', 17, 2, 0),
('0Q66oDZb5nMvwqCtaRuUkXpX0eF2', '2020-12-30', 18, 0, 0),
('0Q66oDZb5nMvwqCtaRuUkXpX0eF2', '2020-12-30', 19, 0, 0),
('0Q66oDZb5nMvwqCtaRuUkXpX0eF2', '2020-12-30', 20, 0, 0),
('0Q66oDZb5nMvwqCtaRuUkXpX0eF2', '2020-12-30', 21, 2, 0),
('0Q66oDZb5nMvwqCtaRuUkXpX0eF2', '2020-12-30', 22, 0, 0),
('0Q66oDZb5nMvwqCtaRuUkXpX0eF2', '2020-12-30', 23, 0, 0),
('0Q66oDZb5nMvwqCtaRuUkXpX0eF2', '2020-12-30', 24, 0, 0),
('0Q66oDZb5nMvwqCtaRuUkXpX0eF2', '2020-12-30', 25, 3, 0),
('0Q66oDZb5nMvwqCtaRuUkXpX0eF2', '2020-12-30', 26, 2, 0),
('0Q66oDZb5nMvwqCtaRuUkXpX0eF2', '2020-12-30', 27, 2, 0),
('0Q66oDZb5nMvwqCtaRuUkXpX0eF2', '2020-12-30', 28, 0, 0),
('17wAhPD6mBhclFMal8j1wRxAPLg2', '2022-01-24', 1, 1, 1),
('17wAhPD6mBhclFMal8j1wRxAPLg2', '2022-01-24', 2, 1, 1),
('17wAhPD6mBhclFMal8j1wRxAPLg2', '2022-01-24', 3, 0, 1),
('17wAhPD6mBhclFMal8j1wRxAPLg2', '2022-01-24', 4, 0, 1),
('17wAhPD6mBhclFMal8j1wRxAPLg2', '2022-01-24', 5, 0, 1),
('17wAhPD6mBhclFMal8j1wRxAPLg2', '2022-01-24', 6, 0, 1),
('17wAhPD6mBhclFMal8j1wRxAPLg2', '2022-01-24', 7, 0, 1),
('17wAhPD6mBhclFMal8j1wRxAPLg2', '2022-01-24', 8, 2, 1),
('17wAhPD6mBhclFMal8j1wRxAPLg2', '2022-01-24', 9, 2, 1),
('17wAhPD6mBhclFMal8j1wRxAPLg2', '2022-01-24', 10, 4, 1),
('17wAhPD6mBhclFMal8j1wRxAPLg2', '2022-01-24', 11, NULL, 1),
('17wAhPD6mBhclFMal8j1wRxAPLg2', '2022-01-24', 13, 0, 1),
('17wAhPD6mBhclFMal8j1wRxAPLg2', '2022-01-24', 14, 0, 1),
('17wAhPD6mBhclFMal8j1wRxAPLg2', '2022-01-24', 15, 1, 1),
('17wAhPD6mBhclFMal8j1wRxAPLg2', '2022-01-24', 16, 3, 1),
('17wAhPD6mBhclFMal8j1wRxAPLg2', '2022-01-24', 17, 2, 1),
('17wAhPD6mBhclFMal8j1wRxAPLg2', '2022-01-24', 18, 0, 1),
('17wAhPD6mBhclFMal8j1wRxAPLg2', '2022-01-24', 19, 0, 1),
('17wAhPD6mBhclFMal8j1wRxAPLg2', '2022-01-24', 20, 0, 1),
('17wAhPD6mBhclFMal8j1wRxAPLg2', '2022-01-24', 21, 2, 1),
('17wAhPD6mBhclFMal8j1wRxAPLg2', '2022-01-24', 22, 0, 1),
('17wAhPD6mBhclFMal8j1wRxAPLg2', '2022-01-24', 23, 0, 1),
('17wAhPD6mBhclFMal8j1wRxAPLg2', '2022-01-24', 24, 0, 1),
('17wAhPD6mBhclFMal8j1wRxAPLg2', '2022-01-24', 25, 3, 1),
('17wAhPD6mBhclFMal8j1wRxAPLg2', '2022-01-24', 26, 2, 1),
('17wAhPD6mBhclFMal8j1wRxAPLg2', '2022-01-24', 27, 2, 1),
('17wAhPD6mBhclFMal8j1wRxAPLg2', '2022-01-24', 28, 0, 1),
('1SGoTzsyJvN5rnKVWPwe4JXRqmC2', '2021-02-17', 1, 1, 1),
('1SGoTzsyJvN5rnKVWPwe4JXRqmC2', '2021-02-17', 2, 1, 1),
('1SGoTzsyJvN5rnKVWPwe4JXRqmC2', '2021-02-17', 3, 1, 1),
('1SGoTzsyJvN5rnKVWPwe4JXRqmC2', '2021-02-17', 4, 1, 1),
('1SGoTzsyJvN5rnKVWPwe4JXRqmC2', '2021-02-17', 5, 2, 1),
('1SGoTzsyJvN5rnKVWPwe4JXRqmC2', '2021-02-17', 6, 0, 0),
('1SGoTzsyJvN5rnKVWPwe4JXRqmC2', '2021-02-17', 7, 0, 0),
('1SGoTzsyJvN5rnKVWPwe4JXRqmC2', '2021-02-17', 8, 2, 0),
('1SGoTzsyJvN5rnKVWPwe4JXRqmC2', '2021-02-17', 9, 2, 0),
('1SGoTzsyJvN5rnKVWPwe4JXRqmC2', '2021-02-17', 10, 4, 0),
('1SGoTzsyJvN5rnKVWPwe4JXRqmC2', '2021-02-17', 11, 0, 0),
('1SGoTzsyJvN5rnKVWPwe4JXRqmC2', '2021-02-17', 13, 0, 0),
('1SGoTzsyJvN5rnKVWPwe4JXRqmC2', '2021-02-17', 14, 0, 0),
('1SGoTzsyJvN5rnKVWPwe4JXRqmC2', '2021-02-17', 15, 1, 0),
('1SGoTzsyJvN5rnKVWPwe4JXRqmC2', '2021-02-17', 16, 3, 0),
('1SGoTzsyJvN5rnKVWPwe4JXRqmC2', '2021-02-17', 17, 2, 0),
('1SGoTzsyJvN5rnKVWPwe4JXRqmC2', '2021-02-17', 18, 0, 0),
('1SGoTzsyJvN5rnKVWPwe4JXRqmC2', '2021-02-17', 19, 0, 0),
('1SGoTzsyJvN5rnKVWPwe4JXRqmC2', '2021-02-17', 20, 0, 0),
('1SGoTzsyJvN5rnKVWPwe4JXRqmC2', '2021-02-17', 21, 2, 0),
('1SGoTzsyJvN5rnKVWPwe4JXRqmC2', '2021-02-17', 22, 0, 0),
('1SGoTzsyJvN5rnKVWPwe4JXRqmC2', '2021-02-17', 23, 0, 0),
('1SGoTzsyJvN5rnKVWPwe4JXRqmC2', '2021-02-17', 24, 0, 0),
('1SGoTzsyJvN5rnKVWPwe4JXRqmC2', '2021-02-17', 25, 3, 0),
('1SGoTzsyJvN5rnKVWPwe4JXRqmC2', '2021-02-17', 26, 2, 0),
('1SGoTzsyJvN5rnKVWPwe4JXRqmC2', '2021-02-17', 27, 2, 0),
('1SGoTzsyJvN5rnKVWPwe4JXRqmC2', '2021-02-17', 28, 0, 0),
('2kgdv2K1i1PMkoOyRD5HXbeG2cm2', '2021-02-01', 1, 1, 1),
('2kgdv2K1i1PMkoOyRD5HXbeG2cm2', '2021-02-01', 2, 1, 1),
('2kgdv2K1i1PMkoOyRD5HXbeG2cm2', '2021-02-01', 3, 1, 1),
('2kgdv2K1i1PMkoOyRD5HXbeG2cm2', '2021-02-01', 4, 1, 1),
('2kgdv2K1i1PMkoOyRD5HXbeG2cm2', '2021-02-01', 5, 1, 1),
('2kgdv2K1i1PMkoOyRD5HXbeG2cm2', '2021-01-28', 6, 0, 0),
('2kgdv2K1i1PMkoOyRD5HXbeG2cm2', '2021-01-28', 7, 0, 0),
('2kgdv2K1i1PMkoOyRD5HXbeG2cm2', '2021-01-28', 8, 2, 0),
('2kgdv2K1i1PMkoOyRD5HXbeG2cm2', '2021-01-28', 9, 2, 0),
('2kgdv2K1i1PMkoOyRD5HXbeG2cm2', '2021-01-28', 10, 4, 0),
('2kgdv2K1i1PMkoOyRD5HXbeG2cm2', '2021-01-28', 11, 0, 0),
('2kgdv2K1i1PMkoOyRD5HXbeG2cm2', '2021-01-28', 13, 0, 0),
('2kgdv2K1i1PMkoOyRD5HXbeG2cm2', '2021-01-28', 14, 0, 0),
('2kgdv2K1i1PMkoOyRD5HXbeG2cm2', '2021-01-28', 15, 1, 0),
('2kgdv2K1i1PMkoOyRD5HXbeG2cm2', '2021-01-28', 16, 3, 0),
('2kgdv2K1i1PMkoOyRD5HXbeG2cm2', '2021-01-28', 17, 2, 0),
('2kgdv2K1i1PMkoOyRD5HXbeG2cm2', '2021-01-28', 18, 0, 0),
('2kgdv2K1i1PMkoOyRD5HXbeG2cm2', '2021-01-28', 19, 0, 0),
('2kgdv2K1i1PMkoOyRD5HXbeG2cm2', '2021-01-28', 20, 0, 0),
('2kgdv2K1i1PMkoOyRD5HXbeG2cm2', '2021-01-28', 21, 2, 0),
('2kgdv2K1i1PMkoOyRD5HXbeG2cm2', '2021-01-28', 22, 0, 0),
('2kgdv2K1i1PMkoOyRD5HXbeG2cm2', '2021-01-28', 23, 0, 0),
('2kgdv2K1i1PMkoOyRD5HXbeG2cm2', '2021-01-28', 24, 0, 0),
('2kgdv2K1i1PMkoOyRD5HXbeG2cm2', '2021-01-28', 25, 3, 0),
('2kgdv2K1i1PMkoOyRD5HXbeG2cm2', '2021-01-28', 26, 2, 0),
('2kgdv2K1i1PMkoOyRD5HXbeG2cm2', '2021-01-28', 27, 2, 0),
('2kgdv2K1i1PMkoOyRD5HXbeG2cm2', '2021-01-28', 28, 0, 0),
('35ka6o5NriU1Vvlk7n4V3zs2uov1', '2021-05-10', 1, 1, 0),
('35ka6o5NriU1Vvlk7n4V3zs2uov1', '2021-05-10', 2, 1, 0),
('35ka6o5NriU1Vvlk7n4V3zs2uov1', '2021-05-10', 3, 0, 0),
('35ka6o5NriU1Vvlk7n4V3zs2uov1', '2021-05-10', 4, 0, 0),
('35ka6o5NriU1Vvlk7n4V3zs2uov1', '2021-05-10', 5, 0, 0),
('35ka6o5NriU1Vvlk7n4V3zs2uov1', '2021-05-10', 6, 0, 0),
('35ka6o5NriU1Vvlk7n4V3zs2uov1', '2021-05-10', 7, 0, 0),
('35ka6o5NriU1Vvlk7n4V3zs2uov1', '2021-05-10', 8, 2, 0),
('35ka6o5NriU1Vvlk7n4V3zs2uov1', '2021-05-10', 9, 2, 0),
('35ka6o5NriU1Vvlk7n4V3zs2uov1', '2021-05-10', 10, 4, 0),
('35ka6o5NriU1Vvlk7n4V3zs2uov1', '2021-05-10', 11, 0, 0),
('35ka6o5NriU1Vvlk7n4V3zs2uov1', '2021-05-10', 13, 0, 0),
('35ka6o5NriU1Vvlk7n4V3zs2uov1', '2021-05-10', 14, 0, 0),
('35ka6o5NriU1Vvlk7n4V3zs2uov1', '2021-05-10', 15, 1, 0),
('35ka6o5NriU1Vvlk7n4V3zs2uov1', '2021-05-10', 16, 3, 0),
('35ka6o5NriU1Vvlk7n4V3zs2uov1', '2021-05-10', 17, 2, 0),
('35ka6o5NriU1Vvlk7n4V3zs2uov1', '2021-05-10', 18, 0, 0),
('35ka6o5NriU1Vvlk7n4V3zs2uov1', '2021-05-10', 19, 0, 0),
('35ka6o5NriU1Vvlk7n4V3zs2uov1', '2021-05-10', 20, 0, 0),
('35ka6o5NriU1Vvlk7n4V3zs2uov1', '2021-05-10', 21, 2, 0),
('35ka6o5NriU1Vvlk7n4V3zs2uov1', '2021-05-10', 22, 0, 0),
('35ka6o5NriU1Vvlk7n4V3zs2uov1', '2021-05-10', 23, 0, 0),
('35ka6o5NriU1Vvlk7n4V3zs2uov1', '2021-05-10', 24, 0, 0),
('35ka6o5NriU1Vvlk7n4V3zs2uov1', '2021-05-10', 25, 3, 0),
('35ka6o5NriU1Vvlk7n4V3zs2uov1', '2021-05-10', 26, 2, 0),
('35ka6o5NriU1Vvlk7n4V3zs2uov1', '2021-05-10', 27, 2, 0),
('35ka6o5NriU1Vvlk7n4V3zs2uov1', '2021-05-10', 28, 0, 0),
('3FZJykbVqyPvBeiEVrs523pUJbT2', '2021-04-29', 1, 1, 1),
('3FZJykbVqyPvBeiEVrs523pUJbT2', '2021-05-09', 2, 1, 1),
('3FZJykbVqyPvBeiEVrs523pUJbT2', '2021-05-09', 3, 1, 1),
('3FZJykbVqyPvBeiEVrs523pUJbT2', '2021-05-09', 4, 1, 1),
('3FZJykbVqyPvBeiEVrs523pUJbT2', '2021-05-09', 5, 2, 1),
('3FZJykbVqyPvBeiEVrs523pUJbT2', '2021-05-09', 6, 2, 1),
('3FZJykbVqyPvBeiEVrs523pUJbT2', '2021-05-14', 7, 2, 1),
('3FZJykbVqyPvBeiEVrs523pUJbT2', '2021-05-14', 8, 2, 1),
('3FZJykbVqyPvBeiEVrs523pUJbT2', '2021-05-14', 9, 2, 1),
('3FZJykbVqyPvBeiEVrs523pUJbT2', '2021-05-14', 10, 4, 1),
('3FZJykbVqyPvBeiEVrs523pUJbT2', '2021-06-29', 11, 14, 1),
('3FZJykbVqyPvBeiEVrs523pUJbT2', '2021-06-04', 13, 2, 1),
('3FZJykbVqyPvBeiEVrs523pUJbT2', '2021-06-04', 14, 2, 1),
('3FZJykbVqyPvBeiEVrs523pUJbT2', '2021-06-04', 15, 1, 1),
('3FZJykbVqyPvBeiEVrs523pUJbT2', '2021-06-04', 16, 3, 1),
('3FZJykbVqyPvBeiEVrs523pUJbT2', '2021-06-11', 17, 2, 1),
('3FZJykbVqyPvBeiEVrs523pUJbT2', '2021-07-19', 18, 4, 1),
('3FZJykbVqyPvBeiEVrs523pUJbT2', '2021-07-14', 19, 1, 1),
('3FZJykbVqyPvBeiEVrs523pUJbT2', '2021-06-24', 20, 3, 1),
('3FZJykbVqyPvBeiEVrs523pUJbT2', '2021-06-24', 21, 2, 1),
('3FZJykbVqyPvBeiEVrs523pUJbT2', '2021-07-19', 22, 1, 1),
('3FZJykbVqyPvBeiEVrs523pUJbT2', '2021-06-29', 23, 12, 1),
('3FZJykbVqyPvBeiEVrs523pUJbT2', '2021-07-14', 24, 10, 1),
('3FZJykbVqyPvBeiEVrs523pUJbT2', '2021-07-14', 25, 3, 1),
('3FZJykbVqyPvBeiEVrs523pUJbT2', '2021-07-14', 26, 2, 1),
('3FZJykbVqyPvBeiEVrs523pUJbT2', '2021-04-29', 27, 2, 0),
('3FZJykbVqyPvBeiEVrs523pUJbT2', '2021-07-19', 28, 0, 1),
('3oX8FA1otINC2Uw4IV7E3MGeiF03', '2021-08-05', 1, 1, 0),
('3oX8FA1otINC2Uw4IV7E3MGeiF03', '2021-08-05', 2, 1, 0),
('3oX8FA1otINC2Uw4IV7E3MGeiF03', '2021-08-05', 3, 0, 0),
('3oX8FA1otINC2Uw4IV7E3MGeiF03', '2021-08-05', 4, 0, 0),
('3oX8FA1otINC2Uw4IV7E3MGeiF03', '2021-08-05', 5, 0, 0),
('3oX8FA1otINC2Uw4IV7E3MGeiF03', '2021-08-05', 6, 0, 0),
('3oX8FA1otINC2Uw4IV7E3MGeiF03', '2021-08-05', 7, 0, 0),
('3oX8FA1otINC2Uw4IV7E3MGeiF03', '2021-08-05', 8, 2, 0),
('3oX8FA1otINC2Uw4IV7E3MGeiF03', '2021-08-05', 9, 2, 0),
('3oX8FA1otINC2Uw4IV7E3MGeiF03', '2021-08-05', 10, 4, 0),
('3oX8FA1otINC2Uw4IV7E3MGeiF03', '2021-08-05', 11, 0, 0),
('3oX8FA1otINC2Uw4IV7E3MGeiF03', '2021-08-05', 13, 0, 0),
('3oX8FA1otINC2Uw4IV7E3MGeiF03', '2021-08-05', 14, 0, 0),
('3oX8FA1otINC2Uw4IV7E3MGeiF03', '2021-08-05', 15, 1, 0),
('3oX8FA1otINC2Uw4IV7E3MGeiF03', '2021-08-05', 16, 3, 0),
('3oX8FA1otINC2Uw4IV7E3MGeiF03', '2021-08-05', 17, 2, 0),
('3oX8FA1otINC2Uw4IV7E3MGeiF03', '2021-08-05', 18, 0, 0),
('3oX8FA1otINC2Uw4IV7E3MGeiF03', '2021-08-05', 19, 0, 0),
('3oX8FA1otINC2Uw4IV7E3MGeiF03', '2021-08-05', 20, 0, 0),
('3oX8FA1otINC2Uw4IV7E3MGeiF03', '2021-08-05', 21, 2, 0),
('3oX8FA1otINC2Uw4IV7E3MGeiF03', '2021-08-05', 22, 0, 0),
('3oX8FA1otINC2Uw4IV7E3MGeiF03', '2021-08-05', 23, 0, 0),
('3oX8FA1otINC2Uw4IV7E3MGeiF03', '2021-08-05', 24, 0, 0),
('3oX8FA1otINC2Uw4IV7E3MGeiF03', '2021-08-05', 25, 3, 0),
('3oX8FA1otINC2Uw4IV7E3MGeiF03', '2021-08-05', 26, 2, 0),
('3oX8FA1otINC2Uw4IV7E3MGeiF03', '2021-08-05', 27, 2, 0),
('3oX8FA1otINC2Uw4IV7E3MGeiF03', '2021-08-05', 28, 0, 0),
('3t52P2KLiCTykBcbjY48KZdk5HC2', '2021-04-26', 1, 1, 0),
('3t52P2KLiCTykBcbjY48KZdk5HC2', '2021-04-26', 2, 1, 0),
('3t52P2KLiCTykBcbjY48KZdk5HC2', '2021-04-26', 3, 0, 0),
('3t52P2KLiCTykBcbjY48KZdk5HC2', '2021-04-26', 4, 0, 0),
('3t52P2KLiCTykBcbjY48KZdk5HC2', '2021-04-26', 5, 0, 0),
('3t52P2KLiCTykBcbjY48KZdk5HC2', '2021-04-26', 6, 0, 0),
('3t52P2KLiCTykBcbjY48KZdk5HC2', '2021-04-26', 7, 0, 0),
('3t52P2KLiCTykBcbjY48KZdk5HC2', '2021-04-26', 8, 2, 0),
('3t52P2KLiCTykBcbjY48KZdk5HC2', '2021-04-26', 9, 2, 0),
('3t52P2KLiCTykBcbjY48KZdk5HC2', '2021-04-26', 10, 4, 0),
('3t52P2KLiCTykBcbjY48KZdk5HC2', '2021-04-26', 11, 0, 0),
('3t52P2KLiCTykBcbjY48KZdk5HC2', '2021-04-26', 13, 0, 0),
('3t52P2KLiCTykBcbjY48KZdk5HC2', '2021-04-26', 14, 0, 0),
('3t52P2KLiCTykBcbjY48KZdk5HC2', '2021-04-26', 15, 1, 0),
('3t52P2KLiCTykBcbjY48KZdk5HC2', '2021-04-26', 16, 3, 0),
('3t52P2KLiCTykBcbjY48KZdk5HC2', '2021-04-26', 17, 2, 0),
('3t52P2KLiCTykBcbjY48KZdk5HC2', '2021-04-26', 18, 0, 0),
('3t52P2KLiCTykBcbjY48KZdk5HC2', '2021-04-26', 19, 0, 0),
('3t52P2KLiCTykBcbjY48KZdk5HC2', '2021-04-26', 20, 0, 0),
('3t52P2KLiCTykBcbjY48KZdk5HC2', '2021-04-26', 21, 2, 0),
('3t52P2KLiCTykBcbjY48KZdk5HC2', '2021-04-26', 22, 0, 0),
('3t52P2KLiCTykBcbjY48KZdk5HC2', '2021-04-26', 23, 0, 0),
('3t52P2KLiCTykBcbjY48KZdk5HC2', '2021-04-26', 24, 0, 0),
('3t52P2KLiCTykBcbjY48KZdk5HC2', '2021-04-26', 25, 3, 0),
('3t52P2KLiCTykBcbjY48KZdk5HC2', '2021-04-26', 26, 2, 0),
('3t52P2KLiCTykBcbjY48KZdk5HC2', '2021-04-26', 27, 2, 0),
('3t52P2KLiCTykBcbjY48KZdk5HC2', '2021-04-26', 28, 0, 0),
('45brltx57cPlQRfw9KAXa4Ibrhs2', '2021-01-01', 1, 1, 0),
('45brltx57cPlQRfw9KAXa4Ibrhs2', '2021-01-01', 2, 1, 0),
('45brltx57cPlQRfw9KAXa4Ibrhs2', '2021-01-01', 3, 0, 0),
('45brltx57cPlQRfw9KAXa4Ibrhs2', '2021-01-01', 4, 0, 0),
('45brltx57cPlQRfw9KAXa4Ibrhs2', '2021-01-01', 5, 0, 0),
('45brltx57cPlQRfw9KAXa4Ibrhs2', '2021-01-01', 6, 0, 0),
('45brltx57cPlQRfw9KAXa4Ibrhs2', '2021-01-01', 7, 0, 0),
('45brltx57cPlQRfw9KAXa4Ibrhs2', '2021-01-01', 8, 2, 0),
('45brltx57cPlQRfw9KAXa4Ibrhs2', '2021-01-01', 9, 2, 0),
('45brltx57cPlQRfw9KAXa4Ibrhs2', '2021-01-01', 10, 4, 0),
('45brltx57cPlQRfw9KAXa4Ibrhs2', '2021-01-01', 11, 7, 1),
('45brltx57cPlQRfw9KAXa4Ibrhs2', '2021-01-01', 13, 0, 0),
('45brltx57cPlQRfw9KAXa4Ibrhs2', '2021-01-01', 14, 0, 0),
('45brltx57cPlQRfw9KAXa4Ibrhs2', '2021-01-01', 15, 1, 0),
('45brltx57cPlQRfw9KAXa4Ibrhs2', '2021-01-01', 16, 3, 0),
('45brltx57cPlQRfw9KAXa4Ibrhs2', '2021-01-01', 17, 2, 0),
('45brltx57cPlQRfw9KAXa4Ibrhs2', '2021-01-01', 18, 0, 0),
('45brltx57cPlQRfw9KAXa4Ibrhs2', '2021-01-01', 19, 0, 0),
('45brltx57cPlQRfw9KAXa4Ibrhs2', '2021-01-01', 20, 0, 0),
('45brltx57cPlQRfw9KAXa4Ibrhs2', '2021-01-01', 21, 2, 0),
('45brltx57cPlQRfw9KAXa4Ibrhs2', '2021-01-01', 22, 0, 0),
('45brltx57cPlQRfw9KAXa4Ibrhs2', '2021-01-01', 23, 0, 0),
('45brltx57cPlQRfw9KAXa4Ibrhs2', '2021-01-01', 24, 0, 0),
('45brltx57cPlQRfw9KAXa4Ibrhs2', '2021-01-01', 25, 3, 0),
('45brltx57cPlQRfw9KAXa4Ibrhs2', '2021-01-01', 26, 2, 0),
('45brltx57cPlQRfw9KAXa4Ibrhs2', '2021-01-01', 27, 2, 0),
('45brltx57cPlQRfw9KAXa4Ibrhs2', '2021-01-01', 28, 0, 0),
('47LGRMhyKzPeObkh9p02mvyNIEB2', '2021-02-04', 1, 1, 0),
('47LGRMhyKzPeObkh9p02mvyNIEB2', '2021-02-04', 2, 1, 0),
('47LGRMhyKzPeObkh9p02mvyNIEB2', '2021-02-04', 3, 0, 0),
('47LGRMhyKzPeObkh9p02mvyNIEB2', '2021-02-04', 4, 0, 0),
('47LGRMhyKzPeObkh9p02mvyNIEB2', '2021-02-04', 5, 0, 0),
('47LGRMhyKzPeObkh9p02mvyNIEB2', '2021-02-04', 6, 0, 0),
('47LGRMhyKzPeObkh9p02mvyNIEB2', '2021-02-04', 7, 0, 0),
('47LGRMhyKzPeObkh9p02mvyNIEB2', '2021-02-04', 8, 2, 0),
('47LGRMhyKzPeObkh9p02mvyNIEB2', '2021-02-04', 9, 2, 0),
('47LGRMhyKzPeObkh9p02mvyNIEB2', '2021-02-04', 10, 4, 0),
('47LGRMhyKzPeObkh9p02mvyNIEB2', '2021-02-04', 11, 0, 0),
('47LGRMhyKzPeObkh9p02mvyNIEB2', '2021-02-04', 13, 0, 0),
('47LGRMhyKzPeObkh9p02mvyNIEB2', '2021-02-04', 14, 0, 0),
('47LGRMhyKzPeObkh9p02mvyNIEB2', '2021-02-04', 15, 1, 0),
('47LGRMhyKzPeObkh9p02mvyNIEB2', '2021-02-04', 16, 3, 0),
('47LGRMhyKzPeObkh9p02mvyNIEB2', '2021-02-04', 17, 2, 0),
('47LGRMhyKzPeObkh9p02mvyNIEB2', '2021-02-04', 18, 0, 0),
('47LGRMhyKzPeObkh9p02mvyNIEB2', '2021-02-04', 19, 0, 0),
('47LGRMhyKzPeObkh9p02mvyNIEB2', '2021-02-04', 20, 0, 0),
('47LGRMhyKzPeObkh9p02mvyNIEB2', '2021-02-04', 21, 2, 0),
('47LGRMhyKzPeObkh9p02mvyNIEB2', '2021-02-04', 22, 0, 0),
('47LGRMhyKzPeObkh9p02mvyNIEB2', '2021-02-04', 23, 0, 0),
('47LGRMhyKzPeObkh9p02mvyNIEB2', '2021-02-04', 24, 0, 0),
('47LGRMhyKzPeObkh9p02mvyNIEB2', '2021-02-04', 25, 3, 0),
('47LGRMhyKzPeObkh9p02mvyNIEB2', '2021-02-04', 26, 2, 0),
('47LGRMhyKzPeObkh9p02mvyNIEB2', '2021-02-04', 27, 2, 0),
('47LGRMhyKzPeObkh9p02mvyNIEB2', '2021-02-04', 28, 0, 0),
('4BipXDaHtsRrg6hf7hKH6kdSXv33', '2021-02-17', 1, 1, 1),
('4BipXDaHtsRrg6hf7hKH6kdSXv33', '2021-02-17', 2, 1, 1),
('4BipXDaHtsRrg6hf7hKH6kdSXv33', '2021-05-19', 3, 1, 1),
('4BipXDaHtsRrg6hf7hKH6kdSXv33', '2021-05-19', 4, 1, 1),
('4BipXDaHtsRrg6hf7hKH6kdSXv33', '2021-05-19', 5, 2, 1),
('4BipXDaHtsRrg6hf7hKH6kdSXv33', '2021-05-19', 6, 2, 1),
('4BipXDaHtsRrg6hf7hKH6kdSXv33', '2021-05-19', 7, 2, 1),
('4BipXDaHtsRrg6hf7hKH6kdSXv33', '2021-05-19', 8, 2, 1),
('4BipXDaHtsRrg6hf7hKH6kdSXv33', '2021-05-19', 9, 2, 1),
('4BipXDaHtsRrg6hf7hKH6kdSXv33', '2021-05-19', 10, 4, 1),
('4BipXDaHtsRrg6hf7hKH6kdSXv33', '2021-05-19', 11, 14, 1),
('4BipXDaHtsRrg6hf7hKH6kdSXv33', '2021-05-19', 13, 2, 1),
('4BipXDaHtsRrg6hf7hKH6kdSXv33', '2021-05-19', 14, 2, 1),
('4BipXDaHtsRrg6hf7hKH6kdSXv33', '2021-05-19', 15, 1, 1),
('4BipXDaHtsRrg6hf7hKH6kdSXv33', '2021-05-19', 16, 3, 1),
('4BipXDaHtsRrg6hf7hKH6kdSXv33', '2021-05-19', 17, 2, 1),
('4BipXDaHtsRrg6hf7hKH6kdSXv33', '2021-05-19', 18, 5, 1),
('4BipXDaHtsRrg6hf7hKH6kdSXv33', '2021-05-19', 19, 2, 1),
('4BipXDaHtsRrg6hf7hKH6kdSXv33', '2021-05-19', 20, 3, 1),
('4BipXDaHtsRrg6hf7hKH6kdSXv33', '2021-05-19', 21, 2, 1),
('4BipXDaHtsRrg6hf7hKH6kdSXv33', '2021-05-19', 22, 0, 1),
('4BipXDaHtsRrg6hf7hKH6kdSXv33', '2021-05-19', 23, 11, 1),
('4BipXDaHtsRrg6hf7hKH6kdSXv33', '2021-05-19', 24, 10, 1),
('4BipXDaHtsRrg6hf7hKH6kdSXv33', '2021-05-19', 25, 3, 1),
('4BipXDaHtsRrg6hf7hKH6kdSXv33', '2021-05-19', 26, 2, 1),
('4BipXDaHtsRrg6hf7hKH6kdSXv33', '2021-05-19', 27, 2, 1),
('4BipXDaHtsRrg6hf7hKH6kdSXv33', '2021-02-17', 28, 0, 0),
('4uucFtmS2EVqA5THjfhVJatfEBh2', '2021-05-26', 1, 1, 0),
('4uucFtmS2EVqA5THjfhVJatfEBh2', '2021-05-26', 2, 1, 0),
('4uucFtmS2EVqA5THjfhVJatfEBh2', '2021-05-26', 3, 0, 0),
('4uucFtmS2EVqA5THjfhVJatfEBh2', '2021-05-26', 4, 0, 0),
('4uucFtmS2EVqA5THjfhVJatfEBh2', '2021-05-26', 5, 0, 0),
('4uucFtmS2EVqA5THjfhVJatfEBh2', '2021-05-26', 6, 0, 0),
('4uucFtmS2EVqA5THjfhVJatfEBh2', '2021-05-26', 7, 0, 0),
('4uucFtmS2EVqA5THjfhVJatfEBh2', '2021-05-26', 8, 2, 0),
('4uucFtmS2EVqA5THjfhVJatfEBh2', '2021-05-26', 9, 2, 0),
('4uucFtmS2EVqA5THjfhVJatfEBh2', '2021-05-26', 10, 4, 0),
('4uucFtmS2EVqA5THjfhVJatfEBh2', '2021-05-26', 11, 0, 0),
('4uucFtmS2EVqA5THjfhVJatfEBh2', '2021-05-26', 13, 0, 0),
('4uucFtmS2EVqA5THjfhVJatfEBh2', '2021-05-26', 14, 0, 0),
('4uucFtmS2EVqA5THjfhVJatfEBh2', '2021-05-26', 15, 1, 0),
('4uucFtmS2EVqA5THjfhVJatfEBh2', '2021-05-26', 16, 3, 0),
('4uucFtmS2EVqA5THjfhVJatfEBh2', '2021-05-26', 17, 2, 0),
('4uucFtmS2EVqA5THjfhVJatfEBh2', '2021-05-26', 18, 0, 0),
('4uucFtmS2EVqA5THjfhVJatfEBh2', '2021-05-26', 19, 0, 0),
('4uucFtmS2EVqA5THjfhVJatfEBh2', '2021-05-26', 20, 0, 0),
('4uucFtmS2EVqA5THjfhVJatfEBh2', '2021-05-26', 21, 2, 0),
('4uucFtmS2EVqA5THjfhVJatfEBh2', '2021-05-26', 22, 0, 0),
('4uucFtmS2EVqA5THjfhVJatfEBh2', '2021-05-26', 23, 0, 0),
('4uucFtmS2EVqA5THjfhVJatfEBh2', '2021-05-26', 24, 0, 0),
('4uucFtmS2EVqA5THjfhVJatfEBh2', '2021-05-26', 25, 3, 0),
('4uucFtmS2EVqA5THjfhVJatfEBh2', '2021-05-26', 26, 2, 0),
('4uucFtmS2EVqA5THjfhVJatfEBh2', '2021-05-26', 27, 2, 0),
('4uucFtmS2EVqA5THjfhVJatfEBh2', '2021-05-26', 28, 0, 0),
('58PdymRLS1dgjeXF7oQSSLcAMNG2', '2021-02-16', 1, 1, 1),
('58PdymRLS1dgjeXF7oQSSLcAMNG2', '2021-02-16', 2, 1, 1),
('58PdymRLS1dgjeXF7oQSSLcAMNG2', '2021-02-16', 3, 0, 0),
('58PdymRLS1dgjeXF7oQSSLcAMNG2', '2021-02-16', 4, 0, 0),
('58PdymRLS1dgjeXF7oQSSLcAMNG2', '2021-02-16', 5, 0, 0),
('58PdymRLS1dgjeXF7oQSSLcAMNG2', '2021-02-16', 6, 0, 0),
('58PdymRLS1dgjeXF7oQSSLcAMNG2', '2021-02-16', 7, 0, 0),
('58PdymRLS1dgjeXF7oQSSLcAMNG2', '2021-02-16', 8, 2, 0),
('58PdymRLS1dgjeXF7oQSSLcAMNG2', '2021-02-16', 9, 2, 0),
('58PdymRLS1dgjeXF7oQSSLcAMNG2', '2021-02-16', 10, 4, 0),
('58PdymRLS1dgjeXF7oQSSLcAMNG2', '2021-02-16', 11, 0, 0),
('58PdymRLS1dgjeXF7oQSSLcAMNG2', '2021-02-16', 13, 0, 0),
('58PdymRLS1dgjeXF7oQSSLcAMNG2', '2021-02-16', 14, 0, 0),
('58PdymRLS1dgjeXF7oQSSLcAMNG2', '2021-02-16', 15, 1, 0),
('58PdymRLS1dgjeXF7oQSSLcAMNG2', '2021-02-16', 16, 3, 0),
('58PdymRLS1dgjeXF7oQSSLcAMNG2', '2021-02-16', 17, 2, 0),
('58PdymRLS1dgjeXF7oQSSLcAMNG2', '2021-02-16', 18, 0, 0),
('58PdymRLS1dgjeXF7oQSSLcAMNG2', '2021-02-16', 19, 0, 0),
('58PdymRLS1dgjeXF7oQSSLcAMNG2', '2021-02-16', 20, 0, 0),
('58PdymRLS1dgjeXF7oQSSLcAMNG2', '2021-02-16', 21, 2, 0),
('58PdymRLS1dgjeXF7oQSSLcAMNG2', '2021-02-16', 22, 0, 0),
('58PdymRLS1dgjeXF7oQSSLcAMNG2', '2021-02-16', 23, 0, 0),
('58PdymRLS1dgjeXF7oQSSLcAMNG2', '2021-02-16', 24, 0, 0),
('58PdymRLS1dgjeXF7oQSSLcAMNG2', '2021-02-16', 25, 3, 0),
('58PdymRLS1dgjeXF7oQSSLcAMNG2', '2021-02-16', 26, 2, 0),
('58PdymRLS1dgjeXF7oQSSLcAMNG2', '2021-02-16', 27, 2, 0),
('58PdymRLS1dgjeXF7oQSSLcAMNG2', '2021-02-16', 28, 0, 0),
('5gQFnmhyCPPGKNZiADe7GyHeb0g1', '2020-12-31', 1, 1, 0),
('5gQFnmhyCPPGKNZiADe7GyHeb0g1', '2020-12-31', 2, 1, 0),
('5gQFnmhyCPPGKNZiADe7GyHeb0g1', '2020-12-31', 3, 0, 0),
('5gQFnmhyCPPGKNZiADe7GyHeb0g1', '2020-12-31', 4, 0, 0),
('5gQFnmhyCPPGKNZiADe7GyHeb0g1', '2020-12-31', 5, 0, 0),
('5gQFnmhyCPPGKNZiADe7GyHeb0g1', '2020-12-31', 6, 0, 0),
('5gQFnmhyCPPGKNZiADe7GyHeb0g1', '2020-12-31', 7, 0, 0),
('5gQFnmhyCPPGKNZiADe7GyHeb0g1', '2020-12-31', 8, 2, 0),
('5gQFnmhyCPPGKNZiADe7GyHeb0g1', '2020-12-31', 9, 2, 0),
('5gQFnmhyCPPGKNZiADe7GyHeb0g1', '2020-12-31', 10, 4, 0),
('5gQFnmhyCPPGKNZiADe7GyHeb0g1', '2020-12-31', 11, 0, 0),
('5gQFnmhyCPPGKNZiADe7GyHeb0g1', '2020-12-31', 13, 0, 0),
('5gQFnmhyCPPGKNZiADe7GyHeb0g1', '2020-12-31', 14, 0, 0),
('5gQFnmhyCPPGKNZiADe7GyHeb0g1', '2020-12-31', 15, 1, 0),
('5gQFnmhyCPPGKNZiADe7GyHeb0g1', '2020-12-31', 16, 3, 0),
('5gQFnmhyCPPGKNZiADe7GyHeb0g1', '2020-12-31', 17, 2, 0),
('5gQFnmhyCPPGKNZiADe7GyHeb0g1', '2020-12-31', 18, 0, 0),
('5gQFnmhyCPPGKNZiADe7GyHeb0g1', '2020-12-31', 19, 0, 0),
('5gQFnmhyCPPGKNZiADe7GyHeb0g1', '2020-12-31', 20, 0, 0),
('5gQFnmhyCPPGKNZiADe7GyHeb0g1', '2020-12-31', 21, 2, 0),
('5gQFnmhyCPPGKNZiADe7GyHeb0g1', '2020-12-31', 22, 0, 0),
('5gQFnmhyCPPGKNZiADe7GyHeb0g1', '2020-12-31', 23, 0, 0),
('5gQFnmhyCPPGKNZiADe7GyHeb0g1', '2020-12-31', 24, 0, 0),
('5gQFnmhyCPPGKNZiADe7GyHeb0g1', '2020-12-31', 25, 3, 0),
('5gQFnmhyCPPGKNZiADe7GyHeb0g1', '2020-12-31', 26, 2, 0),
('5gQFnmhyCPPGKNZiADe7GyHeb0g1', '2020-12-31', 27, 2, 0),
('5gQFnmhyCPPGKNZiADe7GyHeb0g1', '2020-12-31', 28, 0, 0),
('5SpgsTJIdsPLqiiyAqrU8848SEp1', '2021-01-19', 1, 1, 0),
('5SpgsTJIdsPLqiiyAqrU8848SEp1', '2021-05-20', 2, 1, 1),
('5SpgsTJIdsPLqiiyAqrU8848SEp1', '2021-05-20', 3, 1, 1),
('5SpgsTJIdsPLqiiyAqrU8848SEp1', '2021-05-20', 4, 1, 1),
('5SpgsTJIdsPLqiiyAqrU8848SEp1', '2021-05-20', 5, 1, 1),
('5SpgsTJIdsPLqiiyAqrU8848SEp1', '2021-05-20', 6, 2, 1),
('5SpgsTJIdsPLqiiyAqrU8848SEp1', '2021-05-20', 7, 2, 1),
('5SpgsTJIdsPLqiiyAqrU8848SEp1', '2021-05-20', 8, 2, 1),
('5SpgsTJIdsPLqiiyAqrU8848SEp1', '2021-05-20', 9, 2, 1),
('5SpgsTJIdsPLqiiyAqrU8848SEp1', '2021-01-19', 10, 4, 0),
('5SpgsTJIdsPLqiiyAqrU8848SEp1', '2021-05-20', 11, 8, 1),
('5SpgsTJIdsPLqiiyAqrU8848SEp1', '2021-05-20', 13, 2, 1),
('5SpgsTJIdsPLqiiyAqrU8848SEp1', '2021-05-20', 14, 2, 1),
('5SpgsTJIdsPLqiiyAqrU8848SEp1', '2021-01-27', 15, 1, 1),
('5SpgsTJIdsPLqiiyAqrU8848SEp1', '2021-05-20', 16, 3, 1),
('5SpgsTJIdsPLqiiyAqrU8848SEp1', '2021-01-26', 17, 2, 0),
('5SpgsTJIdsPLqiiyAqrU8848SEp1', '2021-01-27', 18, 4, 1),
('5SpgsTJIdsPLqiiyAqrU8848SEp1', '2021-01-26', 19, 0, 0),
('5SpgsTJIdsPLqiiyAqrU8848SEp1', '2021-01-26', 20, 0, 0),
('5SpgsTJIdsPLqiiyAqrU8848SEp1', '2021-01-26', 21, 2, 0),
('5SpgsTJIdsPLqiiyAqrU8848SEp1', '2021-01-26', 22, 0, 0),
('5SpgsTJIdsPLqiiyAqrU8848SEp1', '2021-01-26', 23, 0, 0),
('5SpgsTJIdsPLqiiyAqrU8848SEp1', '2021-05-20', 24, 8, 1),
('5SpgsTJIdsPLqiiyAqrU8848SEp1', '2021-05-20', 25, 3, 1),
('5SpgsTJIdsPLqiiyAqrU8848SEp1', '2021-05-20', 26, 2, 1),
('5SpgsTJIdsPLqiiyAqrU8848SEp1', '2021-05-20', 27, 2, 1),
('5SpgsTJIdsPLqiiyAqrU8848SEp1', '2021-05-20', 28, 3, 1),
('5WhhBdjadrMzSGmvju9zLz4RRpQ2', '2021-04-28', 1, 1, 1),
('5WhhBdjadrMzSGmvju9zLz4RRpQ2', '2021-04-28', 2, 1, 1),
('5WhhBdjadrMzSGmvju9zLz4RRpQ2', '2021-04-28', 3, 1, 1),
('5WhhBdjadrMzSGmvju9zLz4RRpQ2', '2021-04-28', 4, 1, 1),
('5WhhBdjadrMzSGmvju9zLz4RRpQ2', '2021-04-28', 5, 2, 1),
('5WhhBdjadrMzSGmvju9zLz4RRpQ2', '2021-04-28', 6, 2, 1),
('5WhhBdjadrMzSGmvju9zLz4RRpQ2', '2021-04-28', 7, 2, 1),
('5WhhBdjadrMzSGmvju9zLz4RRpQ2', '2021-04-28', 8, 2, 1),
('5WhhBdjadrMzSGmvju9zLz4RRpQ2', '2021-04-28', 9, 2, 1),
('5WhhBdjadrMzSGmvju9zLz4RRpQ2', '2021-04-28', 10, 4, 0),
('5WhhBdjadrMzSGmvju9zLz4RRpQ2', '2021-04-28', 11, 0, 0),
('5WhhBdjadrMzSGmvju9zLz4RRpQ2', '2021-04-28', 13, 0, 0),
('5WhhBdjadrMzSGmvju9zLz4RRpQ2', '2021-04-28', 14, 0, 0),
('5WhhBdjadrMzSGmvju9zLz4RRpQ2', '2021-04-28', 15, 1, 0),
('5WhhBdjadrMzSGmvju9zLz4RRpQ2', '2021-04-28', 16, 3, 0),
('5WhhBdjadrMzSGmvju9zLz4RRpQ2', '2021-04-28', 17, 2, 0),
('5WhhBdjadrMzSGmvju9zLz4RRpQ2', '2021-04-28', 18, 0, 0),
('5WhhBdjadrMzSGmvju9zLz4RRpQ2', '2021-04-28', 19, 0, 0),
('5WhhBdjadrMzSGmvju9zLz4RRpQ2', '2021-04-28', 20, 0, 0),
('5WhhBdjadrMzSGmvju9zLz4RRpQ2', '2021-04-28', 21, 2, 0),
('5WhhBdjadrMzSGmvju9zLz4RRpQ2', '2021-04-28', 22, 0, 0),
('5WhhBdjadrMzSGmvju9zLz4RRpQ2', '2021-04-28', 23, 0, 0),
('5WhhBdjadrMzSGmvju9zLz4RRpQ2', '2021-04-28', 24, 0, 0),
('5WhhBdjadrMzSGmvju9zLz4RRpQ2', '2021-04-28', 25, 3, 0),
('5WhhBdjadrMzSGmvju9zLz4RRpQ2', '2021-04-28', 26, 2, 0),
('5WhhBdjadrMzSGmvju9zLz4RRpQ2', '2021-04-28', 27, 2, 0),
('5WhhBdjadrMzSGmvju9zLz4RRpQ2', '2021-04-28', 28, 0, 0),
('63Bd2HQEC8NmU8XRT9ULj7HdOba2', '2021-01-24', 1, 1, 1),
('63Bd2HQEC8NmU8XRT9ULj7HdOba2', '2021-01-24', 2, 1, 1),
('63Bd2HQEC8NmU8XRT9ULj7HdOba2', '2021-01-24', 3, 0, 1),
('63Bd2HQEC8NmU8XRT9ULj7HdOba2', '2021-01-24', 4, 1, 1),
('63Bd2HQEC8NmU8XRT9ULj7HdOba2', '2021-01-24', 5, 2, 1),
('63Bd2HQEC8NmU8XRT9ULj7HdOba2', '2021-01-24', 6, 1, 1),
('63Bd2HQEC8NmU8XRT9ULj7HdOba2', '2021-01-24', 7, 2, 1),
('63Bd2HQEC8NmU8XRT9ULj7HdOba2', '2021-01-24', 8, 2, 1),
('63Bd2HQEC8NmU8XRT9ULj7HdOba2', '2021-01-24', 9, 2, 1),
('63Bd2HQEC8NmU8XRT9ULj7HdOba2', '2021-01-24', 10, 4, 1),
('63Bd2HQEC8NmU8XRT9ULj7HdOba2', '2021-01-24', 11, 9, 1),
('63Bd2HQEC8NmU8XRT9ULj7HdOba2', '2021-01-24', 13, 0, 1),
('63Bd2HQEC8NmU8XRT9ULj7HdOba2', '2021-01-24', 14, 0, 1),
('63Bd2HQEC8NmU8XRT9ULj7HdOba2', '2021-01-24', 15, 1, 1),
('63Bd2HQEC8NmU8XRT9ULj7HdOba2', '2021-01-24', 16, 3, 1),
('63Bd2HQEC8NmU8XRT9ULj7HdOba2', '2021-01-24', 17, 2, 1),
('63Bd2HQEC8NmU8XRT9ULj7HdOba2', '2021-01-24', 18, 3, 1),
('63Bd2HQEC8NmU8XRT9ULj7HdOba2', '2021-01-24', 19, 2, 1),
('63Bd2HQEC8NmU8XRT9ULj7HdOba2', '2021-01-24', 20, 1, 1),
('63Bd2HQEC8NmU8XRT9ULj7HdOba2', '2021-01-24', 21, 2, 1),
('63Bd2HQEC8NmU8XRT9ULj7HdOba2', '2021-01-24', 22, 0, 1),
('63Bd2HQEC8NmU8XRT9ULj7HdOba2', '2021-01-24', 23, 6, 1),
('63Bd2HQEC8NmU8XRT9ULj7HdOba2', '2021-01-24', 24, 6, 1),
('63Bd2HQEC8NmU8XRT9ULj7HdOba2', '2021-01-24', 25, 3, 1),
('63Bd2HQEC8NmU8XRT9ULj7HdOba2', '2021-01-24', 26, 2, 1),
('63Bd2HQEC8NmU8XRT9ULj7HdOba2', '2021-01-24', 27, 2, 1),
('63Bd2HQEC8NmU8XRT9ULj7HdOba2', '2021-01-24', 28, 2, 1),
('6T3BeaY9fRPZlpzCOBsv5XTJ4Py2', '2021-01-01', 1, 1, 0),
('6T3BeaY9fRPZlpzCOBsv5XTJ4Py2', '2021-01-01', 2, 1, 0),
('6T3BeaY9fRPZlpzCOBsv5XTJ4Py2', '2021-01-01', 3, 0, 0),
('6T3BeaY9fRPZlpzCOBsv5XTJ4Py2', '2021-01-01', 4, 0, 0),
('6T3BeaY9fRPZlpzCOBsv5XTJ4Py2', '2021-01-01', 5, 0, 0),
('6T3BeaY9fRPZlpzCOBsv5XTJ4Py2', '2021-01-01', 6, 0, 0),
('6T3BeaY9fRPZlpzCOBsv5XTJ4Py2', '2021-01-01', 7, 0, 0),
('6T3BeaY9fRPZlpzCOBsv5XTJ4Py2', '2021-01-01', 8, 2, 0),
('6T3BeaY9fRPZlpzCOBsv5XTJ4Py2', '2021-01-01', 9, 2, 0),
('6T3BeaY9fRPZlpzCOBsv5XTJ4Py2', '2021-01-01', 10, 4, 0),
('6T3BeaY9fRPZlpzCOBsv5XTJ4Py2', '2021-01-01', 11, 0, 0),
('6T3BeaY9fRPZlpzCOBsv5XTJ4Py2', '2021-01-01', 13, 0, 0),
('6T3BeaY9fRPZlpzCOBsv5XTJ4Py2', '2021-01-01', 14, 0, 0),
('6T3BeaY9fRPZlpzCOBsv5XTJ4Py2', '2021-01-01', 15, 1, 0),
('6T3BeaY9fRPZlpzCOBsv5XTJ4Py2', '2021-01-01', 16, 3, 0),
('6T3BeaY9fRPZlpzCOBsv5XTJ4Py2', '2021-01-01', 17, 2, 0),
('6T3BeaY9fRPZlpzCOBsv5XTJ4Py2', '2021-01-01', 18, 0, 0),
('6T3BeaY9fRPZlpzCOBsv5XTJ4Py2', '2021-01-01', 19, 0, 0),
('6T3BeaY9fRPZlpzCOBsv5XTJ4Py2', '2021-01-01', 20, 0, 0),
('6T3BeaY9fRPZlpzCOBsv5XTJ4Py2', '2021-01-01', 21, 2, 0),
('6T3BeaY9fRPZlpzCOBsv5XTJ4Py2', '2021-01-01', 22, 0, 0),
('6T3BeaY9fRPZlpzCOBsv5XTJ4Py2', '2021-01-01', 23, 0, 0),
('6T3BeaY9fRPZlpzCOBsv5XTJ4Py2', '2021-01-01', 24, 0, 0),
('6T3BeaY9fRPZlpzCOBsv5XTJ4Py2', '2021-01-01', 25, 3, 0),
('6T3BeaY9fRPZlpzCOBsv5XTJ4Py2', '2021-01-01', 26, 2, 0),
('6T3BeaY9fRPZlpzCOBsv5XTJ4Py2', '2021-01-01', 27, 2, 0),
('6T3BeaY9fRPZlpzCOBsv5XTJ4Py2', '2021-01-01', 28, 0, 0),
('6YcTMa6u5xScwJxuaNjo6aGNuvA2', '2021-02-10', 1, 1, 1),
('6YcTMa6u5xScwJxuaNjo6aGNuvA2', '2021-02-10', 2, 1, 1),
('6YcTMa6u5xScwJxuaNjo6aGNuvA2', '2021-02-10', 3, 1, 1),
('6YcTMa6u5xScwJxuaNjo6aGNuvA2', '2021-02-10', 4, 0, 0),
('6YcTMa6u5xScwJxuaNjo6aGNuvA2', '2021-02-10', 5, 0, 0),
('6YcTMa6u5xScwJxuaNjo6aGNuvA2', '2021-02-10', 6, 0, 0),
('6YcTMa6u5xScwJxuaNjo6aGNuvA2', '2021-02-10', 7, 0, 0),
('6YcTMa6u5xScwJxuaNjo6aGNuvA2', '2021-02-10', 8, 2, 0),
('6YcTMa6u5xScwJxuaNjo6aGNuvA2', '2021-02-10', 9, 2, 0),
('6YcTMa6u5xScwJxuaNjo6aGNuvA2', '2021-02-10', 10, 4, 0),
('6YcTMa6u5xScwJxuaNjo6aGNuvA2', '2021-02-10', 11, 0, 0),
('6YcTMa6u5xScwJxuaNjo6aGNuvA2', '2021-02-10', 13, 0, 0),
('6YcTMa6u5xScwJxuaNjo6aGNuvA2', '2021-02-10', 14, 0, 0),
('6YcTMa6u5xScwJxuaNjo6aGNuvA2', '2021-02-10', 15, 1, 0),
('6YcTMa6u5xScwJxuaNjo6aGNuvA2', '2021-02-10', 16, 3, 0),
('6YcTMa6u5xScwJxuaNjo6aGNuvA2', '2021-02-10', 17, 2, 0),
('6YcTMa6u5xScwJxuaNjo6aGNuvA2', '2021-02-10', 18, 0, 0),
('6YcTMa6u5xScwJxuaNjo6aGNuvA2', '2021-02-10', 19, 0, 0),
('6YcTMa6u5xScwJxuaNjo6aGNuvA2', '2021-02-10', 20, 0, 0),
('6YcTMa6u5xScwJxuaNjo6aGNuvA2', '2021-02-10', 21, 2, 0),
('6YcTMa6u5xScwJxuaNjo6aGNuvA2', '2021-02-10', 22, 0, 0),
('6YcTMa6u5xScwJxuaNjo6aGNuvA2', '2021-02-10', 23, 0, 0),
('6YcTMa6u5xScwJxuaNjo6aGNuvA2', '2021-02-10', 24, 0, 0),
('6YcTMa6u5xScwJxuaNjo6aGNuvA2', '2021-02-10', 25, 3, 0),
('6YcTMa6u5xScwJxuaNjo6aGNuvA2', '2021-02-10', 26, 2, 0),
('6YcTMa6u5xScwJxuaNjo6aGNuvA2', '2021-02-10', 27, 2, 0),
('6YcTMa6u5xScwJxuaNjo6aGNuvA2', '2021-02-10', 28, 0, 0),
('7B3PNvKwgDa55hqCfk0KhR2kb4H2', '2021-04-15', 1, 1, 1),
('7B3PNvKwgDa55hqCfk0KhR2kb4H2', '2021-04-15', 2, 1, 1),
('7B3PNvKwgDa55hqCfk0KhR2kb4H2', '2021-04-15', 3, 0, 0),
('7B3PNvKwgDa55hqCfk0KhR2kb4H2', '2021-04-15', 4, 0, 0),
('7B3PNvKwgDa55hqCfk0KhR2kb4H2', '2021-04-15', 5, 0, 0),
('7B3PNvKwgDa55hqCfk0KhR2kb4H2', '2021-04-15', 6, 0, 0),
('7B3PNvKwgDa55hqCfk0KhR2kb4H2', '2021-04-15', 7, 0, 0),
('7B3PNvKwgDa55hqCfk0KhR2kb4H2', '2021-04-15', 8, 2, 0),
('7B3PNvKwgDa55hqCfk0KhR2kb4H2', '2021-04-15', 9, 2, 0),
('7B3PNvKwgDa55hqCfk0KhR2kb4H2', '2021-04-15', 10, 4, 0),
('7B3PNvKwgDa55hqCfk0KhR2kb4H2', '2021-04-15', 11, 0, 0),
('7B3PNvKwgDa55hqCfk0KhR2kb4H2', '2021-04-15', 13, 0, 0),
('7B3PNvKwgDa55hqCfk0KhR2kb4H2', '2021-04-15', 14, 0, 0),
('7B3PNvKwgDa55hqCfk0KhR2kb4H2', '2021-04-15', 15, 1, 0),
('7B3PNvKwgDa55hqCfk0KhR2kb4H2', '2021-04-15', 16, 3, 0),
('7B3PNvKwgDa55hqCfk0KhR2kb4H2', '2021-04-15', 17, 2, 0),
('7B3PNvKwgDa55hqCfk0KhR2kb4H2', '2021-04-15', 18, 0, 0),
('7B3PNvKwgDa55hqCfk0KhR2kb4H2', '2021-04-15', 19, 0, 0),
('7B3PNvKwgDa55hqCfk0KhR2kb4H2', '2021-04-15', 20, 0, 0),
('7B3PNvKwgDa55hqCfk0KhR2kb4H2', '2021-04-15', 21, 2, 0),
('7B3PNvKwgDa55hqCfk0KhR2kb4H2', '2021-04-15', 22, 0, 0),
('7B3PNvKwgDa55hqCfk0KhR2kb4H2', '2021-04-15', 23, 0, 0),
('7B3PNvKwgDa55hqCfk0KhR2kb4H2', '2021-04-15', 24, 0, 0),
('7B3PNvKwgDa55hqCfk0KhR2kb4H2', '2021-04-15', 25, 3, 0),
('7B3PNvKwgDa55hqCfk0KhR2kb4H2', '2021-04-15', 26, 2, 0),
('7B3PNvKwgDa55hqCfk0KhR2kb4H2', '2021-04-15', 27, 2, 0),
('7B3PNvKwgDa55hqCfk0KhR2kb4H2', '2021-04-15', 28, 0, 0),
('7Cv2ik1ChLet0RGxtikzOMybQ1V2', '2021-02-16', 1, 1, 1),
('7Cv2ik1ChLet0RGxtikzOMybQ1V2', '2021-02-16', 2, 1, 1),
('7Cv2ik1ChLet0RGxtikzOMybQ1V2', '2021-02-15', 3, 0, 0),
('7Cv2ik1ChLet0RGxtikzOMybQ1V2', '2021-02-15', 4, 0, 0),
('7Cv2ik1ChLet0RGxtikzOMybQ1V2', '2021-02-15', 5, 0, 0),
('7Cv2ik1ChLet0RGxtikzOMybQ1V2', '2021-02-15', 6, 0, 0),
('7Cv2ik1ChLet0RGxtikzOMybQ1V2', '2021-02-15', 7, 0, 0),
('7Cv2ik1ChLet0RGxtikzOMybQ1V2', '2021-02-15', 8, 2, 0),
('7Cv2ik1ChLet0RGxtikzOMybQ1V2', '2021-02-15', 9, 2, 0),
('7Cv2ik1ChLet0RGxtikzOMybQ1V2', '2021-02-15', 10, 4, 0),
('7Cv2ik1ChLet0RGxtikzOMybQ1V2', '2021-02-15', 11, 0, 0),
('7Cv2ik1ChLet0RGxtikzOMybQ1V2', '2021-02-15', 13, 0, 0),
('7Cv2ik1ChLet0RGxtikzOMybQ1V2', '2021-02-15', 14, 0, 0),
('7Cv2ik1ChLet0RGxtikzOMybQ1V2', '2021-02-15', 15, 1, 0),
('7Cv2ik1ChLet0RGxtikzOMybQ1V2', '2021-02-15', 16, 3, 0),
('7Cv2ik1ChLet0RGxtikzOMybQ1V2', '2021-02-15', 17, 2, 0),
('7Cv2ik1ChLet0RGxtikzOMybQ1V2', '2021-02-15', 18, 0, 0),
('7Cv2ik1ChLet0RGxtikzOMybQ1V2', '2021-02-15', 19, 0, 0),
('7Cv2ik1ChLet0RGxtikzOMybQ1V2', '2021-02-15', 20, 0, 0),
('7Cv2ik1ChLet0RGxtikzOMybQ1V2', '2021-02-15', 21, 2, 0),
('7Cv2ik1ChLet0RGxtikzOMybQ1V2', '2021-02-15', 22, 0, 0),
('7Cv2ik1ChLet0RGxtikzOMybQ1V2', '2021-02-15', 23, 0, 0),
('7Cv2ik1ChLet0RGxtikzOMybQ1V2', '2021-02-15', 24, 0, 0),
('7Cv2ik1ChLet0RGxtikzOMybQ1V2', '2021-02-15', 25, 3, 0),
('7Cv2ik1ChLet0RGxtikzOMybQ1V2', '2021-02-15', 26, 2, 0),
('7Cv2ik1ChLet0RGxtikzOMybQ1V2', '2021-02-15', 27, 2, 0),
('7Cv2ik1ChLet0RGxtikzOMybQ1V2', '2021-02-15', 28, 0, 0),
('7wWYCUNl5mSvpJD5lNmXPh4bh113', '2021-01-03', 1, 1, 0),
('7wWYCUNl5mSvpJD5lNmXPh4bh113', '2021-01-03', 2, 1, 0),
('7wWYCUNl5mSvpJD5lNmXPh4bh113', '2021-01-03', 3, 0, 0),
('7wWYCUNl5mSvpJD5lNmXPh4bh113', '2021-01-03', 4, 0, 0),
('7wWYCUNl5mSvpJD5lNmXPh4bh113', '2021-01-03', 5, 0, 0),
('7wWYCUNl5mSvpJD5lNmXPh4bh113', '2021-01-03', 6, 0, 0),
('7wWYCUNl5mSvpJD5lNmXPh4bh113', '2021-01-03', 7, 0, 0),
('7wWYCUNl5mSvpJD5lNmXPh4bh113', '2021-01-03', 8, 2, 0),
('7wWYCUNl5mSvpJD5lNmXPh4bh113', '2021-01-03', 9, 2, 0),
('7wWYCUNl5mSvpJD5lNmXPh4bh113', '2021-01-03', 10, 4, 0),
('7wWYCUNl5mSvpJD5lNmXPh4bh113', '2021-01-03', 11, 0, 0),
('7wWYCUNl5mSvpJD5lNmXPh4bh113', '2021-01-03', 13, 0, 0),
('7wWYCUNl5mSvpJD5lNmXPh4bh113', '2021-01-03', 14, 0, 0),
('7wWYCUNl5mSvpJD5lNmXPh4bh113', '2021-01-03', 15, 1, 0),
('7wWYCUNl5mSvpJD5lNmXPh4bh113', '2021-01-03', 16, 3, 0),
('7wWYCUNl5mSvpJD5lNmXPh4bh113', '2021-01-03', 17, 2, 0),
('7wWYCUNl5mSvpJD5lNmXPh4bh113', '2021-01-03', 18, 0, 0),
('7wWYCUNl5mSvpJD5lNmXPh4bh113', '2021-01-03', 19, 0, 0),
('7wWYCUNl5mSvpJD5lNmXPh4bh113', '2021-01-03', 20, 0, 0),
('7wWYCUNl5mSvpJD5lNmXPh4bh113', '2021-01-03', 21, 2, 0),
('7wWYCUNl5mSvpJD5lNmXPh4bh113', '2021-01-03', 22, 0, 0),
('7wWYCUNl5mSvpJD5lNmXPh4bh113', '2021-01-03', 23, 0, 0),
('7wWYCUNl5mSvpJD5lNmXPh4bh113', '2021-01-03', 24, 0, 0),
('7wWYCUNl5mSvpJD5lNmXPh4bh113', '2021-01-03', 25, 3, 0),
('7wWYCUNl5mSvpJD5lNmXPh4bh113', '2021-01-03', 26, 2, 0),
('7wWYCUNl5mSvpJD5lNmXPh4bh113', '2021-01-03', 27, 2, 0),
('7wWYCUNl5mSvpJD5lNmXPh4bh113', '2021-01-03', 28, 0, 0),
('8I52zbAPgvX3JsgHpJRdmANbpj32', '2021-04-26', 1, 1, 0),
('8I52zbAPgvX3JsgHpJRdmANbpj32', '2021-04-26', 2, 1, 0),
('8I52zbAPgvX3JsgHpJRdmANbpj32', '2021-04-26', 3, 0, 0),
('8I52zbAPgvX3JsgHpJRdmANbpj32', '2021-04-26', 4, 0, 0),
('8I52zbAPgvX3JsgHpJRdmANbpj32', '2021-04-26', 5, 0, 0),
('8I52zbAPgvX3JsgHpJRdmANbpj32', '2021-04-26', 6, 0, 0),
('8I52zbAPgvX3JsgHpJRdmANbpj32', '2021-04-26', 7, 0, 0),
('8I52zbAPgvX3JsgHpJRdmANbpj32', '2021-04-26', 8, 2, 0),
('8I52zbAPgvX3JsgHpJRdmANbpj32', '2021-04-26', 9, 2, 0),
('8I52zbAPgvX3JsgHpJRdmANbpj32', '2021-04-26', 10, 4, 0),
('8I52zbAPgvX3JsgHpJRdmANbpj32', '2021-04-26', 11, 0, 0),
('8I52zbAPgvX3JsgHpJRdmANbpj32', '2021-04-26', 13, 0, 0),
('8I52zbAPgvX3JsgHpJRdmANbpj32', '2021-04-26', 14, 0, 0),
('8I52zbAPgvX3JsgHpJRdmANbpj32', '2021-04-26', 15, 1, 0),
('8I52zbAPgvX3JsgHpJRdmANbpj32', '2021-04-26', 16, 3, 0),
('8I52zbAPgvX3JsgHpJRdmANbpj32', '2021-04-26', 17, 2, 0),
('8I52zbAPgvX3JsgHpJRdmANbpj32', '2021-04-26', 18, 0, 0),
('8I52zbAPgvX3JsgHpJRdmANbpj32', '2021-04-26', 19, 0, 0),
('8I52zbAPgvX3JsgHpJRdmANbpj32', '2021-04-26', 20, 0, 0),
('8I52zbAPgvX3JsgHpJRdmANbpj32', '2021-04-26', 21, 2, 0),
('8I52zbAPgvX3JsgHpJRdmANbpj32', '2021-04-26', 22, 0, 0),
('8I52zbAPgvX3JsgHpJRdmANbpj32', '2021-04-26', 23, 0, 0),
('8I52zbAPgvX3JsgHpJRdmANbpj32', '2021-04-26', 24, 0, 0),
('8I52zbAPgvX3JsgHpJRdmANbpj32', '2021-04-26', 25, 3, 0),
('8I52zbAPgvX3JsgHpJRdmANbpj32', '2021-04-26', 26, 2, 0),
('8I52zbAPgvX3JsgHpJRdmANbpj32', '2021-04-26', 27, 2, 0),
('8I52zbAPgvX3JsgHpJRdmANbpj32', '2021-04-26', 28, 0, 0),
('8n2FZfXZpvbKXIpXUQpTOWVldzQ2', '2021-11-24', 1, 1, 1),
('8n2FZfXZpvbKXIpXUQpTOWVldzQ2', '2021-11-24', 2, 1, 1),
('8n2FZfXZpvbKXIpXUQpTOWVldzQ2', '2021-11-24', 3, 0, 0),
('8n2FZfXZpvbKXIpXUQpTOWVldzQ2', '2021-11-24', 4, 0, 0),
('8n2FZfXZpvbKXIpXUQpTOWVldzQ2', '2021-11-24', 5, 0, 0),
('8n2FZfXZpvbKXIpXUQpTOWVldzQ2', '2021-11-24', 6, 0, 0),
('8n2FZfXZpvbKXIpXUQpTOWVldzQ2', '2021-11-24', 7, 0, 0),
('8n2FZfXZpvbKXIpXUQpTOWVldzQ2', '2021-11-24', 8, 2, 0),
('8n2FZfXZpvbKXIpXUQpTOWVldzQ2', '2021-11-24', 9, 2, 0),
('8n2FZfXZpvbKXIpXUQpTOWVldzQ2', '2021-11-24', 10, 4, 0),
('8n2FZfXZpvbKXIpXUQpTOWVldzQ2', '2021-11-24', 11, 0, 0),
('8n2FZfXZpvbKXIpXUQpTOWVldzQ2', '2021-11-24', 13, 0, 0),
('8n2FZfXZpvbKXIpXUQpTOWVldzQ2', '2021-11-24', 14, 0, 0),
('8n2FZfXZpvbKXIpXUQpTOWVldzQ2', '2021-11-24', 15, 1, 0),
('8n2FZfXZpvbKXIpXUQpTOWVldzQ2', '2021-11-24', 16, 3, 0),
('8n2FZfXZpvbKXIpXUQpTOWVldzQ2', '2021-11-24', 17, 2, 0),
('8n2FZfXZpvbKXIpXUQpTOWVldzQ2', '2021-11-24', 18, 0, 0),
('8n2FZfXZpvbKXIpXUQpTOWVldzQ2', '2021-11-24', 19, 0, 0),
('8n2FZfXZpvbKXIpXUQpTOWVldzQ2', '2021-11-24', 20, 0, 0),
('8n2FZfXZpvbKXIpXUQpTOWVldzQ2', '2021-11-24', 21, 2, 0),
('8n2FZfXZpvbKXIpXUQpTOWVldzQ2', '2021-11-24', 22, 0, 0),
('8n2FZfXZpvbKXIpXUQpTOWVldzQ2', '2021-11-24', 23, 0, 0),
('8n2FZfXZpvbKXIpXUQpTOWVldzQ2', '2021-11-24', 24, 0, 0),
('8n2FZfXZpvbKXIpXUQpTOWVldzQ2', '2021-11-24', 25, 3, 0),
('8n2FZfXZpvbKXIpXUQpTOWVldzQ2', '2021-11-24', 26, 2, 0),
('8n2FZfXZpvbKXIpXUQpTOWVldzQ2', '2021-11-24', 27, 2, 0),
('8n2FZfXZpvbKXIpXUQpTOWVldzQ2', '2021-11-24', 28, 0, 0),
('8QSkTaRHttOB2T8IO6eNQcLR34J2', '2021-01-16', 1, 1, 0),
('8QSkTaRHttOB2T8IO6eNQcLR34J2', '2021-01-16', 2, 1, 0),
('8QSkTaRHttOB2T8IO6eNQcLR34J2', '2021-01-16', 3, 0, 0),
('8QSkTaRHttOB2T8IO6eNQcLR34J2', '2021-01-16', 4, 0, 0),
('8QSkTaRHttOB2T8IO6eNQcLR34J2', '2021-01-16', 5, 0, 0),
('8QSkTaRHttOB2T8IO6eNQcLR34J2', '2021-01-16', 6, 0, 0),
('8QSkTaRHttOB2T8IO6eNQcLR34J2', '2021-01-16', 7, 0, 0),
('8QSkTaRHttOB2T8IO6eNQcLR34J2', '2021-01-16', 8, 2, 0),
('8QSkTaRHttOB2T8IO6eNQcLR34J2', '2021-01-16', 9, 2, 0),
('8QSkTaRHttOB2T8IO6eNQcLR34J2', '2021-01-16', 10, 4, 0),
('8QSkTaRHttOB2T8IO6eNQcLR34J2', '2021-01-16', 11, 0, 0),
('8QSkTaRHttOB2T8IO6eNQcLR34J2', '2021-01-16', 13, 0, 0),
('8QSkTaRHttOB2T8IO6eNQcLR34J2', '2021-01-16', 14, 0, 0),
('8QSkTaRHttOB2T8IO6eNQcLR34J2', '2021-01-16', 15, 1, 0),
('8QSkTaRHttOB2T8IO6eNQcLR34J2', '2021-01-16', 16, 3, 0),
('8QSkTaRHttOB2T8IO6eNQcLR34J2', '2021-01-16', 17, 2, 0),
('8QSkTaRHttOB2T8IO6eNQcLR34J2', '2021-01-16', 18, 0, 0),
('8QSkTaRHttOB2T8IO6eNQcLR34J2', '2021-01-16', 19, 0, 0),
('8QSkTaRHttOB2T8IO6eNQcLR34J2', '2021-01-16', 20, 0, 0),
('8QSkTaRHttOB2T8IO6eNQcLR34J2', '2021-01-16', 21, 2, 0),
('8QSkTaRHttOB2T8IO6eNQcLR34J2', '2021-01-16', 22, 0, 0),
('8QSkTaRHttOB2T8IO6eNQcLR34J2', '2021-01-16', 23, 0, 0),
('8QSkTaRHttOB2T8IO6eNQcLR34J2', '2021-01-16', 24, 0, 0),
('8QSkTaRHttOB2T8IO6eNQcLR34J2', '2021-01-16', 25, 3, 0),
('8QSkTaRHttOB2T8IO6eNQcLR34J2', '2021-01-16', 26, 2, 0),
('8QSkTaRHttOB2T8IO6eNQcLR34J2', '2021-01-16', 27, 2, 0),
('8QSkTaRHttOB2T8IO6eNQcLR34J2', '2021-01-16', 28, 0, 0),
('92wrsmrU9VhzX9V4C6mI1kXu79L2', '2021-01-14', 1, 1, 1),
('92wrsmrU9VhzX9V4C6mI1kXu79L2', '2021-01-14', 2, 1, 1),
('92wrsmrU9VhzX9V4C6mI1kXu79L2', '2021-01-14', 3, 1, 1),
('92wrsmrU9VhzX9V4C6mI1kXu79L2', '2021-01-14', 4, 0, 1),
('92wrsmrU9VhzX9V4C6mI1kXu79L2', '2021-01-14', 5, 0, 1),
('92wrsmrU9VhzX9V4C6mI1kXu79L2', '2021-01-14', 6, 0, 0),
('92wrsmrU9VhzX9V4C6mI1kXu79L2', '2021-01-14', 7, 0, 0),
('92wrsmrU9VhzX9V4C6mI1kXu79L2', '2021-01-14', 8, 2, 0),
('92wrsmrU9VhzX9V4C6mI1kXu79L2', '2021-01-14', 9, 2, 0),
('92wrsmrU9VhzX9V4C6mI1kXu79L2', '2021-01-14', 10, 4, 0),
('92wrsmrU9VhzX9V4C6mI1kXu79L2', '2021-01-14', 11, 0, 0),
('92wrsmrU9VhzX9V4C6mI1kXu79L2', '2021-01-14', 13, 0, 0),
('92wrsmrU9VhzX9V4C6mI1kXu79L2', '2021-01-14', 14, 0, 0),
('92wrsmrU9VhzX9V4C6mI1kXu79L2', '2021-01-14', 15, 1, 0),
('92wrsmrU9VhzX9V4C6mI1kXu79L2', '2021-01-14', 16, 3, 0),
('92wrsmrU9VhzX9V4C6mI1kXu79L2', '2021-01-14', 17, 2, 0),
('92wrsmrU9VhzX9V4C6mI1kXu79L2', '2021-01-14', 18, 0, 0),
('92wrsmrU9VhzX9V4C6mI1kXu79L2', '2021-01-14', 19, 0, 0),
('92wrsmrU9VhzX9V4C6mI1kXu79L2', '2021-01-14', 20, 0, 0),
('92wrsmrU9VhzX9V4C6mI1kXu79L2', '2021-01-14', 21, 2, 0),
('92wrsmrU9VhzX9V4C6mI1kXu79L2', '2021-01-14', 22, 0, 0),
('92wrsmrU9VhzX9V4C6mI1kXu79L2', '2021-01-14', 23, 0, 0),
('92wrsmrU9VhzX9V4C6mI1kXu79L2', '2021-01-14', 24, 0, 0),
('92wrsmrU9VhzX9V4C6mI1kXu79L2', '2021-01-14', 25, 3, 0),
('92wrsmrU9VhzX9V4C6mI1kXu79L2', '2021-01-14', 26, 2, 0),
('92wrsmrU9VhzX9V4C6mI1kXu79L2', '2021-01-14', 27, 2, 0),
('92wrsmrU9VhzX9V4C6mI1kXu79L2', '2021-01-14', 28, 0, 0),
('95c5RzBHp4cLgHQgVxJiWsrdln03', '2022-03-27', 1, 1, 0),
('95c5RzBHp4cLgHQgVxJiWsrdln03', '2022-03-27', 2, 1, 0),
('95c5RzBHp4cLgHQgVxJiWsrdln03', '2022-03-27', 3, 0, 0),
('95c5RzBHp4cLgHQgVxJiWsrdln03', '2022-03-27', 4, 0, 0),
('95c5RzBHp4cLgHQgVxJiWsrdln03', '2022-03-27', 5, 0, 0),
('95c5RzBHp4cLgHQgVxJiWsrdln03', '2022-03-27', 6, 0, 0),
('95c5RzBHp4cLgHQgVxJiWsrdln03', '2022-03-27', 7, 0, 0),
('95c5RzBHp4cLgHQgVxJiWsrdln03', '2022-03-27', 8, 2, 0),
('95c5RzBHp4cLgHQgVxJiWsrdln03', '2022-03-27', 9, 2, 0),
('95c5RzBHp4cLgHQgVxJiWsrdln03', '2022-03-27', 10, 4, 0),
('95c5RzBHp4cLgHQgVxJiWsrdln03', '2022-03-27', 11, 0, 0),
('95c5RzBHp4cLgHQgVxJiWsrdln03', '2022-03-27', 13, 0, 0),
('95c5RzBHp4cLgHQgVxJiWsrdln03', '2022-03-27', 14, 0, 0),
('95c5RzBHp4cLgHQgVxJiWsrdln03', '2022-03-27', 15, 1, 0),
('95c5RzBHp4cLgHQgVxJiWsrdln03', '2022-03-27', 16, 3, 0),
('95c5RzBHp4cLgHQgVxJiWsrdln03', '2022-03-27', 17, 2, 0),
('95c5RzBHp4cLgHQgVxJiWsrdln03', '2022-03-27', 18, 0, 0),
('95c5RzBHp4cLgHQgVxJiWsrdln03', '2022-03-27', 19, 0, 0),
('95c5RzBHp4cLgHQgVxJiWsrdln03', '2022-03-27', 20, 0, 0),
('95c5RzBHp4cLgHQgVxJiWsrdln03', '2022-03-27', 21, 2, 0),
('95c5RzBHp4cLgHQgVxJiWsrdln03', '2022-03-27', 22, 0, 0),
('95c5RzBHp4cLgHQgVxJiWsrdln03', '2022-03-27', 23, 0, 0),
('95c5RzBHp4cLgHQgVxJiWsrdln03', '2022-03-27', 24, 0, 0),
('95c5RzBHp4cLgHQgVxJiWsrdln03', '2022-03-27', 25, 3, 0),
('95c5RzBHp4cLgHQgVxJiWsrdln03', '2022-03-27', 26, 2, 0),
('95c5RzBHp4cLgHQgVxJiWsrdln03', '2022-03-27', 27, 2, 0),
('95c5RzBHp4cLgHQgVxJiWsrdln03', '2022-03-27', 28, 0, 0),
('96YQs1VQUaVyLWylZCtbp5rzf4w2', '2021-01-01', 1, 1, 0),
('96YQs1VQUaVyLWylZCtbp5rzf4w2', '2021-01-01', 2, 1, 0),
('96YQs1VQUaVyLWylZCtbp5rzf4w2', '2021-01-01', 3, 0, 0),
('96YQs1VQUaVyLWylZCtbp5rzf4w2', '2021-01-01', 4, 0, 0),
('96YQs1VQUaVyLWylZCtbp5rzf4w2', '2021-01-01', 5, 0, 0),
('96YQs1VQUaVyLWylZCtbp5rzf4w2', '2021-01-01', 6, 0, 0),
('96YQs1VQUaVyLWylZCtbp5rzf4w2', '2021-01-01', 7, 0, 0),
('96YQs1VQUaVyLWylZCtbp5rzf4w2', '2021-01-01', 8, 2, 0),
('96YQs1VQUaVyLWylZCtbp5rzf4w2', '2021-01-01', 9, 2, 0),
('96YQs1VQUaVyLWylZCtbp5rzf4w2', '2021-01-01', 10, 4, 0),
('96YQs1VQUaVyLWylZCtbp5rzf4w2', '2021-01-01', 11, 0, 0),
('96YQs1VQUaVyLWylZCtbp5rzf4w2', '2021-01-01', 13, 0, 0),
('96YQs1VQUaVyLWylZCtbp5rzf4w2', '2021-01-01', 14, 0, 0),
('96YQs1VQUaVyLWylZCtbp5rzf4w2', '2021-01-01', 15, 1, 0),
('96YQs1VQUaVyLWylZCtbp5rzf4w2', '2021-01-01', 16, 3, 0),
('96YQs1VQUaVyLWylZCtbp5rzf4w2', '2021-01-01', 17, 2, 0),
('96YQs1VQUaVyLWylZCtbp5rzf4w2', '2021-01-01', 18, 0, 0),
('96YQs1VQUaVyLWylZCtbp5rzf4w2', '2021-01-01', 19, 0, 0),
('96YQs1VQUaVyLWylZCtbp5rzf4w2', '2021-01-01', 20, 0, 0),
('96YQs1VQUaVyLWylZCtbp5rzf4w2', '2021-01-01', 21, 2, 0),
('96YQs1VQUaVyLWylZCtbp5rzf4w2', '2021-01-01', 22, 0, 0),
('96YQs1VQUaVyLWylZCtbp5rzf4w2', '2021-01-01', 23, 0, 0),
('96YQs1VQUaVyLWylZCtbp5rzf4w2', '2021-01-01', 24, 0, 0),
('96YQs1VQUaVyLWylZCtbp5rzf4w2', '2021-01-01', 25, 3, 0),
('96YQs1VQUaVyLWylZCtbp5rzf4w2', '2021-01-01', 26, 2, 0),
('96YQs1VQUaVyLWylZCtbp5rzf4w2', '2021-01-01', 27, 2, 0),
('96YQs1VQUaVyLWylZCtbp5rzf4w2', '2021-01-01', 28, 0, 0),
('9vvR6AXDRVZGwwaWd2evl5HH5Bk1', '2021-02-15', 1, 1, 1),
('9vvR6AXDRVZGwwaWd2evl5HH5Bk1', '2021-02-15', 2, 1, 1),
('9vvR6AXDRVZGwwaWd2evl5HH5Bk1', '2021-02-18', 3, 1, 1),
('9vvR6AXDRVZGwwaWd2evl5HH5Bk1', '2021-02-18', 4, 1, 1),
('9vvR6AXDRVZGwwaWd2evl5HH5Bk1', '2021-02-18', 5, 2, 1),
('9vvR6AXDRVZGwwaWd2evl5HH5Bk1', '2021-02-18', 6, 0, 1),
('9vvR6AXDRVZGwwaWd2evl5HH5Bk1', '2021-02-15', 7, 0, 0),
('9vvR6AXDRVZGwwaWd2evl5HH5Bk1', '2021-02-15', 8, 2, 0),
('9vvR6AXDRVZGwwaWd2evl5HH5Bk1', '2021-02-15', 9, 2, 0),
('9vvR6AXDRVZGwwaWd2evl5HH5Bk1', '2021-02-15', 10, 4, 0),
('9vvR6AXDRVZGwwaWd2evl5HH5Bk1', '2021-02-15', 11, 0, 0),
('9vvR6AXDRVZGwwaWd2evl5HH5Bk1', '2021-02-15', 13, 0, 0),
('9vvR6AXDRVZGwwaWd2evl5HH5Bk1', '2021-02-15', 14, 0, 0),
('9vvR6AXDRVZGwwaWd2evl5HH5Bk1', '2021-02-15', 15, 1, 0),
('9vvR6AXDRVZGwwaWd2evl5HH5Bk1', '2021-02-15', 16, 3, 0),
('9vvR6AXDRVZGwwaWd2evl5HH5Bk1', '2021-02-15', 17, 2, 0),
('9vvR6AXDRVZGwwaWd2evl5HH5Bk1', '2021-02-15', 18, 0, 0),
('9vvR6AXDRVZGwwaWd2evl5HH5Bk1', '2021-02-15', 19, 0, 0),
('9vvR6AXDRVZGwwaWd2evl5HH5Bk1', '2021-02-15', 20, 0, 0),
('9vvR6AXDRVZGwwaWd2evl5HH5Bk1', '2021-02-15', 21, 2, 0),
('9vvR6AXDRVZGwwaWd2evl5HH5Bk1', '2021-02-15', 22, 0, 0),
('9vvR6AXDRVZGwwaWd2evl5HH5Bk1', '2021-02-15', 23, 0, 0),
('9vvR6AXDRVZGwwaWd2evl5HH5Bk1', '2021-02-15', 24, 0, 0),
('9vvR6AXDRVZGwwaWd2evl5HH5Bk1', '2021-02-15', 25, 3, 0),
('9vvR6AXDRVZGwwaWd2evl5HH5Bk1', '2021-02-15', 26, 2, 0),
('9vvR6AXDRVZGwwaWd2evl5HH5Bk1', '2021-02-15', 27, 2, 0),
('9vvR6AXDRVZGwwaWd2evl5HH5Bk1', '2021-02-15', 28, 0, 0),
('9xiGO9NWSLPCG6MUswXzBXsZkwh2', '2020-12-24', 1, 1, 0),
('9xiGO9NWSLPCG6MUswXzBXsZkwh2', '2020-12-24', 2, 1, 0),
('9xiGO9NWSLPCG6MUswXzBXsZkwh2', '2020-12-24', 3, 0, 0),
('9xiGO9NWSLPCG6MUswXzBXsZkwh2', '2020-12-24', 4, 0, 1),
('9xiGO9NWSLPCG6MUswXzBXsZkwh2', '2020-12-24', 5, 2, 1);
INSERT INTO `user_cups` (`user_name`, `date_update`, `chapter_id`, `victory_cups_wined`, `is_readed`) VALUES
('9xiGO9NWSLPCG6MUswXzBXsZkwh2', '2020-12-24', 6, 2, 1),
('9xiGO9NWSLPCG6MUswXzBXsZkwh2', '2020-12-24', 7, 0, 0),
('9xiGO9NWSLPCG6MUswXzBXsZkwh2', '2020-12-24', 8, 2, 0),
('9xiGO9NWSLPCG6MUswXzBXsZkwh2', '2020-12-24', 9, 2, 0),
('9xiGO9NWSLPCG6MUswXzBXsZkwh2', '2020-12-24', 10, 4, 0),
('9xiGO9NWSLPCG6MUswXzBXsZkwh2', '2020-12-24', 11, 0, 0),
('9xiGO9NWSLPCG6MUswXzBXsZkwh2', '2020-12-24', 13, 0, 0),
('9xiGO9NWSLPCG6MUswXzBXsZkwh2', '2020-12-24', 14, 0, 0),
('9xiGO9NWSLPCG6MUswXzBXsZkwh2', '2020-12-24', 15, 1, 0),
('9xiGO9NWSLPCG6MUswXzBXsZkwh2', '2020-12-24', 16, 3, 0),
('9xiGO9NWSLPCG6MUswXzBXsZkwh2', '2020-12-24', 17, 2, 0),
('9xiGO9NWSLPCG6MUswXzBXsZkwh2', '2020-12-24', 18, 0, 0),
('9xiGO9NWSLPCG6MUswXzBXsZkwh2', '2020-12-24', 19, 0, 0),
('9xiGO9NWSLPCG6MUswXzBXsZkwh2', '2020-12-24', 20, 0, 0),
('9xiGO9NWSLPCG6MUswXzBXsZkwh2', '2020-12-24', 21, 2, 0),
('9xiGO9NWSLPCG6MUswXzBXsZkwh2', '2020-12-24', 22, 0, 0),
('9xiGO9NWSLPCG6MUswXzBXsZkwh2', '2020-12-24', 23, 0, 0),
('9xiGO9NWSLPCG6MUswXzBXsZkwh2', '2020-12-24', 24, 0, 0),
('9xiGO9NWSLPCG6MUswXzBXsZkwh2', '2020-12-24', 25, 3, 0),
('9xiGO9NWSLPCG6MUswXzBXsZkwh2', '2020-12-24', 26, 2, 0),
('9xiGO9NWSLPCG6MUswXzBXsZkwh2', '2020-12-24', 27, 2, 0),
('9xiGO9NWSLPCG6MUswXzBXsZkwh2', '2020-12-24', 28, 0, 0),
('a05fl3dgVBaI6eSfaLKmNk6iEal2', '2021-11-24', 1, 1, 0),
('a05fl3dgVBaI6eSfaLKmNk6iEal2', '2021-11-24', 2, 1, 0),
('a05fl3dgVBaI6eSfaLKmNk6iEal2', '2021-11-24', 3, 0, 0),
('a05fl3dgVBaI6eSfaLKmNk6iEal2', '2021-11-24', 4, 0, 0),
('a05fl3dgVBaI6eSfaLKmNk6iEal2', '2021-11-24', 5, 0, 0),
('a05fl3dgVBaI6eSfaLKmNk6iEal2', '2021-11-24', 6, 0, 0),
('a05fl3dgVBaI6eSfaLKmNk6iEal2', '2021-11-24', 7, 0, 0),
('a05fl3dgVBaI6eSfaLKmNk6iEal2', '2021-11-24', 8, 2, 0),
('a05fl3dgVBaI6eSfaLKmNk6iEal2', '2021-11-24', 9, 2, 0),
('a05fl3dgVBaI6eSfaLKmNk6iEal2', '2021-11-24', 10, 4, 0),
('a05fl3dgVBaI6eSfaLKmNk6iEal2', '2021-11-24', 11, 0, 0),
('a05fl3dgVBaI6eSfaLKmNk6iEal2', '2021-11-24', 13, 0, 0),
('a05fl3dgVBaI6eSfaLKmNk6iEal2', '2021-11-24', 14, 0, 0),
('a05fl3dgVBaI6eSfaLKmNk6iEal2', '2021-11-24', 15, 1, 0),
('a05fl3dgVBaI6eSfaLKmNk6iEal2', '2021-11-24', 16, 3, 0),
('a05fl3dgVBaI6eSfaLKmNk6iEal2', '2021-11-24', 17, 2, 0),
('a05fl3dgVBaI6eSfaLKmNk6iEal2', '2021-11-24', 18, 0, 0),
('a05fl3dgVBaI6eSfaLKmNk6iEal2', '2021-11-24', 19, 0, 0),
('a05fl3dgVBaI6eSfaLKmNk6iEal2', '2021-11-24', 20, 0, 0),
('a05fl3dgVBaI6eSfaLKmNk6iEal2', '2021-11-24', 21, 2, 0),
('a05fl3dgVBaI6eSfaLKmNk6iEal2', '2021-11-24', 22, 0, 0),
('a05fl3dgVBaI6eSfaLKmNk6iEal2', '2021-11-24', 23, 0, 0),
('a05fl3dgVBaI6eSfaLKmNk6iEal2', '2021-11-24', 24, 0, 0),
('a05fl3dgVBaI6eSfaLKmNk6iEal2', '2021-11-24', 25, 3, 0),
('a05fl3dgVBaI6eSfaLKmNk6iEal2', '2021-11-24', 26, 2, 0),
('a05fl3dgVBaI6eSfaLKmNk6iEal2', '2021-11-24', 27, 2, 0),
('a05fl3dgVBaI6eSfaLKmNk6iEal2', '2021-11-24', 28, 0, 0),
('AhIX5gSsTVd30wcwjTwhV10IT8d2', '2021-01-13', 1, 1, 0),
('AhIX5gSsTVd30wcwjTwhV10IT8d2', '2021-01-13', 2, 1, 0),
('AhIX5gSsTVd30wcwjTwhV10IT8d2', '2021-01-13', 3, 0, 0),
('AhIX5gSsTVd30wcwjTwhV10IT8d2', '2021-01-13', 4, 0, 0),
('AhIX5gSsTVd30wcwjTwhV10IT8d2', '2021-01-13', 5, 0, 0),
('AhIX5gSsTVd30wcwjTwhV10IT8d2', '2021-01-13', 6, 2, 1),
('AhIX5gSsTVd30wcwjTwhV10IT8d2', '2021-01-13', 7, 2, 1),
('AhIX5gSsTVd30wcwjTwhV10IT8d2', '2021-01-13', 8, 2, 1),
('AhIX5gSsTVd30wcwjTwhV10IT8d2', '2021-01-13', 9, 2, 1),
('AhIX5gSsTVd30wcwjTwhV10IT8d2', '2021-01-13', 10, 4, 0),
('AhIX5gSsTVd30wcwjTwhV10IT8d2', '2021-01-13', 11, 0, 0),
('AhIX5gSsTVd30wcwjTwhV10IT8d2', '2021-01-13', 13, 0, 0),
('AhIX5gSsTVd30wcwjTwhV10IT8d2', '2021-01-13', 14, 0, 0),
('AhIX5gSsTVd30wcwjTwhV10IT8d2', '2021-01-13', 15, 1, 0),
('AhIX5gSsTVd30wcwjTwhV10IT8d2', '2021-01-13', 16, 3, 0),
('AhIX5gSsTVd30wcwjTwhV10IT8d2', '2021-01-13', 17, 2, 0),
('AhIX5gSsTVd30wcwjTwhV10IT8d2', '2021-01-13', 18, 0, 0),
('AhIX5gSsTVd30wcwjTwhV10IT8d2', '2021-01-13', 19, 0, 0),
('AhIX5gSsTVd30wcwjTwhV10IT8d2', '2021-01-13', 20, 0, 0),
('AhIX5gSsTVd30wcwjTwhV10IT8d2', '2021-01-13', 21, 2, 0),
('AhIX5gSsTVd30wcwjTwhV10IT8d2', '2021-01-13', 22, 0, 0),
('AhIX5gSsTVd30wcwjTwhV10IT8d2', '2021-01-13', 23, 0, 0),
('AhIX5gSsTVd30wcwjTwhV10IT8d2', '2021-01-13', 24, 0, 0),
('AhIX5gSsTVd30wcwjTwhV10IT8d2', '2021-01-13', 25, 3, 0),
('AhIX5gSsTVd30wcwjTwhV10IT8d2', '2021-01-13', 26, 2, 0),
('AhIX5gSsTVd30wcwjTwhV10IT8d2', '2021-01-13', 27, 2, 0),
('AhIX5gSsTVd30wcwjTwhV10IT8d2', '2021-01-13', 28, 0, 0),
('akn6Rbzl1LNIzimTlanmR2vMJX43', '2021-11-24', 1, 1, 0),
('akn6Rbzl1LNIzimTlanmR2vMJX43', '2021-11-24', 2, 1, 0),
('akn6Rbzl1LNIzimTlanmR2vMJX43', '2021-11-24', 3, 0, 0),
('akn6Rbzl1LNIzimTlanmR2vMJX43', '2021-11-24', 4, 0, 0),
('akn6Rbzl1LNIzimTlanmR2vMJX43', '2021-11-24', 5, 0, 0),
('akn6Rbzl1LNIzimTlanmR2vMJX43', '2021-11-24', 6, 0, 0),
('akn6Rbzl1LNIzimTlanmR2vMJX43', '2021-11-24', 7, 0, 0),
('akn6Rbzl1LNIzimTlanmR2vMJX43', '2021-11-24', 8, 2, 0),
('akn6Rbzl1LNIzimTlanmR2vMJX43', '2021-11-24', 9, 2, 0),
('akn6Rbzl1LNIzimTlanmR2vMJX43', '2021-11-24', 10, 4, 0),
('akn6Rbzl1LNIzimTlanmR2vMJX43', '2021-11-24', 11, 0, 0),
('akn6Rbzl1LNIzimTlanmR2vMJX43', '2021-11-24', 13, 0, 0),
('akn6Rbzl1LNIzimTlanmR2vMJX43', '2021-11-24', 14, 0, 0),
('akn6Rbzl1LNIzimTlanmR2vMJX43', '2021-11-24', 15, 1, 0),
('akn6Rbzl1LNIzimTlanmR2vMJX43', '2021-11-24', 16, 3, 0),
('akn6Rbzl1LNIzimTlanmR2vMJX43', '2021-11-24', 17, 2, 0),
('akn6Rbzl1LNIzimTlanmR2vMJX43', '2021-11-24', 18, 0, 0),
('akn6Rbzl1LNIzimTlanmR2vMJX43', '2021-11-24', 19, 0, 0),
('akn6Rbzl1LNIzimTlanmR2vMJX43', '2021-11-24', 20, 0, 0),
('akn6Rbzl1LNIzimTlanmR2vMJX43', '2021-11-24', 21, 2, 0),
('akn6Rbzl1LNIzimTlanmR2vMJX43', '2021-11-24', 22, 0, 0),
('akn6Rbzl1LNIzimTlanmR2vMJX43', '2021-11-24', 23, 0, 0),
('akn6Rbzl1LNIzimTlanmR2vMJX43', '2021-11-24', 24, 0, 0),
('akn6Rbzl1LNIzimTlanmR2vMJX43', '2021-11-24', 25, 3, 0),
('akn6Rbzl1LNIzimTlanmR2vMJX43', '2021-11-24', 26, 2, 0),
('akn6Rbzl1LNIzimTlanmR2vMJX43', '2021-11-24', 27, 2, 0),
('akn6Rbzl1LNIzimTlanmR2vMJX43', '2021-11-24', 28, 0, 0),
('ASrIVL99JXWAkHmhZ51swSJXQss2', '2022-03-04', 1, 1, 0),
('ASrIVL99JXWAkHmhZ51swSJXQss2', '2022-03-04', 2, 1, 0),
('ASrIVL99JXWAkHmhZ51swSJXQss2', '2022-03-04', 3, 0, 0),
('ASrIVL99JXWAkHmhZ51swSJXQss2', '2022-03-04', 4, 0, 0),
('ASrIVL99JXWAkHmhZ51swSJXQss2', '2022-03-04', 5, 0, 0),
('ASrIVL99JXWAkHmhZ51swSJXQss2', '2022-03-04', 6, 0, 0),
('ASrIVL99JXWAkHmhZ51swSJXQss2', '2022-03-04', 7, 0, 0),
('ASrIVL99JXWAkHmhZ51swSJXQss2', '2022-03-04', 8, 2, 0),
('ASrIVL99JXWAkHmhZ51swSJXQss2', '2022-03-04', 9, 2, 0),
('ASrIVL99JXWAkHmhZ51swSJXQss2', '2022-03-04', 10, 4, 0),
('ASrIVL99JXWAkHmhZ51swSJXQss2', '2022-03-04', 11, 0, 0),
('ASrIVL99JXWAkHmhZ51swSJXQss2', '2022-03-04', 13, 0, 0),
('ASrIVL99JXWAkHmhZ51swSJXQss2', '2022-03-04', 14, 0, 0),
('ASrIVL99JXWAkHmhZ51swSJXQss2', '2022-03-04', 15, 1, 0),
('ASrIVL99JXWAkHmhZ51swSJXQss2', '2022-03-04', 16, 3, 0),
('ASrIVL99JXWAkHmhZ51swSJXQss2', '2022-03-04', 17, 2, 0),
('ASrIVL99JXWAkHmhZ51swSJXQss2', '2022-03-04', 18, 0, 0),
('ASrIVL99JXWAkHmhZ51swSJXQss2', '2022-03-04', 19, 0, 0),
('ASrIVL99JXWAkHmhZ51swSJXQss2', '2022-03-04', 20, 0, 0),
('ASrIVL99JXWAkHmhZ51swSJXQss2', '2022-03-04', 21, 2, 0),
('ASrIVL99JXWAkHmhZ51swSJXQss2', '2022-03-04', 22, 0, 0),
('ASrIVL99JXWAkHmhZ51swSJXQss2', '2022-03-04', 23, 0, 0),
('ASrIVL99JXWAkHmhZ51swSJXQss2', '2022-03-04', 24, 0, 0),
('ASrIVL99JXWAkHmhZ51swSJXQss2', '2022-03-04', 25, 3, 0),
('ASrIVL99JXWAkHmhZ51swSJXQss2', '2022-03-04', 26, 2, 0),
('ASrIVL99JXWAkHmhZ51swSJXQss2', '2022-03-04', 27, 2, 0),
('ASrIVL99JXWAkHmhZ51swSJXQss2', '2022-03-04', 28, 0, 0),
('b3tRjox8bwN4C34jdd1BeEQPHd72', '2021-05-25', 1, 1, 0),
('b3tRjox8bwN4C34jdd1BeEQPHd72', '2021-05-25', 2, 1, 0),
('b3tRjox8bwN4C34jdd1BeEQPHd72', '2021-05-25', 3, 0, 0),
('b3tRjox8bwN4C34jdd1BeEQPHd72', '2021-05-25', 4, 0, 0),
('b3tRjox8bwN4C34jdd1BeEQPHd72', '2021-05-25', 5, 0, 0),
('b3tRjox8bwN4C34jdd1BeEQPHd72', '2021-05-25', 6, 0, 0),
('b3tRjox8bwN4C34jdd1BeEQPHd72', '2021-05-25', 7, 0, 0),
('b3tRjox8bwN4C34jdd1BeEQPHd72', '2021-05-25', 8, 2, 0),
('b3tRjox8bwN4C34jdd1BeEQPHd72', '2021-05-25', 9, 2, 0),
('b3tRjox8bwN4C34jdd1BeEQPHd72', '2021-05-25', 10, 4, 0),
('b3tRjox8bwN4C34jdd1BeEQPHd72', '2021-05-25', 11, 0, 0),
('b3tRjox8bwN4C34jdd1BeEQPHd72', '2021-05-25', 13, 0, 0),
('b3tRjox8bwN4C34jdd1BeEQPHd72', '2021-05-25', 14, 0, 0),
('b3tRjox8bwN4C34jdd1BeEQPHd72', '2021-05-25', 15, 1, 0),
('b3tRjox8bwN4C34jdd1BeEQPHd72', '2021-05-25', 16, 3, 0),
('b3tRjox8bwN4C34jdd1BeEQPHd72', '2021-05-25', 17, 2, 0),
('b3tRjox8bwN4C34jdd1BeEQPHd72', '2021-05-25', 18, 0, 0),
('b3tRjox8bwN4C34jdd1BeEQPHd72', '2021-05-25', 19, 0, 0),
('b3tRjox8bwN4C34jdd1BeEQPHd72', '2021-05-25', 20, 0, 0),
('b3tRjox8bwN4C34jdd1BeEQPHd72', '2021-05-25', 21, 2, 0),
('b3tRjox8bwN4C34jdd1BeEQPHd72', '2021-05-25', 22, 0, 0),
('b3tRjox8bwN4C34jdd1BeEQPHd72', '2021-05-25', 23, 0, 0),
('b3tRjox8bwN4C34jdd1BeEQPHd72', '2021-05-25', 24, 0, 0),
('b3tRjox8bwN4C34jdd1BeEQPHd72', '2021-05-25', 25, 3, 0),
('b3tRjox8bwN4C34jdd1BeEQPHd72', '2021-05-25', 26, 2, 0),
('b3tRjox8bwN4C34jdd1BeEQPHd72', '2021-05-25', 27, 2, 0),
('b3tRjox8bwN4C34jdd1BeEQPHd72', '2021-05-25', 28, 0, 0),
('cEnlJyExb1PRLk4QPSgqhXZ0BkB2', '2021-11-24', 1, 1, 1),
('cEnlJyExb1PRLk4QPSgqhXZ0BkB2', '2021-11-24', 2, 1, 1),
('cEnlJyExb1PRLk4QPSgqhXZ0BkB2', '2021-11-24', 3, 1, 1),
('cEnlJyExb1PRLk4QPSgqhXZ0BkB2', '2021-11-25', 4, 1, 1),
('cEnlJyExb1PRLk4QPSgqhXZ0BkB2', '2021-11-26', 5, 0, 0),
('cEnlJyExb1PRLk4QPSgqhXZ0BkB2', '2021-11-24', 6, 0, 0),
('cEnlJyExb1PRLk4QPSgqhXZ0BkB2', '2021-11-24', 7, 0, 0),
('cEnlJyExb1PRLk4QPSgqhXZ0BkB2', '2021-11-24', 8, 2, 0),
('cEnlJyExb1PRLk4QPSgqhXZ0BkB2', '2021-11-24', 9, 2, 0),
('cEnlJyExb1PRLk4QPSgqhXZ0BkB2', '2021-11-24', 10, 4, 0),
('cEnlJyExb1PRLk4QPSgqhXZ0BkB2', '2021-11-24', 11, 0, 0),
('cEnlJyExb1PRLk4QPSgqhXZ0BkB2', '2021-11-24', 13, 0, 0),
('cEnlJyExb1PRLk4QPSgqhXZ0BkB2', '2021-11-24', 14, 0, 0),
('cEnlJyExb1PRLk4QPSgqhXZ0BkB2', '2021-11-24', 15, 1, 0),
('cEnlJyExb1PRLk4QPSgqhXZ0BkB2', '2021-11-24', 16, 3, 0),
('cEnlJyExb1PRLk4QPSgqhXZ0BkB2', '2021-11-24', 17, 2, 0),
('cEnlJyExb1PRLk4QPSgqhXZ0BkB2', '2021-11-24', 18, 0, 0),
('cEnlJyExb1PRLk4QPSgqhXZ0BkB2', '2021-11-24', 19, 0, 0),
('cEnlJyExb1PRLk4QPSgqhXZ0BkB2', '2021-11-24', 20, 0, 0),
('cEnlJyExb1PRLk4QPSgqhXZ0BkB2', '2021-11-24', 21, 2, 0),
('cEnlJyExb1PRLk4QPSgqhXZ0BkB2', '2021-11-24', 22, 0, 0),
('cEnlJyExb1PRLk4QPSgqhXZ0BkB2', '2021-11-24', 23, 0, 0),
('cEnlJyExb1PRLk4QPSgqhXZ0BkB2', '2021-11-24', 24, 0, 0),
('cEnlJyExb1PRLk4QPSgqhXZ0BkB2', '2021-11-24', 25, 3, 0),
('cEnlJyExb1PRLk4QPSgqhXZ0BkB2', '2021-11-24', 26, 2, 0),
('cEnlJyExb1PRLk4QPSgqhXZ0BkB2', '2021-11-24', 27, 2, 0),
('cEnlJyExb1PRLk4QPSgqhXZ0BkB2', '2021-11-24', 28, 0, 0),
('cK5vG4q1tcdcPgSPNgoSVBFobti2', '2020-12-18', 1, 1, 0),
('cK5vG4q1tcdcPgSPNgoSVBFobti2', '2020-12-18', 2, 1, 0),
('cK5vG4q1tcdcPgSPNgoSVBFobti2', '2020-12-18', 3, 0, 0),
('cK5vG4q1tcdcPgSPNgoSVBFobti2', '2020-12-18', 4, 0, 0),
('cK5vG4q1tcdcPgSPNgoSVBFobti2', '2020-12-18', 5, 0, 0),
('cK5vG4q1tcdcPgSPNgoSVBFobti2', '2020-12-18', 6, 0, 0),
('cK5vG4q1tcdcPgSPNgoSVBFobti2', '2020-12-18', 7, 0, 0),
('cK5vG4q1tcdcPgSPNgoSVBFobti2', '2020-12-18', 8, 2, 0),
('cK5vG4q1tcdcPgSPNgoSVBFobti2', '2020-12-18', 9, 2, 0),
('cK5vG4q1tcdcPgSPNgoSVBFobti2', '2020-12-18', 10, 4, 0),
('cK5vG4q1tcdcPgSPNgoSVBFobti2', '2020-12-18', 11, 0, 0),
('cK5vG4q1tcdcPgSPNgoSVBFobti2', '2020-12-18', 13, 0, 0),
('cK5vG4q1tcdcPgSPNgoSVBFobti2', '2020-12-18', 14, 0, 0),
('cK5vG4q1tcdcPgSPNgoSVBFobti2', '2020-12-18', 15, 1, 0),
('cK5vG4q1tcdcPgSPNgoSVBFobti2', '2020-12-18', 16, 3, 0),
('cK5vG4q1tcdcPgSPNgoSVBFobti2', '2020-12-18', 17, 2, 0),
('cK5vG4q1tcdcPgSPNgoSVBFobti2', '2020-12-18', 18, 0, 0),
('cK5vG4q1tcdcPgSPNgoSVBFobti2', '2020-12-18', 19, 0, 0),
('cK5vG4q1tcdcPgSPNgoSVBFobti2', '2020-12-18', 20, 0, 0),
('cK5vG4q1tcdcPgSPNgoSVBFobti2', '2020-12-18', 21, 2, 0),
('cK5vG4q1tcdcPgSPNgoSVBFobti2', '2020-12-18', 22, 0, 0),
('cK5vG4q1tcdcPgSPNgoSVBFobti2', '2020-12-18', 23, 0, 0),
('cK5vG4q1tcdcPgSPNgoSVBFobti2', '2020-12-18', 24, 0, 0),
('cK5vG4q1tcdcPgSPNgoSVBFobti2', '2020-12-18', 25, 3, 0),
('cK5vG4q1tcdcPgSPNgoSVBFobti2', '2020-12-18', 26, 2, 0),
('cK5vG4q1tcdcPgSPNgoSVBFobti2', '2020-12-18', 27, 2, 0),
('cK5vG4q1tcdcPgSPNgoSVBFobti2', '2020-12-18', 28, 0, 0),
('Coelky4nVFNrgt6hT3qV1m79nyF2', '2021-01-16', 1, 1, 0),
('Coelky4nVFNrgt6hT3qV1m79nyF2', '2021-01-16', 2, 1, 0),
('Coelky4nVFNrgt6hT3qV1m79nyF2', '2021-01-16', 3, 0, 0),
('Coelky4nVFNrgt6hT3qV1m79nyF2', '2021-01-16', 4, 0, 0),
('Coelky4nVFNrgt6hT3qV1m79nyF2', '2021-01-16', 5, 0, 0),
('Coelky4nVFNrgt6hT3qV1m79nyF2', '2021-01-16', 6, 0, 0),
('Coelky4nVFNrgt6hT3qV1m79nyF2', '2021-01-16', 7, 0, 0),
('Coelky4nVFNrgt6hT3qV1m79nyF2', '2021-01-16', 8, 2, 0),
('Coelky4nVFNrgt6hT3qV1m79nyF2', '2021-01-16', 9, 2, 0),
('Coelky4nVFNrgt6hT3qV1m79nyF2', '2021-01-16', 10, 4, 0),
('Coelky4nVFNrgt6hT3qV1m79nyF2', '2021-01-16', 11, 0, 0),
('Coelky4nVFNrgt6hT3qV1m79nyF2', '2021-01-16', 13, 0, 0),
('Coelky4nVFNrgt6hT3qV1m79nyF2', '2021-01-16', 14, 0, 0),
('Coelky4nVFNrgt6hT3qV1m79nyF2', '2021-01-16', 15, 1, 0),
('Coelky4nVFNrgt6hT3qV1m79nyF2', '2021-01-16', 16, 3, 0),
('Coelky4nVFNrgt6hT3qV1m79nyF2', '2021-01-16', 17, 2, 0),
('Coelky4nVFNrgt6hT3qV1m79nyF2', '2021-01-16', 18, 0, 0),
('Coelky4nVFNrgt6hT3qV1m79nyF2', '2021-01-16', 19, 0, 0),
('Coelky4nVFNrgt6hT3qV1m79nyF2', '2021-01-16', 20, 0, 0),
('Coelky4nVFNrgt6hT3qV1m79nyF2', '2021-01-16', 21, 2, 0),
('Coelky4nVFNrgt6hT3qV1m79nyF2', '2021-01-16', 22, 0, 0),
('Coelky4nVFNrgt6hT3qV1m79nyF2', '2021-01-16', 23, 0, 0),
('Coelky4nVFNrgt6hT3qV1m79nyF2', '2021-01-16', 24, 0, 0),
('Coelky4nVFNrgt6hT3qV1m79nyF2', '2021-01-16', 25, 3, 0),
('Coelky4nVFNrgt6hT3qV1m79nyF2', '2021-01-16', 26, 2, 0),
('Coelky4nVFNrgt6hT3qV1m79nyF2', '2021-01-16', 27, 2, 0),
('Coelky4nVFNrgt6hT3qV1m79nyF2', '2021-01-16', 28, 0, 0),
('CV4zQlmGsCWdqso3YK0TQWm3O0i1', '2021-05-06', 1, 1, 1),
('CV4zQlmGsCWdqso3YK0TQWm3O0i1', '2021-05-06', 2, 1, 1),
('CV4zQlmGsCWdqso3YK0TQWm3O0i1', '2021-05-06', 3, 0, 1),
('CV4zQlmGsCWdqso3YK0TQWm3O0i1', '2021-05-06', 4, 0, 1),
('CV4zQlmGsCWdqso3YK0TQWm3O0i1', '2021-05-06', 5, 0, 1),
('CV4zQlmGsCWdqso3YK0TQWm3O0i1', '2021-05-06', 6, 0, 1),
('CV4zQlmGsCWdqso3YK0TQWm3O0i1', '2021-05-06', 7, 0, 1),
('CV4zQlmGsCWdqso3YK0TQWm3O0i1', '2021-05-06', 8, 2, 1),
('CV4zQlmGsCWdqso3YK0TQWm3O0i1', '2021-05-06', 9, 2, 1),
('CV4zQlmGsCWdqso3YK0TQWm3O0i1', '2021-05-06', 10, 4, 1),
('CV4zQlmGsCWdqso3YK0TQWm3O0i1', '2021-05-06', 11, 11, 1),
('CV4zQlmGsCWdqso3YK0TQWm3O0i1', '2021-05-06', 13, 2, 1),
('CV4zQlmGsCWdqso3YK0TQWm3O0i1', '2021-05-06', 14, 2, 1),
('CV4zQlmGsCWdqso3YK0TQWm3O0i1', '2021-05-06', 15, 1, 1),
('CV4zQlmGsCWdqso3YK0TQWm3O0i1', '2021-05-06', 16, 3, 1),
('CV4zQlmGsCWdqso3YK0TQWm3O0i1', '2021-05-06', 17, 2, 1),
('CV4zQlmGsCWdqso3YK0TQWm3O0i1', '2021-05-06', 18, 0, 0),
('CV4zQlmGsCWdqso3YK0TQWm3O0i1', '2021-05-06', 19, 0, 0),
('CV4zQlmGsCWdqso3YK0TQWm3O0i1', '2021-05-06', 20, 0, 0),
('CV4zQlmGsCWdqso3YK0TQWm3O0i1', '2021-05-06', 21, 2, 0),
('CV4zQlmGsCWdqso3YK0TQWm3O0i1', '2021-05-06', 22, 0, 0),
('CV4zQlmGsCWdqso3YK0TQWm3O0i1', '2021-05-06', 23, 0, 0),
('CV4zQlmGsCWdqso3YK0TQWm3O0i1', '2021-05-06', 24, 0, 0),
('CV4zQlmGsCWdqso3YK0TQWm3O0i1', '2021-05-06', 25, 3, 0),
('CV4zQlmGsCWdqso3YK0TQWm3O0i1', '2021-05-06', 26, 2, 0),
('CV4zQlmGsCWdqso3YK0TQWm3O0i1', '2021-05-06', 27, 2, 0),
('CV4zQlmGsCWdqso3YK0TQWm3O0i1', '2021-05-06', 28, 0, 0),
('CwBSkcRDaENoLVwIOI8Xfi4lfJh2', '2021-01-21', 1, 1, 0),
('CwBSkcRDaENoLVwIOI8Xfi4lfJh2', '2021-01-21', 2, 1, 0),
('CwBSkcRDaENoLVwIOI8Xfi4lfJh2', '2021-01-21', 3, 0, 0),
('CwBSkcRDaENoLVwIOI8Xfi4lfJh2', '2021-01-21', 4, 0, 0),
('CwBSkcRDaENoLVwIOI8Xfi4lfJh2', '2021-01-21', 5, 0, 0),
('CwBSkcRDaENoLVwIOI8Xfi4lfJh2', '2021-01-21', 6, 0, 0),
('CwBSkcRDaENoLVwIOI8Xfi4lfJh2', '2021-01-21', 7, 0, 0),
('CwBSkcRDaENoLVwIOI8Xfi4lfJh2', '2021-01-21', 8, 2, 0),
('CwBSkcRDaENoLVwIOI8Xfi4lfJh2', '2021-01-21', 9, 2, 0),
('CwBSkcRDaENoLVwIOI8Xfi4lfJh2', '2021-01-21', 10, 4, 0),
('CwBSkcRDaENoLVwIOI8Xfi4lfJh2', '2021-01-21', 11, 0, 0),
('CwBSkcRDaENoLVwIOI8Xfi4lfJh2', '2021-01-21', 13, 0, 0),
('CwBSkcRDaENoLVwIOI8Xfi4lfJh2', '2021-01-21', 14, 0, 0),
('CwBSkcRDaENoLVwIOI8Xfi4lfJh2', '2021-01-21', 15, 1, 0),
('CwBSkcRDaENoLVwIOI8Xfi4lfJh2', '2021-01-21', 16, 3, 0),
('CwBSkcRDaENoLVwIOI8Xfi4lfJh2', '2021-01-21', 17, 2, 0),
('CwBSkcRDaENoLVwIOI8Xfi4lfJh2', '2021-01-21', 18, 0, 0),
('CwBSkcRDaENoLVwIOI8Xfi4lfJh2', '2021-01-21', 19, 0, 0),
('CwBSkcRDaENoLVwIOI8Xfi4lfJh2', '2021-01-21', 20, 0, 0),
('CwBSkcRDaENoLVwIOI8Xfi4lfJh2', '2021-01-21', 21, 2, 0),
('CwBSkcRDaENoLVwIOI8Xfi4lfJh2', '2021-01-21', 22, 0, 0),
('CwBSkcRDaENoLVwIOI8Xfi4lfJh2', '2021-01-21', 23, 0, 0),
('CwBSkcRDaENoLVwIOI8Xfi4lfJh2', '2021-01-21', 24, 0, 0),
('CwBSkcRDaENoLVwIOI8Xfi4lfJh2', '2021-01-21', 25, 3, 0),
('CwBSkcRDaENoLVwIOI8Xfi4lfJh2', '2021-01-21', 26, 2, 0),
('CwBSkcRDaENoLVwIOI8Xfi4lfJh2', '2021-01-21', 27, 2, 0),
('CwBSkcRDaENoLVwIOI8Xfi4lfJh2', '2021-01-21', 28, 0, 0),
('cYW2XYi2dVPm3EPOQj4TXzIXmdg1', '2022-02-04', 1, 1, 0),
('cYW2XYi2dVPm3EPOQj4TXzIXmdg1', '2022-02-04', 2, 1, 0),
('cYW2XYi2dVPm3EPOQj4TXzIXmdg1', '2022-02-04', 3, 0, 0),
('cYW2XYi2dVPm3EPOQj4TXzIXmdg1', '2022-02-04', 4, 0, 0),
('cYW2XYi2dVPm3EPOQj4TXzIXmdg1', '2022-02-04', 5, 0, 0),
('cYW2XYi2dVPm3EPOQj4TXzIXmdg1', '2022-02-04', 6, 0, 0),
('cYW2XYi2dVPm3EPOQj4TXzIXmdg1', '2022-02-04', 7, 0, 0),
('cYW2XYi2dVPm3EPOQj4TXzIXmdg1', '2022-02-04', 8, 2, 0),
('cYW2XYi2dVPm3EPOQj4TXzIXmdg1', '2022-02-04', 9, 2, 0),
('cYW2XYi2dVPm3EPOQj4TXzIXmdg1', '2022-02-04', 10, 4, 0),
('cYW2XYi2dVPm3EPOQj4TXzIXmdg1', '2022-02-04', 11, 0, 0),
('cYW2XYi2dVPm3EPOQj4TXzIXmdg1', '2022-02-04', 13, 0, 0),
('cYW2XYi2dVPm3EPOQj4TXzIXmdg1', '2022-02-04', 14, 0, 0),
('cYW2XYi2dVPm3EPOQj4TXzIXmdg1', '2022-02-04', 15, 1, 0),
('cYW2XYi2dVPm3EPOQj4TXzIXmdg1', '2022-02-04', 16, 3, 0),
('cYW2XYi2dVPm3EPOQj4TXzIXmdg1', '2022-02-04', 17, 2, 0),
('cYW2XYi2dVPm3EPOQj4TXzIXmdg1', '2022-02-04', 18, 0, 0),
('cYW2XYi2dVPm3EPOQj4TXzIXmdg1', '2022-02-04', 19, 0, 0),
('cYW2XYi2dVPm3EPOQj4TXzIXmdg1', '2022-02-04', 20, 0, 0),
('cYW2XYi2dVPm3EPOQj4TXzIXmdg1', '2022-02-04', 21, 2, 0),
('cYW2XYi2dVPm3EPOQj4TXzIXmdg1', '2022-02-04', 22, 0, 0),
('cYW2XYi2dVPm3EPOQj4TXzIXmdg1', '2022-02-04', 23, 0, 0),
('cYW2XYi2dVPm3EPOQj4TXzIXmdg1', '2022-02-04', 24, 0, 0),
('cYW2XYi2dVPm3EPOQj4TXzIXmdg1', '2022-02-04', 25, 3, 0),
('cYW2XYi2dVPm3EPOQj4TXzIXmdg1', '2022-02-04', 26, 2, 0),
('cYW2XYi2dVPm3EPOQj4TXzIXmdg1', '2022-02-04', 27, 2, 0),
('cYW2XYi2dVPm3EPOQj4TXzIXmdg1', '2022-02-04', 28, 0, 0),
('D4yzIApfj5cc3BO7pMPtHqIZqFq1', '2021-06-04', 1, 1, 0),
('D4yzIApfj5cc3BO7pMPtHqIZqFq1', '2021-06-04', 2, 1, 0),
('D4yzIApfj5cc3BO7pMPtHqIZqFq1', '2021-06-04', 3, 0, 0),
('D4yzIApfj5cc3BO7pMPtHqIZqFq1', '2021-06-04', 4, 0, 0),
('D4yzIApfj5cc3BO7pMPtHqIZqFq1', '2021-06-04', 5, 0, 0),
('D4yzIApfj5cc3BO7pMPtHqIZqFq1', '2021-06-04', 6, 0, 0),
('D4yzIApfj5cc3BO7pMPtHqIZqFq1', '2021-06-04', 7, 0, 0),
('D4yzIApfj5cc3BO7pMPtHqIZqFq1', '2021-06-04', 8, 2, 0),
('D4yzIApfj5cc3BO7pMPtHqIZqFq1', '2021-06-04', 9, 2, 0),
('D4yzIApfj5cc3BO7pMPtHqIZqFq1', '2021-06-04', 10, 4, 0),
('D4yzIApfj5cc3BO7pMPtHqIZqFq1', '2021-06-04', 11, 0, 0),
('D4yzIApfj5cc3BO7pMPtHqIZqFq1', '2021-06-04', 13, 0, 0),
('D4yzIApfj5cc3BO7pMPtHqIZqFq1', '2021-06-04', 14, 0, 0),
('D4yzIApfj5cc3BO7pMPtHqIZqFq1', '2021-06-04', 15, 1, 0),
('D4yzIApfj5cc3BO7pMPtHqIZqFq1', '2021-06-04', 16, 3, 0),
('D4yzIApfj5cc3BO7pMPtHqIZqFq1', '2021-06-04', 17, 2, 0),
('D4yzIApfj5cc3BO7pMPtHqIZqFq1', '2021-06-04', 18, 0, 0),
('D4yzIApfj5cc3BO7pMPtHqIZqFq1', '2021-06-04', 19, 0, 0),
('D4yzIApfj5cc3BO7pMPtHqIZqFq1', '2021-06-04', 20, 0, 0),
('D4yzIApfj5cc3BO7pMPtHqIZqFq1', '2021-06-04', 21, 2, 0),
('D4yzIApfj5cc3BO7pMPtHqIZqFq1', '2021-06-04', 22, 0, 0),
('D4yzIApfj5cc3BO7pMPtHqIZqFq1', '2021-06-04', 23, 0, 0),
('D4yzIApfj5cc3BO7pMPtHqIZqFq1', '2021-06-04', 24, 0, 0),
('D4yzIApfj5cc3BO7pMPtHqIZqFq1', '2021-06-04', 25, 3, 0),
('D4yzIApfj5cc3BO7pMPtHqIZqFq1', '2021-06-04', 26, 2, 0),
('D4yzIApfj5cc3BO7pMPtHqIZqFq1', '2021-06-04', 27, 2, 0),
('D4yzIApfj5cc3BO7pMPtHqIZqFq1', '2021-06-04', 28, 0, 0),
('DF33cot2aJaGAvSy7JhtvaPggJt2', '2021-01-15', 1, 1, 0),
('DF33cot2aJaGAvSy7JhtvaPggJt2', '2021-01-15', 2, 1, 0),
('DF33cot2aJaGAvSy7JhtvaPggJt2', '2021-01-15', 3, 0, 0),
('DF33cot2aJaGAvSy7JhtvaPggJt2', '2021-01-15', 4, 0, 0),
('DF33cot2aJaGAvSy7JhtvaPggJt2', '2021-01-15', 5, 0, 0),
('DF33cot2aJaGAvSy7JhtvaPggJt2', '2021-01-15', 6, 0, 0),
('DF33cot2aJaGAvSy7JhtvaPggJt2', '2021-01-15', 7, 0, 0),
('DF33cot2aJaGAvSy7JhtvaPggJt2', '2021-01-15', 8, 2, 0),
('DF33cot2aJaGAvSy7JhtvaPggJt2', '2021-01-15', 9, 2, 0),
('DF33cot2aJaGAvSy7JhtvaPggJt2', '2021-01-15', 10, 4, 0),
('DF33cot2aJaGAvSy7JhtvaPggJt2', '2021-01-15', 11, 0, 0),
('DF33cot2aJaGAvSy7JhtvaPggJt2', '2021-01-15', 13, 0, 0),
('DF33cot2aJaGAvSy7JhtvaPggJt2', '2021-01-15', 14, 0, 0),
('DF33cot2aJaGAvSy7JhtvaPggJt2', '2021-01-15', 15, 1, 0),
('DF33cot2aJaGAvSy7JhtvaPggJt2', '2021-01-15', 16, 3, 0),
('DF33cot2aJaGAvSy7JhtvaPggJt2', '2021-01-15', 17, 2, 0),
('DF33cot2aJaGAvSy7JhtvaPggJt2', '2021-01-15', 18, 0, 0),
('DF33cot2aJaGAvSy7JhtvaPggJt2', '2021-01-15', 19, 0, 0),
('DF33cot2aJaGAvSy7JhtvaPggJt2', '2021-01-15', 20, 0, 0),
('DF33cot2aJaGAvSy7JhtvaPggJt2', '2021-01-15', 21, 2, 0),
('DF33cot2aJaGAvSy7JhtvaPggJt2', '2021-01-15', 22, 0, 0),
('DF33cot2aJaGAvSy7JhtvaPggJt2', '2021-01-15', 23, 0, 0),
('DF33cot2aJaGAvSy7JhtvaPggJt2', '2021-01-15', 24, 0, 0),
('DF33cot2aJaGAvSy7JhtvaPggJt2', '2021-01-15', 25, 3, 0),
('DF33cot2aJaGAvSy7JhtvaPggJt2', '2021-01-15', 26, 2, 0),
('DF33cot2aJaGAvSy7JhtvaPggJt2', '2021-01-15', 27, 2, 0),
('DF33cot2aJaGAvSy7JhtvaPggJt2', '2021-01-15', 28, 0, 0),
('DMc9qjl3cQQms7moyPBBiN7VIo33', '2021-05-06', 1, 1, 0),
('DMc9qjl3cQQms7moyPBBiN7VIo33', '2021-05-06', 2, 1, 0),
('DMc9qjl3cQQms7moyPBBiN7VIo33', '2021-05-06', 3, 0, 0),
('DMc9qjl3cQQms7moyPBBiN7VIo33', '2021-05-06', 4, 0, 0),
('DMc9qjl3cQQms7moyPBBiN7VIo33', '2021-05-06', 5, 0, 0),
('DMc9qjl3cQQms7moyPBBiN7VIo33', '2021-05-06', 6, 0, 0),
('DMc9qjl3cQQms7moyPBBiN7VIo33', '2021-05-06', 7, 0, 0),
('DMc9qjl3cQQms7moyPBBiN7VIo33', '2021-05-06', 8, 2, 0),
('DMc9qjl3cQQms7moyPBBiN7VIo33', '2021-05-06', 9, 2, 0),
('DMc9qjl3cQQms7moyPBBiN7VIo33', '2021-05-06', 10, 4, 0),
('DMc9qjl3cQQms7moyPBBiN7VIo33', '2021-05-06', 11, 0, 0),
('DMc9qjl3cQQms7moyPBBiN7VIo33', '2021-05-06', 13, 0, 0),
('DMc9qjl3cQQms7moyPBBiN7VIo33', '2021-05-06', 14, 0, 0),
('DMc9qjl3cQQms7moyPBBiN7VIo33', '2021-05-06', 15, 1, 0),
('DMc9qjl3cQQms7moyPBBiN7VIo33', '2021-05-06', 16, 3, 0),
('DMc9qjl3cQQms7moyPBBiN7VIo33', '2021-05-06', 17, 2, 0),
('DMc9qjl3cQQms7moyPBBiN7VIo33', '2021-05-06', 18, 0, 0),
('DMc9qjl3cQQms7moyPBBiN7VIo33', '2021-05-06', 19, 0, 0),
('DMc9qjl3cQQms7moyPBBiN7VIo33', '2021-05-06', 20, 0, 0),
('DMc9qjl3cQQms7moyPBBiN7VIo33', '2021-05-06', 21, 2, 0),
('DMc9qjl3cQQms7moyPBBiN7VIo33', '2021-05-06', 22, 0, 0),
('DMc9qjl3cQQms7moyPBBiN7VIo33', '2021-05-06', 23, 0, 0),
('DMc9qjl3cQQms7moyPBBiN7VIo33', '2021-05-06', 24, 0, 0),
('DMc9qjl3cQQms7moyPBBiN7VIo33', '2021-05-06', 25, 3, 0),
('DMc9qjl3cQQms7moyPBBiN7VIo33', '2021-05-06', 26, 2, 0),
('DMc9qjl3cQQms7moyPBBiN7VIo33', '2021-05-06', 27, 2, 0),
('DMc9qjl3cQQms7moyPBBiN7VIo33', '2021-05-06', 28, 0, 0),
('Do51986Ce8fFERgsHtv1AbYVmHn1', '2022-02-20', 1, 1, 0),
('Do51986Ce8fFERgsHtv1AbYVmHn1', '2022-02-20', 2, 1, 0),
('Do51986Ce8fFERgsHtv1AbYVmHn1', '2022-02-20', 3, 0, 0),
('Do51986Ce8fFERgsHtv1AbYVmHn1', '2022-02-20', 4, 0, 0),
('Do51986Ce8fFERgsHtv1AbYVmHn1', '2022-02-20', 5, 0, 0),
('Do51986Ce8fFERgsHtv1AbYVmHn1', '2022-02-20', 6, 0, 0),
('Do51986Ce8fFERgsHtv1AbYVmHn1', '2022-02-20', 7, 0, 0),
('Do51986Ce8fFERgsHtv1AbYVmHn1', '2022-02-20', 8, 2, 0),
('Do51986Ce8fFERgsHtv1AbYVmHn1', '2022-02-20', 9, 2, 0),
('Do51986Ce8fFERgsHtv1AbYVmHn1', '2022-02-20', 10, 4, 0),
('Do51986Ce8fFERgsHtv1AbYVmHn1', '2022-02-20', 11, 0, 0),
('Do51986Ce8fFERgsHtv1AbYVmHn1', '2022-02-20', 13, 0, 0),
('Do51986Ce8fFERgsHtv1AbYVmHn1', '2022-02-20', 14, 0, 0),
('Do51986Ce8fFERgsHtv1AbYVmHn1', '2022-02-20', 15, 1, 0),
('Do51986Ce8fFERgsHtv1AbYVmHn1', '2022-02-20', 16, 3, 0),
('Do51986Ce8fFERgsHtv1AbYVmHn1', '2022-02-20', 17, 2, 0),
('Do51986Ce8fFERgsHtv1AbYVmHn1', '2022-02-20', 18, 0, 0),
('Do51986Ce8fFERgsHtv1AbYVmHn1', '2022-02-20', 19, 0, 0),
('Do51986Ce8fFERgsHtv1AbYVmHn1', '2022-02-20', 20, 0, 0),
('Do51986Ce8fFERgsHtv1AbYVmHn1', '2022-02-20', 21, 2, 0),
('Do51986Ce8fFERgsHtv1AbYVmHn1', '2022-02-20', 22, 0, 0),
('Do51986Ce8fFERgsHtv1AbYVmHn1', '2022-02-20', 23, 0, 0),
('Do51986Ce8fFERgsHtv1AbYVmHn1', '2022-02-20', 24, 0, 0),
('Do51986Ce8fFERgsHtv1AbYVmHn1', '2022-02-20', 25, 3, 0),
('Do51986Ce8fFERgsHtv1AbYVmHn1', '2022-02-20', 26, 2, 0),
('Do51986Ce8fFERgsHtv1AbYVmHn1', '2022-02-20', 27, 2, 0),
('Do51986Ce8fFERgsHtv1AbYVmHn1', '2022-02-20', 28, 0, 0),
('DoIaeBjlTJclPNBJHdp6fVpyXOO2', '2021-03-04', 1, 1, 1),
('DoIaeBjlTJclPNBJHdp6fVpyXOO2', '2021-03-04', 2, 1, 1),
('DoIaeBjlTJclPNBJHdp6fVpyXOO2', '2021-03-04', 3, 1, 1),
('DoIaeBjlTJclPNBJHdp6fVpyXOO2', '2021-03-04', 4, 1, 1),
('DoIaeBjlTJclPNBJHdp6fVpyXOO2', '2021-03-07', 5, 2, 1),
('DoIaeBjlTJclPNBJHdp6fVpyXOO2', '2021-03-08', 6, 2, 1),
('DoIaeBjlTJclPNBJHdp6fVpyXOO2', '2021-03-11', 7, 2, 1),
('DoIaeBjlTJclPNBJHdp6fVpyXOO2', '2021-03-11', 8, 2, 1),
('DoIaeBjlTJclPNBJHdp6fVpyXOO2', '2021-03-11', 9, 2, 1),
('DoIaeBjlTJclPNBJHdp6fVpyXOO2', '2021-03-12', 10, 4, 1),
('DoIaeBjlTJclPNBJHdp6fVpyXOO2', '2021-03-30', 11, 4, 1),
('DoIaeBjlTJclPNBJHdp6fVpyXOO2', '2021-04-01', 13, 2, 1),
('DoIaeBjlTJclPNBJHdp6fVpyXOO2', '2021-04-03', 14, 2, 1),
('DoIaeBjlTJclPNBJHdp6fVpyXOO2', '2021-04-03', 15, 1, 1),
('DoIaeBjlTJclPNBJHdp6fVpyXOO2', '2021-03-04', 16, 3, 0),
('DoIaeBjlTJclPNBJHdp6fVpyXOO2', '2021-03-04', 17, 2, 0),
('DoIaeBjlTJclPNBJHdp6fVpyXOO2', '2021-03-04', 18, 0, 0),
('DoIaeBjlTJclPNBJHdp6fVpyXOO2', '2021-03-04', 19, 0, 0),
('DoIaeBjlTJclPNBJHdp6fVpyXOO2', '2021-03-04', 20, 0, 0),
('DoIaeBjlTJclPNBJHdp6fVpyXOO2', '2021-03-04', 21, 2, 0),
('DoIaeBjlTJclPNBJHdp6fVpyXOO2', '2021-03-04', 22, 0, 0),
('DoIaeBjlTJclPNBJHdp6fVpyXOO2', '2021-03-04', 23, 0, 0),
('DoIaeBjlTJclPNBJHdp6fVpyXOO2', '2021-03-04', 24, 0, 0),
('DoIaeBjlTJclPNBJHdp6fVpyXOO2', '2021-03-04', 25, 3, 0),
('DoIaeBjlTJclPNBJHdp6fVpyXOO2', '2021-03-04', 26, 2, 0),
('DoIaeBjlTJclPNBJHdp6fVpyXOO2', '2021-03-04', 27, 2, 0),
('DoIaeBjlTJclPNBJHdp6fVpyXOO2', '2021-03-04', 28, 0, 0),
('Dxc5LAANoESCvydxgHPPl09iyQs1', '2021-07-15', 1, 1, 0),
('Dxc5LAANoESCvydxgHPPl09iyQs1', '2021-07-15', 2, 1, 0),
('Dxc5LAANoESCvydxgHPPl09iyQs1', '2021-07-15', 3, 0, 0),
('Dxc5LAANoESCvydxgHPPl09iyQs1', '2021-07-15', 4, 0, 0),
('Dxc5LAANoESCvydxgHPPl09iyQs1', '2021-07-15', 5, 0, 0),
('Dxc5LAANoESCvydxgHPPl09iyQs1', '2021-07-15', 6, 0, 0),
('Dxc5LAANoESCvydxgHPPl09iyQs1', '2021-07-15', 7, 0, 0),
('Dxc5LAANoESCvydxgHPPl09iyQs1', '2021-07-15', 8, 2, 0),
('Dxc5LAANoESCvydxgHPPl09iyQs1', '2021-07-15', 9, 2, 0),
('Dxc5LAANoESCvydxgHPPl09iyQs1', '2021-07-15', 10, 4, 0),
('Dxc5LAANoESCvydxgHPPl09iyQs1', '2021-07-15', 11, 0, 0),
('Dxc5LAANoESCvydxgHPPl09iyQs1', '2021-07-15', 13, 0, 0),
('Dxc5LAANoESCvydxgHPPl09iyQs1', '2021-07-15', 14, 0, 0),
('Dxc5LAANoESCvydxgHPPl09iyQs1', '2021-07-15', 15, 1, 0),
('Dxc5LAANoESCvydxgHPPl09iyQs1', '2021-07-15', 16, 3, 0),
('Dxc5LAANoESCvydxgHPPl09iyQs1', '2021-07-15', 17, 2, 0),
('Dxc5LAANoESCvydxgHPPl09iyQs1', '2021-07-15', 18, 0, 0),
('Dxc5LAANoESCvydxgHPPl09iyQs1', '2021-07-15', 19, 0, 0),
('Dxc5LAANoESCvydxgHPPl09iyQs1', '2021-07-15', 20, 0, 0),
('Dxc5LAANoESCvydxgHPPl09iyQs1', '2021-07-15', 21, 2, 0),
('Dxc5LAANoESCvydxgHPPl09iyQs1', '2021-07-15', 22, 0, 0),
('Dxc5LAANoESCvydxgHPPl09iyQs1', '2021-07-15', 23, 0, 0),
('Dxc5LAANoESCvydxgHPPl09iyQs1', '2021-07-15', 24, 0, 0),
('Dxc5LAANoESCvydxgHPPl09iyQs1', '2021-07-15', 25, 3, 0),
('Dxc5LAANoESCvydxgHPPl09iyQs1', '2021-07-15', 26, 2, 0),
('Dxc5LAANoESCvydxgHPPl09iyQs1', '2021-07-15', 27, 2, 0),
('Dxc5LAANoESCvydxgHPPl09iyQs1', '2021-07-15', 28, 0, 0),
('e4NQktRpClgxtFKjd6329S6Hw9B3', '2021-06-29', 1, 1, 0),
('e4NQktRpClgxtFKjd6329S6Hw9B3', '2021-06-29', 2, 1, 0),
('e4NQktRpClgxtFKjd6329S6Hw9B3', '2021-06-29', 3, 0, 0),
('e4NQktRpClgxtFKjd6329S6Hw9B3', '2021-06-29', 4, 0, 0),
('e4NQktRpClgxtFKjd6329S6Hw9B3', '2021-06-29', 5, 0, 0),
('e4NQktRpClgxtFKjd6329S6Hw9B3', '2021-06-29', 6, 0, 0),
('e4NQktRpClgxtFKjd6329S6Hw9B3', '2021-06-29', 7, 0, 0),
('e4NQktRpClgxtFKjd6329S6Hw9B3', '2021-06-29', 8, 2, 0),
('e4NQktRpClgxtFKjd6329S6Hw9B3', '2021-06-29', 9, 2, 0),
('e4NQktRpClgxtFKjd6329S6Hw9B3', '2021-06-29', 10, 4, 0),
('e4NQktRpClgxtFKjd6329S6Hw9B3', '2021-06-29', 11, 0, 0),
('e4NQktRpClgxtFKjd6329S6Hw9B3', '2021-06-29', 13, 0, 0),
('e4NQktRpClgxtFKjd6329S6Hw9B3', '2021-06-29', 14, 0, 0),
('e4NQktRpClgxtFKjd6329S6Hw9B3', '2021-06-29', 15, 1, 0),
('e4NQktRpClgxtFKjd6329S6Hw9B3', '2021-06-29', 16, 3, 0),
('e4NQktRpClgxtFKjd6329S6Hw9B3', '2021-06-29', 17, 2, 0),
('e4NQktRpClgxtFKjd6329S6Hw9B3', '2021-06-29', 18, 0, 0),
('e4NQktRpClgxtFKjd6329S6Hw9B3', '2021-06-29', 19, 0, 0),
('e4NQktRpClgxtFKjd6329S6Hw9B3', '2021-06-29', 20, 0, 0),
('e4NQktRpClgxtFKjd6329S6Hw9B3', '2021-06-29', 21, 2, 0),
('e4NQktRpClgxtFKjd6329S6Hw9B3', '2021-06-29', 22, 0, 0),
('e4NQktRpClgxtFKjd6329S6Hw9B3', '2021-06-29', 23, 0, 0),
('e4NQktRpClgxtFKjd6329S6Hw9B3', '2021-06-29', 24, 0, 0),
('e4NQktRpClgxtFKjd6329S6Hw9B3', '2021-06-29', 25, 3, 0),
('e4NQktRpClgxtFKjd6329S6Hw9B3', '2021-06-29', 26, 2, 0),
('e4NQktRpClgxtFKjd6329S6Hw9B3', '2021-06-29', 27, 2, 0),
('e4NQktRpClgxtFKjd6329S6Hw9B3', '2021-06-29', 28, 0, 0),
('E51oXZEVQEYGP0o4JCx8Tm8wRrp1', '2022-03-31', 1, 1, 0),
('E51oXZEVQEYGP0o4JCx8Tm8wRrp1', '2022-03-31', 2, 1, 0),
('E51oXZEVQEYGP0o4JCx8Tm8wRrp1', '2022-03-31', 3, 0, 0),
('E51oXZEVQEYGP0o4JCx8Tm8wRrp1', '2022-03-31', 4, 0, 0),
('E51oXZEVQEYGP0o4JCx8Tm8wRrp1', '2022-03-31', 5, 0, 0),
('E51oXZEVQEYGP0o4JCx8Tm8wRrp1', '2022-03-31', 6, 0, 0),
('E51oXZEVQEYGP0o4JCx8Tm8wRrp1', '2022-03-31', 7, 0, 0),
('E51oXZEVQEYGP0o4JCx8Tm8wRrp1', '2022-03-31', 8, 2, 0),
('E51oXZEVQEYGP0o4JCx8Tm8wRrp1', '2022-03-31', 9, 2, 0),
('E51oXZEVQEYGP0o4JCx8Tm8wRrp1', '2022-03-31', 10, 4, 0),
('E51oXZEVQEYGP0o4JCx8Tm8wRrp1', '2022-03-31', 11, 0, 0),
('E51oXZEVQEYGP0o4JCx8Tm8wRrp1', '2022-03-31', 13, 0, 0),
('E51oXZEVQEYGP0o4JCx8Tm8wRrp1', '2022-03-31', 14, 0, 0),
('E51oXZEVQEYGP0o4JCx8Tm8wRrp1', '2022-03-31', 15, 1, 0),
('E51oXZEVQEYGP0o4JCx8Tm8wRrp1', '2022-03-31', 16, 3, 0),
('E51oXZEVQEYGP0o4JCx8Tm8wRrp1', '2022-03-31', 17, 2, 0),
('E51oXZEVQEYGP0o4JCx8Tm8wRrp1', '2022-03-31', 18, 0, 0),
('E51oXZEVQEYGP0o4JCx8Tm8wRrp1', '2022-03-31', 19, 0, 0),
('E51oXZEVQEYGP0o4JCx8Tm8wRrp1', '2022-03-31', 20, 0, 0),
('E51oXZEVQEYGP0o4JCx8Tm8wRrp1', '2022-03-31', 21, 2, 0),
('E51oXZEVQEYGP0o4JCx8Tm8wRrp1', '2022-03-31', 22, 0, 0),
('E51oXZEVQEYGP0o4JCx8Tm8wRrp1', '2022-03-31', 23, 0, 0),
('E51oXZEVQEYGP0o4JCx8Tm8wRrp1', '2022-03-31', 24, 0, 0),
('E51oXZEVQEYGP0o4JCx8Tm8wRrp1', '2022-03-31', 25, 3, 0),
('E51oXZEVQEYGP0o4JCx8Tm8wRrp1', '2022-03-31', 26, 2, 0),
('E51oXZEVQEYGP0o4JCx8Tm8wRrp1', '2022-03-31', 27, 2, 0),
('E51oXZEVQEYGP0o4JCx8Tm8wRrp1', '2022-03-31', 28, 0, 0),
('E8JSiauB2rerJs6tp8JWPsFRCR52', '2021-02-02', 1, 1, 1),
('E8JSiauB2rerJs6tp8JWPsFRCR52', '2021-02-02', 2, 1, 1),
('E8JSiauB2rerJs6tp8JWPsFRCR52', '2021-02-02', 3, 1, 1),
('E8JSiauB2rerJs6tp8JWPsFRCR52', '2021-02-02', 4, 1, 1),
('E8JSiauB2rerJs6tp8JWPsFRCR52', '2021-02-02', 5, 2, 1),
('E8JSiauB2rerJs6tp8JWPsFRCR52', '2021-02-02', 6, 2, 1),
('E8JSiauB2rerJs6tp8JWPsFRCR52', '2021-02-13', 7, 2, 1),
('E8JSiauB2rerJs6tp8JWPsFRCR52', '2021-02-13', 8, 2, 1),
('E8JSiauB2rerJs6tp8JWPsFRCR52', '2021-02-13', 9, 2, 1),
('E8JSiauB2rerJs6tp8JWPsFRCR52', '2021-02-13', 10, 4, 1),
('E8JSiauB2rerJs6tp8JWPsFRCR52', '2021-02-18', 11, 9, 1),
('E8JSiauB2rerJs6tp8JWPsFRCR52', '2021-02-02', 13, 0, 0),
('E8JSiauB2rerJs6tp8JWPsFRCR52', '2021-02-02', 14, 0, 0),
('E8JSiauB2rerJs6tp8JWPsFRCR52', '2021-02-02', 15, 1, 0),
('E8JSiauB2rerJs6tp8JWPsFRCR52', '2021-02-02', 16, 3, 0),
('E8JSiauB2rerJs6tp8JWPsFRCR52', '2021-02-02', 17, 2, 0),
('E8JSiauB2rerJs6tp8JWPsFRCR52', '2021-02-02', 18, 0, 0),
('E8JSiauB2rerJs6tp8JWPsFRCR52', '2021-02-02', 19, 0, 0),
('E8JSiauB2rerJs6tp8JWPsFRCR52', '2021-02-02', 20, 0, 0),
('E8JSiauB2rerJs6tp8JWPsFRCR52', '2021-02-02', 21, 2, 0),
('E8JSiauB2rerJs6tp8JWPsFRCR52', '2021-02-02', 22, 0, 0),
('E8JSiauB2rerJs6tp8JWPsFRCR52', '2021-02-02', 23, 0, 0),
('E8JSiauB2rerJs6tp8JWPsFRCR52', '2021-02-02', 24, 0, 0),
('E8JSiauB2rerJs6tp8JWPsFRCR52', '2021-02-02', 25, 3, 0),
('E8JSiauB2rerJs6tp8JWPsFRCR52', '2021-02-02', 26, 2, 0),
('E8JSiauB2rerJs6tp8JWPsFRCR52', '2021-02-02', 27, 2, 0),
('E8JSiauB2rerJs6tp8JWPsFRCR52', '2021-02-02', 28, 0, 0),
('ecpjdHR3z7PTG8c04mJLMHpn9Dk1', '2022-02-20', 1, 1, 0),
('ecpjdHR3z7PTG8c04mJLMHpn9Dk1', '2022-02-20', 2, 1, 0),
('ecpjdHR3z7PTG8c04mJLMHpn9Dk1', '2022-02-20', 3, 0, 0),
('ecpjdHR3z7PTG8c04mJLMHpn9Dk1', '2022-02-20', 4, 0, 0),
('ecpjdHR3z7PTG8c04mJLMHpn9Dk1', '2022-02-20', 5, 0, 0),
('ecpjdHR3z7PTG8c04mJLMHpn9Dk1', '2022-02-20', 6, 0, 0),
('ecpjdHR3z7PTG8c04mJLMHpn9Dk1', '2022-02-20', 7, 0, 0),
('ecpjdHR3z7PTG8c04mJLMHpn9Dk1', '2022-02-20', 8, 2, 0),
('ecpjdHR3z7PTG8c04mJLMHpn9Dk1', '2022-02-20', 9, 2, 0),
('ecpjdHR3z7PTG8c04mJLMHpn9Dk1', '2022-02-20', 10, 4, 0),
('ecpjdHR3z7PTG8c04mJLMHpn9Dk1', '2022-02-20', 11, 0, 0),
('ecpjdHR3z7PTG8c04mJLMHpn9Dk1', '2022-02-20', 13, 0, 0),
('ecpjdHR3z7PTG8c04mJLMHpn9Dk1', '2022-02-20', 14, 0, 0),
('ecpjdHR3z7PTG8c04mJLMHpn9Dk1', '2022-02-20', 15, 1, 0),
('ecpjdHR3z7PTG8c04mJLMHpn9Dk1', '2022-02-20', 16, 3, 0),
('ecpjdHR3z7PTG8c04mJLMHpn9Dk1', '2022-02-20', 17, 2, 0),
('ecpjdHR3z7PTG8c04mJLMHpn9Dk1', '2022-02-20', 18, 0, 0),
('ecpjdHR3z7PTG8c04mJLMHpn9Dk1', '2022-02-20', 19, 0, 0),
('ecpjdHR3z7PTG8c04mJLMHpn9Dk1', '2022-02-20', 20, 0, 0),
('ecpjdHR3z7PTG8c04mJLMHpn9Dk1', '2022-02-20', 21, 2, 0),
('ecpjdHR3z7PTG8c04mJLMHpn9Dk1', '2022-02-20', 22, 0, 0),
('ecpjdHR3z7PTG8c04mJLMHpn9Dk1', '2022-02-20', 23, 0, 0),
('ecpjdHR3z7PTG8c04mJLMHpn9Dk1', '2022-02-20', 24, 0, 0),
('ecpjdHR3z7PTG8c04mJLMHpn9Dk1', '2022-02-20', 25, 3, 0),
('ecpjdHR3z7PTG8c04mJLMHpn9Dk1', '2022-02-20', 26, 2, 0),
('ecpjdHR3z7PTG8c04mJLMHpn9Dk1', '2022-02-20', 27, 2, 0),
('ecpjdHR3z7PTG8c04mJLMHpn9Dk1', '2022-02-20', 28, 0, 0),
('ehQvdZrbn7gyOafbahztto0AYON2', '2022-02-22', 1, 1, 1),
('ehQvdZrbn7gyOafbahztto0AYON2', '2022-02-22', 2, 1, 1),
('ehQvdZrbn7gyOafbahztto0AYON2', '2022-02-22', 3, 0, 1),
('ehQvdZrbn7gyOafbahztto0AYON2', '2022-02-22', 4, 0, 1),
('ehQvdZrbn7gyOafbahztto0AYON2', '2022-02-22', 5, 0, 1),
('ehQvdZrbn7gyOafbahztto0AYON2', '2022-02-22', 6, 0, 0),
('ehQvdZrbn7gyOafbahztto0AYON2', '2022-02-22', 7, 0, 0),
('ehQvdZrbn7gyOafbahztto0AYON2', '2022-02-22', 8, 2, 0),
('ehQvdZrbn7gyOafbahztto0AYON2', '2022-02-22', 9, 2, 0),
('ehQvdZrbn7gyOafbahztto0AYON2', '2022-02-22', 10, 4, 0),
('ehQvdZrbn7gyOafbahztto0AYON2', '2022-02-22', 11, 0, 0),
('ehQvdZrbn7gyOafbahztto0AYON2', '2022-02-22', 13, 0, 0),
('ehQvdZrbn7gyOafbahztto0AYON2', '2022-02-22', 14, 0, 0),
('ehQvdZrbn7gyOafbahztto0AYON2', '2022-02-22', 15, 1, 0),
('ehQvdZrbn7gyOafbahztto0AYON2', '2022-02-22', 16, 3, 0),
('ehQvdZrbn7gyOafbahztto0AYON2', '2022-02-22', 17, 2, 0),
('ehQvdZrbn7gyOafbahztto0AYON2', '2022-02-22', 18, 0, 0),
('ehQvdZrbn7gyOafbahztto0AYON2', '2022-02-22', 19, 0, 0),
('ehQvdZrbn7gyOafbahztto0AYON2', '2022-02-22', 20, 0, 0),
('ehQvdZrbn7gyOafbahztto0AYON2', '2022-02-22', 21, 2, 0),
('ehQvdZrbn7gyOafbahztto0AYON2', '2022-02-22', 22, 0, 0),
('ehQvdZrbn7gyOafbahztto0AYON2', '2022-02-22', 23, 0, 0),
('ehQvdZrbn7gyOafbahztto0AYON2', '2022-02-22', 24, 0, 0),
('ehQvdZrbn7gyOafbahztto0AYON2', '2022-02-22', 25, 3, 0),
('ehQvdZrbn7gyOafbahztto0AYON2', '2022-02-22', 26, 2, 0),
('ehQvdZrbn7gyOafbahztto0AYON2', '2022-02-22', 27, 2, 0),
('ehQvdZrbn7gyOafbahztto0AYON2', '2022-02-22', 28, 0, 0),
('EmioWlbVxNM7n6QUvqDjFZDGRTM2', '2021-02-20', 1, 1, 1),
('EmioWlbVxNM7n6QUvqDjFZDGRTM2', '2021-02-20', 2, 1, 1),
('EmioWlbVxNM7n6QUvqDjFZDGRTM2', '2021-02-20', 3, 1, 1),
('EmioWlbVxNM7n6QUvqDjFZDGRTM2', '2021-02-20', 4, 0, 1),
('EmioWlbVxNM7n6QUvqDjFZDGRTM2', '2021-02-20', 5, 0, 1),
('EmioWlbVxNM7n6QUvqDjFZDGRTM2', '2021-02-20', 6, 0, 0),
('EmioWlbVxNM7n6QUvqDjFZDGRTM2', '2021-02-20', 7, 0, 0),
('EmioWlbVxNM7n6QUvqDjFZDGRTM2', '2021-02-20', 8, 2, 0),
('EmioWlbVxNM7n6QUvqDjFZDGRTM2', '2021-02-20', 9, 2, 0),
('EmioWlbVxNM7n6QUvqDjFZDGRTM2', '2021-02-20', 10, 4, 0),
('EmioWlbVxNM7n6QUvqDjFZDGRTM2', '2021-02-20', 11, 0, 0),
('EmioWlbVxNM7n6QUvqDjFZDGRTM2', '2021-02-20', 13, 0, 0),
('EmioWlbVxNM7n6QUvqDjFZDGRTM2', '2021-02-20', 14, 0, 0),
('EmioWlbVxNM7n6QUvqDjFZDGRTM2', '2021-02-20', 15, 1, 0),
('EmioWlbVxNM7n6QUvqDjFZDGRTM2', '2021-02-20', 16, 3, 0),
('EmioWlbVxNM7n6QUvqDjFZDGRTM2', '2021-02-20', 17, 2, 0),
('EmioWlbVxNM7n6QUvqDjFZDGRTM2', '2021-02-20', 18, 0, 0),
('EmioWlbVxNM7n6QUvqDjFZDGRTM2', '2021-02-20', 19, 0, 0),
('EmioWlbVxNM7n6QUvqDjFZDGRTM2', '2021-02-20', 20, 0, 0),
('EmioWlbVxNM7n6QUvqDjFZDGRTM2', '2021-02-20', 21, 2, 0),
('EmioWlbVxNM7n6QUvqDjFZDGRTM2', '2021-02-20', 22, 0, 0),
('EmioWlbVxNM7n6QUvqDjFZDGRTM2', '2021-02-20', 23, 0, 0),
('EmioWlbVxNM7n6QUvqDjFZDGRTM2', '2021-02-20', 24, 0, 0),
('EmioWlbVxNM7n6QUvqDjFZDGRTM2', '2021-02-20', 25, 3, 0),
('EmioWlbVxNM7n6QUvqDjFZDGRTM2', '2021-02-20', 26, 2, 0),
('EmioWlbVxNM7n6QUvqDjFZDGRTM2', '2021-02-20', 27, 2, 0),
('EmioWlbVxNM7n6QUvqDjFZDGRTM2', '2021-02-20', 28, 0, 0),
('enZNylSoTKbfvZE4yyeJz7gpIpe2', '2022-02-08', 1, 1, 1),
('enZNylSoTKbfvZE4yyeJz7gpIpe2', '2022-02-08', 2, 1, 1),
('enZNylSoTKbfvZE4yyeJz7gpIpe2', '2022-02-08', 3, 0, 0),
('enZNylSoTKbfvZE4yyeJz7gpIpe2', '2022-02-08', 4, 0, 0),
('enZNylSoTKbfvZE4yyeJz7gpIpe2', '2022-02-08', 5, 0, 0),
('enZNylSoTKbfvZE4yyeJz7gpIpe2', '2022-02-08', 6, 0, 0),
('enZNylSoTKbfvZE4yyeJz7gpIpe2', '2022-02-08', 7, 0, 0),
('enZNylSoTKbfvZE4yyeJz7gpIpe2', '2022-02-08', 8, 2, 0),
('enZNylSoTKbfvZE4yyeJz7gpIpe2', '2022-02-08', 9, 2, 0),
('enZNylSoTKbfvZE4yyeJz7gpIpe2', '2022-02-08', 10, 4, 0),
('enZNylSoTKbfvZE4yyeJz7gpIpe2', '2022-02-08', 11, 0, 0),
('enZNylSoTKbfvZE4yyeJz7gpIpe2', '2022-02-08', 13, 0, 0),
('enZNylSoTKbfvZE4yyeJz7gpIpe2', '2022-02-08', 14, 0, 0),
('enZNylSoTKbfvZE4yyeJz7gpIpe2', '2022-02-08', 15, 1, 0),
('enZNylSoTKbfvZE4yyeJz7gpIpe2', '2022-02-08', 16, 3, 0),
('enZNylSoTKbfvZE4yyeJz7gpIpe2', '2022-02-08', 17, 2, 0),
('enZNylSoTKbfvZE4yyeJz7gpIpe2', '2022-02-08', 18, 0, 0),
('enZNylSoTKbfvZE4yyeJz7gpIpe2', '2022-02-08', 19, 0, 0),
('enZNylSoTKbfvZE4yyeJz7gpIpe2', '2022-02-08', 20, 0, 0),
('enZNylSoTKbfvZE4yyeJz7gpIpe2', '2022-02-08', 21, 2, 0),
('enZNylSoTKbfvZE4yyeJz7gpIpe2', '2022-02-08', 22, 0, 0),
('enZNylSoTKbfvZE4yyeJz7gpIpe2', '2022-02-08', 23, 0, 0),
('enZNylSoTKbfvZE4yyeJz7gpIpe2', '2022-02-08', 24, 0, 0),
('enZNylSoTKbfvZE4yyeJz7gpIpe2', '2022-02-08', 25, 3, 0),
('enZNylSoTKbfvZE4yyeJz7gpIpe2', '2022-02-08', 26, 2, 0),
('enZNylSoTKbfvZE4yyeJz7gpIpe2', '2022-02-08', 27, 2, 0),
('enZNylSoTKbfvZE4yyeJz7gpIpe2', '2022-02-08', 28, 0, 0),
('ETQLrCAQ0kbKpuTkY5GOFpqRHmE3', '2021-04-21', 1, 1, 0),
('ETQLrCAQ0kbKpuTkY5GOFpqRHmE3', '2021-04-21', 2, 1, 0),
('ETQLrCAQ0kbKpuTkY5GOFpqRHmE3', '2021-04-21', 3, 0, 0),
('ETQLrCAQ0kbKpuTkY5GOFpqRHmE3', '2021-04-21', 4, 0, 0),
('ETQLrCAQ0kbKpuTkY5GOFpqRHmE3', '2021-04-21', 5, 0, 0),
('ETQLrCAQ0kbKpuTkY5GOFpqRHmE3', '2021-04-21', 6, 0, 0),
('ETQLrCAQ0kbKpuTkY5GOFpqRHmE3', '2021-04-21', 7, 0, 0),
('ETQLrCAQ0kbKpuTkY5GOFpqRHmE3', '2021-04-21', 8, 2, 0),
('ETQLrCAQ0kbKpuTkY5GOFpqRHmE3', '2021-04-21', 9, 2, 0),
('ETQLrCAQ0kbKpuTkY5GOFpqRHmE3', '2021-04-21', 10, 4, 0),
('ETQLrCAQ0kbKpuTkY5GOFpqRHmE3', '2021-04-21', 11, 0, 0),
('ETQLrCAQ0kbKpuTkY5GOFpqRHmE3', '2021-04-21', 13, 0, 0),
('ETQLrCAQ0kbKpuTkY5GOFpqRHmE3', '2021-04-21', 14, 0, 0),
('ETQLrCAQ0kbKpuTkY5GOFpqRHmE3', '2021-04-21', 15, 1, 0),
('ETQLrCAQ0kbKpuTkY5GOFpqRHmE3', '2021-04-21', 16, 3, 0),
('ETQLrCAQ0kbKpuTkY5GOFpqRHmE3', '2021-04-21', 17, 2, 0),
('ETQLrCAQ0kbKpuTkY5GOFpqRHmE3', '2021-04-21', 18, 0, 0),
('ETQLrCAQ0kbKpuTkY5GOFpqRHmE3', '2021-04-21', 19, 0, 0),
('ETQLrCAQ0kbKpuTkY5GOFpqRHmE3', '2021-04-21', 20, 0, 0),
('ETQLrCAQ0kbKpuTkY5GOFpqRHmE3', '2021-04-21', 21, 2, 0),
('ETQLrCAQ0kbKpuTkY5GOFpqRHmE3', '2021-04-21', 22, 0, 0),
('ETQLrCAQ0kbKpuTkY5GOFpqRHmE3', '2021-04-21', 23, 0, 0),
('ETQLrCAQ0kbKpuTkY5GOFpqRHmE3', '2021-04-21', 24, 0, 0),
('ETQLrCAQ0kbKpuTkY5GOFpqRHmE3', '2021-04-21', 25, 3, 0),
('ETQLrCAQ0kbKpuTkY5GOFpqRHmE3', '2021-04-21', 26, 2, 0),
('ETQLrCAQ0kbKpuTkY5GOFpqRHmE3', '2021-04-21', 27, 2, 0),
('ETQLrCAQ0kbKpuTkY5GOFpqRHmE3', '2021-04-21', 28, 0, 0),
('F5fMh3BRxDSAy6on8nfOU71mEhO2', '2021-02-25', 1, 1, 0),
('F5fMh3BRxDSAy6on8nfOU71mEhO2', '2021-02-25', 2, 1, 0),
('F5fMh3BRxDSAy6on8nfOU71mEhO2', '2021-02-25', 3, 0, 0),
('F5fMh3BRxDSAy6on8nfOU71mEhO2', '2021-02-25', 4, 0, 0),
('F5fMh3BRxDSAy6on8nfOU71mEhO2', '2021-02-25', 5, 0, 0),
('F5fMh3BRxDSAy6on8nfOU71mEhO2', '2021-02-25', 6, 0, 0),
('F5fMh3BRxDSAy6on8nfOU71mEhO2', '2021-02-25', 7, 0, 0),
('F5fMh3BRxDSAy6on8nfOU71mEhO2', '2021-02-25', 8, 2, 0),
('F5fMh3BRxDSAy6on8nfOU71mEhO2', '2021-02-25', 9, 2, 0),
('F5fMh3BRxDSAy6on8nfOU71mEhO2', '2021-02-25', 10, 4, 0),
('F5fMh3BRxDSAy6on8nfOU71mEhO2', '2021-02-25', 11, 0, 0),
('F5fMh3BRxDSAy6on8nfOU71mEhO2', '2021-02-25', 13, 0, 0),
('F5fMh3BRxDSAy6on8nfOU71mEhO2', '2021-02-25', 14, 0, 0),
('F5fMh3BRxDSAy6on8nfOU71mEhO2', '2021-02-25', 15, 1, 0),
('F5fMh3BRxDSAy6on8nfOU71mEhO2', '2021-02-25', 16, 3, 0),
('F5fMh3BRxDSAy6on8nfOU71mEhO2', '2021-02-25', 17, 2, 0),
('F5fMh3BRxDSAy6on8nfOU71mEhO2', '2021-02-25', 18, 0, 0),
('F5fMh3BRxDSAy6on8nfOU71mEhO2', '2021-02-25', 19, 0, 0),
('F5fMh3BRxDSAy6on8nfOU71mEhO2', '2021-02-25', 20, 0, 0),
('F5fMh3BRxDSAy6on8nfOU71mEhO2', '2021-02-25', 21, 2, 0),
('F5fMh3BRxDSAy6on8nfOU71mEhO2', '2021-02-25', 22, 0, 0),
('F5fMh3BRxDSAy6on8nfOU71mEhO2', '2021-02-25', 23, 0, 0),
('F5fMh3BRxDSAy6on8nfOU71mEhO2', '2021-02-25', 24, 0, 0),
('F5fMh3BRxDSAy6on8nfOU71mEhO2', '2021-02-25', 25, 3, 0),
('F5fMh3BRxDSAy6on8nfOU71mEhO2', '2021-02-25', 26, 2, 0),
('F5fMh3BRxDSAy6on8nfOU71mEhO2', '2021-02-25', 27, 2, 0),
('F5fMh3BRxDSAy6on8nfOU71mEhO2', '2021-02-25', 28, 0, 0),
('fpA82njrRafLH5edm9lv0mHa98D2', '2020-12-27', 1, 1, 0),
('fpA82njrRafLH5edm9lv0mHa98D2', '2020-12-27', 2, 1, 0),
('fpA82njrRafLH5edm9lv0mHa98D2', '2020-12-27', 3, 0, 0),
('fpA82njrRafLH5edm9lv0mHa98D2', '2020-12-27', 4, 0, 0),
('fpA82njrRafLH5edm9lv0mHa98D2', '2020-12-27', 5, 0, 0),
('fpA82njrRafLH5edm9lv0mHa98D2', '2020-12-27', 6, 0, 0),
('fpA82njrRafLH5edm9lv0mHa98D2', '2020-12-27', 7, 0, 0),
('fpA82njrRafLH5edm9lv0mHa98D2', '2020-12-27', 8, 2, 0),
('fpA82njrRafLH5edm9lv0mHa98D2', '2020-12-27', 9, 2, 0),
('fpA82njrRafLH5edm9lv0mHa98D2', '2020-12-27', 10, 4, 0),
('fpA82njrRafLH5edm9lv0mHa98D2', '2020-12-27', 11, 0, 0),
('fpA82njrRafLH5edm9lv0mHa98D2', '2020-12-27', 13, 0, 0),
('fpA82njrRafLH5edm9lv0mHa98D2', '2020-12-27', 14, 0, 0),
('fpA82njrRafLH5edm9lv0mHa98D2', '2020-12-27', 15, 1, 0),
('fpA82njrRafLH5edm9lv0mHa98D2', '2020-12-27', 16, 3, 0),
('fpA82njrRafLH5edm9lv0mHa98D2', '2020-12-27', 17, 2, 0),
('fpA82njrRafLH5edm9lv0mHa98D2', '2020-12-27', 18, 0, 0),
('fpA82njrRafLH5edm9lv0mHa98D2', '2020-12-27', 19, 0, 0),
('fpA82njrRafLH5edm9lv0mHa98D2', '2020-12-27', 20, 0, 0),
('fpA82njrRafLH5edm9lv0mHa98D2', '2020-12-27', 21, 2, 0),
('fpA82njrRafLH5edm9lv0mHa98D2', '2020-12-27', 22, 0, 0),
('fpA82njrRafLH5edm9lv0mHa98D2', '2020-12-27', 23, 0, 0),
('fpA82njrRafLH5edm9lv0mHa98D2', '2020-12-27', 24, 0, 0),
('fpA82njrRafLH5edm9lv0mHa98D2', '2020-12-27', 25, 3, 0),
('fpA82njrRafLH5edm9lv0mHa98D2', '2020-12-27', 26, 2, 0),
('fpA82njrRafLH5edm9lv0mHa98D2', '2020-12-27', 27, 2, 0),
('fpA82njrRafLH5edm9lv0mHa98D2', '2020-12-27', 28, 0, 0),
('FZGheSdcWNcWFAajsR8J5cVWOwv2', '2021-04-26', 1, 1, 0),
('FZGheSdcWNcWFAajsR8J5cVWOwv2', '2021-04-26', 2, 1, 0),
('FZGheSdcWNcWFAajsR8J5cVWOwv2', '2022-01-24', 3, 0, 1),
('FZGheSdcWNcWFAajsR8J5cVWOwv2', '2021-04-26', 4, 0, 0),
('FZGheSdcWNcWFAajsR8J5cVWOwv2', '2021-04-26', 5, 0, 0),
('FZGheSdcWNcWFAajsR8J5cVWOwv2', '2021-04-26', 6, 0, 0),
('FZGheSdcWNcWFAajsR8J5cVWOwv2', '2021-04-26', 7, 0, 0),
('FZGheSdcWNcWFAajsR8J5cVWOwv2', '2021-02-23', 8, 2, 1),
('FZGheSdcWNcWFAajsR8J5cVWOwv2', '2021-02-23', 9, 2, 1),
('FZGheSdcWNcWFAajsR8J5cVWOwv2', '2021-02-23', 10, 4, 1),
('FZGheSdcWNcWFAajsR8J5cVWOwv2', '2021-02-23', 11, 0, 1),
('FZGheSdcWNcWFAajsR8J5cVWOwv2', '2021-01-05', 13, 0, 1),
('FZGheSdcWNcWFAajsR8J5cVWOwv2', '2021-01-05', 14, 0, 1),
('FZGheSdcWNcWFAajsR8J5cVWOwv2', '2021-01-05', 15, 1, 1),
('FZGheSdcWNcWFAajsR8J5cVWOwv2', '2021-01-05', 16, 3, 1),
('FZGheSdcWNcWFAajsR8J5cVWOwv2', '2021-01-05', 17, 2, 1),
('FZGheSdcWNcWFAajsR8J5cVWOwv2', '2021-01-05', 18, 0, 1),
('FZGheSdcWNcWFAajsR8J5cVWOwv2', '2021-01-05', 19, 0, 1),
('FZGheSdcWNcWFAajsR8J5cVWOwv2', '2021-01-05', 20, 0, 1),
('FZGheSdcWNcWFAajsR8J5cVWOwv2', '2021-01-05', 21, 2, 1),
('FZGheSdcWNcWFAajsR8J5cVWOwv2', '2021-01-05', 22, 0, 1),
('FZGheSdcWNcWFAajsR8J5cVWOwv2', '2021-01-05', 23, 0, 1),
('FZGheSdcWNcWFAajsR8J5cVWOwv2', '2021-01-05', 24, 0, 1),
('FZGheSdcWNcWFAajsR8J5cVWOwv2', '2021-01-05', 25, 3, 1),
('FZGheSdcWNcWFAajsR8J5cVWOwv2', '2021-01-05', 26, 2, 1),
('FZGheSdcWNcWFAajsR8J5cVWOwv2', '2021-04-06', 27, 2, 1),
('FZGheSdcWNcWFAajsR8J5cVWOwv2', '2021-04-06', 28, 0, 1),
('g0PWSbqov3YvuhPWW6nxk86qJ3v2', '2022-02-20', 1, 1, 1),
('g0PWSbqov3YvuhPWW6nxk86qJ3v2', '2022-02-20', 2, 1, 1),
('g0PWSbqov3YvuhPWW6nxk86qJ3v2', '2022-02-20', 3, 1, 1),
('g0PWSbqov3YvuhPWW6nxk86qJ3v2', '2022-02-20', 4, 1, 1),
('g0PWSbqov3YvuhPWW6nxk86qJ3v2', '2022-02-20', 5, 0, 0),
('g0PWSbqov3YvuhPWW6nxk86qJ3v2', '2022-02-20', 6, 0, 0),
('g0PWSbqov3YvuhPWW6nxk86qJ3v2', '2022-02-20', 7, 0, 0),
('g0PWSbqov3YvuhPWW6nxk86qJ3v2', '2022-02-20', 8, 2, 0),
('g0PWSbqov3YvuhPWW6nxk86qJ3v2', '2022-02-20', 9, 2, 0),
('g0PWSbqov3YvuhPWW6nxk86qJ3v2', '2022-02-20', 10, 4, 0),
('g0PWSbqov3YvuhPWW6nxk86qJ3v2', '2022-02-20', 11, 0, 0),
('g0PWSbqov3YvuhPWW6nxk86qJ3v2', '2022-02-20', 13, 0, 0),
('g0PWSbqov3YvuhPWW6nxk86qJ3v2', '2022-02-20', 14, 0, 0),
('g0PWSbqov3YvuhPWW6nxk86qJ3v2', '2022-02-20', 15, 1, 0),
('g0PWSbqov3YvuhPWW6nxk86qJ3v2', '2022-02-20', 16, 3, 0),
('g0PWSbqov3YvuhPWW6nxk86qJ3v2', '2022-02-20', 17, 2, 0),
('g0PWSbqov3YvuhPWW6nxk86qJ3v2', '2022-02-20', 18, 0, 0),
('g0PWSbqov3YvuhPWW6nxk86qJ3v2', '2022-02-20', 19, 0, 0),
('g0PWSbqov3YvuhPWW6nxk86qJ3v2', '2022-02-20', 20, 0, 0),
('g0PWSbqov3YvuhPWW6nxk86qJ3v2', '2022-02-20', 21, 2, 0),
('g0PWSbqov3YvuhPWW6nxk86qJ3v2', '2022-02-20', 22, 0, 0),
('g0PWSbqov3YvuhPWW6nxk86qJ3v2', '2022-02-20', 23, 0, 0),
('g0PWSbqov3YvuhPWW6nxk86qJ3v2', '2022-02-20', 24, 0, 0),
('g0PWSbqov3YvuhPWW6nxk86qJ3v2', '2022-02-20', 25, 3, 0),
('g0PWSbqov3YvuhPWW6nxk86qJ3v2', '2022-02-20', 26, 2, 0),
('g0PWSbqov3YvuhPWW6nxk86qJ3v2', '2022-02-20', 27, 2, 0),
('g0PWSbqov3YvuhPWW6nxk86qJ3v2', '2022-02-20', 28, 0, 0),
('g2eWlVEtD0dTw4WOxB4Uoy1lLF62', '2020-12-25', 1, 1, 0),
('g2eWlVEtD0dTw4WOxB4Uoy1lLF62', '2020-12-25', 2, 1, 0),
('g2eWlVEtD0dTw4WOxB4Uoy1lLF62', '2020-12-25', 3, 0, 0),
('g2eWlVEtD0dTw4WOxB4Uoy1lLF62', '2020-12-25', 4, 0, 0),
('g2eWlVEtD0dTw4WOxB4Uoy1lLF62', '2020-12-25', 5, 0, 0),
('g2eWlVEtD0dTw4WOxB4Uoy1lLF62', '2020-12-25', 6, 0, 0),
('g2eWlVEtD0dTw4WOxB4Uoy1lLF62', '2020-12-25', 7, 0, 0),
('g2eWlVEtD0dTw4WOxB4Uoy1lLF62', '2020-12-25', 8, 2, 0),
('g2eWlVEtD0dTw4WOxB4Uoy1lLF62', '2020-12-25', 9, 2, 0),
('g2eWlVEtD0dTw4WOxB4Uoy1lLF62', '2020-12-25', 10, 4, 0),
('g2eWlVEtD0dTw4WOxB4Uoy1lLF62', '2020-12-25', 11, 0, 0),
('g2eWlVEtD0dTw4WOxB4Uoy1lLF62', '2020-12-25', 13, 0, 0),
('g2eWlVEtD0dTw4WOxB4Uoy1lLF62', '2020-12-25', 14, 0, 0),
('g2eWlVEtD0dTw4WOxB4Uoy1lLF62', '2020-12-25', 15, 1, 0),
('g2eWlVEtD0dTw4WOxB4Uoy1lLF62', '2020-12-25', 16, 3, 0),
('g2eWlVEtD0dTw4WOxB4Uoy1lLF62', '2020-12-25', 17, 2, 0),
('g2eWlVEtD0dTw4WOxB4Uoy1lLF62', '2020-12-25', 18, 0, 0),
('g2eWlVEtD0dTw4WOxB4Uoy1lLF62', '2020-12-25', 19, 0, 0),
('g2eWlVEtD0dTw4WOxB4Uoy1lLF62', '2020-12-25', 20, 0, 0),
('g2eWlVEtD0dTw4WOxB4Uoy1lLF62', '2020-12-25', 21, 2, 0),
('g2eWlVEtD0dTw4WOxB4Uoy1lLF62', '2020-12-25', 22, 0, 0),
('g2eWlVEtD0dTw4WOxB4Uoy1lLF62', '2020-12-25', 23, 0, 0),
('g2eWlVEtD0dTw4WOxB4Uoy1lLF62', '2020-12-25', 24, 0, 0),
('g2eWlVEtD0dTw4WOxB4Uoy1lLF62', '2020-12-25', 25, 3, 0),
('g2eWlVEtD0dTw4WOxB4Uoy1lLF62', '2020-12-25', 26, 2, 0),
('g2eWlVEtD0dTw4WOxB4Uoy1lLF62', '2020-12-25', 27, 2, 0),
('g2eWlVEtD0dTw4WOxB4Uoy1lLF62', '2020-12-25', 28, 0, 0),
('G5Ow2YhM5JZqPuRIiljlwVzywkd2', '2021-05-26', 1, 1, 1),
('G5Ow2YhM5JZqPuRIiljlwVzywkd2', '2021-05-26', 2, 1, 1),
('G5Ow2YhM5JZqPuRIiljlwVzywkd2', '2021-05-26', 3, 1, 1),
('G5Ow2YhM5JZqPuRIiljlwVzywkd2', '2021-06-14', 4, 1, 1),
('G5Ow2YhM5JZqPuRIiljlwVzywkd2', '2021-06-14', 5, 2, 1),
('G5Ow2YhM5JZqPuRIiljlwVzywkd2', '2021-06-24', 6, 2, 1),
('G5Ow2YhM5JZqPuRIiljlwVzywkd2', '2021-06-24', 7, 2, 1),
('G5Ow2YhM5JZqPuRIiljlwVzywkd2', '2021-06-14', 8, 2, 1),
('G5Ow2YhM5JZqPuRIiljlwVzywkd2', '2021-05-26', 9, 2, 1),
('G5Ow2YhM5JZqPuRIiljlwVzywkd2', '2021-05-26', 10, 4, 1),
('G5Ow2YhM5JZqPuRIiljlwVzywkd2', '2021-05-26', 11, 0, 0),
('G5Ow2YhM5JZqPuRIiljlwVzywkd2', '2021-06-24', 13, 2, 1),
('G5Ow2YhM5JZqPuRIiljlwVzywkd2', '2021-05-26', 14, 0, 0),
('G5Ow2YhM5JZqPuRIiljlwVzywkd2', '2021-05-26', 15, 1, 0),
('G5Ow2YhM5JZqPuRIiljlwVzywkd2', '2021-05-26', 16, 3, 0),
('G5Ow2YhM5JZqPuRIiljlwVzywkd2', '2021-05-26', 17, 2, 0),
('G5Ow2YhM5JZqPuRIiljlwVzywkd2', '2021-05-26', 18, 0, 0),
('G5Ow2YhM5JZqPuRIiljlwVzywkd2', '2021-05-26', 19, 0, 0),
('G5Ow2YhM5JZqPuRIiljlwVzywkd2', '2021-05-26', 20, 0, 0),
('G5Ow2YhM5JZqPuRIiljlwVzywkd2', '2021-05-26', 21, 2, 0),
('G5Ow2YhM5JZqPuRIiljlwVzywkd2', '2021-05-26', 22, 0, 0),
('G5Ow2YhM5JZqPuRIiljlwVzywkd2', '2021-05-26', 23, 0, 0),
('G5Ow2YhM5JZqPuRIiljlwVzywkd2', '2021-05-26', 24, 0, 0),
('G5Ow2YhM5JZqPuRIiljlwVzywkd2', '2021-05-26', 25, 3, 0),
('G5Ow2YhM5JZqPuRIiljlwVzywkd2', '2021-05-26', 26, 2, 0),
('G5Ow2YhM5JZqPuRIiljlwVzywkd2', '2021-05-26', 27, 2, 0),
('G5Ow2YhM5JZqPuRIiljlwVzywkd2', '2021-05-26', 28, 0, 0),
('gEve5j5GKbQQrSIdCAH7oKvTlHl2', '2021-05-27', 1, 1, 0),
('gEve5j5GKbQQrSIdCAH7oKvTlHl2', '2021-05-27', 2, 1, 0),
('gEve5j5GKbQQrSIdCAH7oKvTlHl2', '2021-05-27', 3, 0, 0),
('gEve5j5GKbQQrSIdCAH7oKvTlHl2', '2021-05-27', 4, 0, 0),
('gEve5j5GKbQQrSIdCAH7oKvTlHl2', '2021-05-27', 5, 0, 0),
('gEve5j5GKbQQrSIdCAH7oKvTlHl2', '2021-05-27', 6, 0, 0),
('gEve5j5GKbQQrSIdCAH7oKvTlHl2', '2021-05-27', 7, 0, 0),
('gEve5j5GKbQQrSIdCAH7oKvTlHl2', '2021-05-27', 8, 2, 0),
('gEve5j5GKbQQrSIdCAH7oKvTlHl2', '2021-05-27', 9, 2, 0),
('gEve5j5GKbQQrSIdCAH7oKvTlHl2', '2021-05-27', 10, 4, 0),
('gEve5j5GKbQQrSIdCAH7oKvTlHl2', '2021-05-27', 11, 0, 0),
('gEve5j5GKbQQrSIdCAH7oKvTlHl2', '2021-05-27', 13, 0, 0),
('gEve5j5GKbQQrSIdCAH7oKvTlHl2', '2021-05-27', 14, 0, 0),
('gEve5j5GKbQQrSIdCAH7oKvTlHl2', '2021-05-27', 15, 1, 0),
('gEve5j5GKbQQrSIdCAH7oKvTlHl2', '2021-05-27', 16, 3, 0),
('gEve5j5GKbQQrSIdCAH7oKvTlHl2', '2021-05-27', 17, 2, 0),
('gEve5j5GKbQQrSIdCAH7oKvTlHl2', '2021-05-27', 18, 0, 0),
('gEve5j5GKbQQrSIdCAH7oKvTlHl2', '2021-05-27', 19, 0, 0),
('gEve5j5GKbQQrSIdCAH7oKvTlHl2', '2021-05-27', 20, 0, 0),
('gEve5j5GKbQQrSIdCAH7oKvTlHl2', '2021-05-27', 21, 2, 0),
('gEve5j5GKbQQrSIdCAH7oKvTlHl2', '2021-05-27', 22, 0, 0),
('gEve5j5GKbQQrSIdCAH7oKvTlHl2', '2021-05-27', 23, 0, 0),
('gEve5j5GKbQQrSIdCAH7oKvTlHl2', '2021-05-27', 24, 0, 0),
('gEve5j5GKbQQrSIdCAH7oKvTlHl2', '2021-05-27', 25, 3, 0),
('gEve5j5GKbQQrSIdCAH7oKvTlHl2', '2021-05-27', 26, 2, 0),
('gEve5j5GKbQQrSIdCAH7oKvTlHl2', '2021-05-27', 27, 2, 0),
('gEve5j5GKbQQrSIdCAH7oKvTlHl2', '2021-05-27', 28, 0, 0),
('gLCaBBULWZZW5IRffOuFwp87QbI2', '2021-01-30', 1, 1, 1),
('gLCaBBULWZZW5IRffOuFwp87QbI2', '2021-01-30', 2, 1, 1),
('gLCaBBULWZZW5IRffOuFwp87QbI2', '2021-01-31', 3, 1, 1),
('gLCaBBULWZZW5IRffOuFwp87QbI2', '2021-01-31', 4, 1, 1),
('gLCaBBULWZZW5IRffOuFwp87QbI2', '2021-02-01', 5, 2, 1),
('gLCaBBULWZZW5IRffOuFwp87QbI2', '2021-02-02', 6, 2, 1),
('gLCaBBULWZZW5IRffOuFwp87QbI2', '2021-02-04', 7, 1, 1),
('gLCaBBULWZZW5IRffOuFwp87QbI2', '2021-01-30', 8, 2, 0),
('gLCaBBULWZZW5IRffOuFwp87QbI2', '2021-01-30', 9, 2, 0),
('gLCaBBULWZZW5IRffOuFwp87QbI2', '2021-01-30', 10, 4, 0);
INSERT INTO `user_cups` (`user_name`, `date_update`, `chapter_id`, `victory_cups_wined`, `is_readed`) VALUES
('gLCaBBULWZZW5IRffOuFwp87QbI2', '2021-02-04', 11, 0, 0),
('gLCaBBULWZZW5IRffOuFwp87QbI2', '2021-01-30', 13, 0, 0),
('gLCaBBULWZZW5IRffOuFwp87QbI2', '2021-02-04', 14, 0, 0),
('gLCaBBULWZZW5IRffOuFwp87QbI2', '2021-01-30', 15, 1, 0),
('gLCaBBULWZZW5IRffOuFwp87QbI2', '2021-01-30', 16, 3, 0),
('gLCaBBULWZZW5IRffOuFwp87QbI2', '2021-01-30', 17, 2, 0),
('gLCaBBULWZZW5IRffOuFwp87QbI2', '2021-01-30', 18, 0, 0),
('gLCaBBULWZZW5IRffOuFwp87QbI2', '2021-01-30', 19, 0, 0),
('gLCaBBULWZZW5IRffOuFwp87QbI2', '2021-01-30', 20, 0, 0),
('gLCaBBULWZZW5IRffOuFwp87QbI2', '2021-01-30', 21, 2, 0),
('gLCaBBULWZZW5IRffOuFwp87QbI2', '2021-01-30', 22, 0, 0),
('gLCaBBULWZZW5IRffOuFwp87QbI2', '2021-01-30', 23, 0, 0),
('gLCaBBULWZZW5IRffOuFwp87QbI2', '2021-01-30', 24, 0, 0),
('gLCaBBULWZZW5IRffOuFwp87QbI2', '2021-01-30', 25, 3, 0),
('gLCaBBULWZZW5IRffOuFwp87QbI2', '2021-01-30', 26, 2, 0),
('gLCaBBULWZZW5IRffOuFwp87QbI2', '2021-01-30', 27, 2, 0),
('gLCaBBULWZZW5IRffOuFwp87QbI2', '2021-01-30', 28, 0, 0),
('gWuWbPpH9KXSQfXWH5jyVnqn85p1', '2020-12-29', 1, 1, 0),
('gWuWbPpH9KXSQfXWH5jyVnqn85p1', '2020-12-29', 2, 1, 0),
('gWuWbPpH9KXSQfXWH5jyVnqn85p1', '2020-12-29', 3, 0, 0),
('gWuWbPpH9KXSQfXWH5jyVnqn85p1', '2020-12-29', 4, 0, 0),
('gWuWbPpH9KXSQfXWH5jyVnqn85p1', '2020-12-29', 5, 0, 0),
('gWuWbPpH9KXSQfXWH5jyVnqn85p1', '2020-12-29', 6, 0, 0),
('gWuWbPpH9KXSQfXWH5jyVnqn85p1', '2020-12-29', 7, 0, 0),
('gWuWbPpH9KXSQfXWH5jyVnqn85p1', '2020-12-29', 8, 2, 0),
('gWuWbPpH9KXSQfXWH5jyVnqn85p1', '2020-12-29', 9, 2, 0),
('gWuWbPpH9KXSQfXWH5jyVnqn85p1', '2020-12-29', 10, 4, 0),
('gWuWbPpH9KXSQfXWH5jyVnqn85p1', '2020-12-29', 11, 0, 0),
('gWuWbPpH9KXSQfXWH5jyVnqn85p1', '2020-12-29', 13, 0, 0),
('gWuWbPpH9KXSQfXWH5jyVnqn85p1', '2020-12-29', 14, 0, 0),
('gWuWbPpH9KXSQfXWH5jyVnqn85p1', '2020-12-29', 15, 1, 0),
('gWuWbPpH9KXSQfXWH5jyVnqn85p1', '2020-12-29', 16, 3, 0),
('gWuWbPpH9KXSQfXWH5jyVnqn85p1', '2020-12-29', 17, 2, 0),
('gWuWbPpH9KXSQfXWH5jyVnqn85p1', '2020-12-29', 18, 0, 0),
('gWuWbPpH9KXSQfXWH5jyVnqn85p1', '2020-12-29', 19, 0, 0),
('gWuWbPpH9KXSQfXWH5jyVnqn85p1', '2020-12-29', 20, 0, 0),
('gWuWbPpH9KXSQfXWH5jyVnqn85p1', '2020-12-29', 21, 2, 0),
('gWuWbPpH9KXSQfXWH5jyVnqn85p1', '2020-12-29', 22, 0, 0),
('gWuWbPpH9KXSQfXWH5jyVnqn85p1', '2020-12-29', 23, 0, 0),
('gWuWbPpH9KXSQfXWH5jyVnqn85p1', '2020-12-29', 24, 0, 0),
('gWuWbPpH9KXSQfXWH5jyVnqn85p1', '2020-12-29', 25, 3, 0),
('gWuWbPpH9KXSQfXWH5jyVnqn85p1', '2020-12-29', 26, 2, 0),
('gWuWbPpH9KXSQfXWH5jyVnqn85p1', '2020-12-29', 27, 2, 0),
('gWuWbPpH9KXSQfXWH5jyVnqn85p1', '2020-12-29', 28, 0, 0),
('GWxDWmnzIoUu7r5cKeZ5xXx4Ko93', '2021-04-28', 1, 1, 0),
('GWxDWmnzIoUu7r5cKeZ5xXx4Ko93', '2021-04-28', 2, 1, 0),
('GWxDWmnzIoUu7r5cKeZ5xXx4Ko93', '2021-04-28', 3, 0, 0),
('GWxDWmnzIoUu7r5cKeZ5xXx4Ko93', '2021-04-28', 4, 0, 0),
('GWxDWmnzIoUu7r5cKeZ5xXx4Ko93', '2021-04-28', 5, 0, 0),
('GWxDWmnzIoUu7r5cKeZ5xXx4Ko93', '2021-04-28', 6, 0, 0),
('GWxDWmnzIoUu7r5cKeZ5xXx4Ko93', '2021-04-28', 7, 0, 0),
('GWxDWmnzIoUu7r5cKeZ5xXx4Ko93', '2021-04-28', 8, 2, 0),
('GWxDWmnzIoUu7r5cKeZ5xXx4Ko93', '2021-04-28', 9, 2, 0),
('GWxDWmnzIoUu7r5cKeZ5xXx4Ko93', '2021-04-28', 10, 4, 0),
('GWxDWmnzIoUu7r5cKeZ5xXx4Ko93', '2021-04-28', 11, 0, 0),
('GWxDWmnzIoUu7r5cKeZ5xXx4Ko93', '2021-04-28', 13, 0, 0),
('GWxDWmnzIoUu7r5cKeZ5xXx4Ko93', '2021-04-28', 14, 0, 0),
('GWxDWmnzIoUu7r5cKeZ5xXx4Ko93', '2021-04-28', 15, 1, 0),
('GWxDWmnzIoUu7r5cKeZ5xXx4Ko93', '2021-04-28', 16, 3, 0),
('GWxDWmnzIoUu7r5cKeZ5xXx4Ko93', '2021-04-28', 17, 2, 0),
('GWxDWmnzIoUu7r5cKeZ5xXx4Ko93', '2021-04-28', 18, 0, 0),
('GWxDWmnzIoUu7r5cKeZ5xXx4Ko93', '2021-04-28', 19, 0, 0),
('GWxDWmnzIoUu7r5cKeZ5xXx4Ko93', '2021-04-28', 20, 0, 0),
('GWxDWmnzIoUu7r5cKeZ5xXx4Ko93', '2021-04-28', 21, 2, 0),
('GWxDWmnzIoUu7r5cKeZ5xXx4Ko93', '2021-04-28', 22, 0, 0),
('GWxDWmnzIoUu7r5cKeZ5xXx4Ko93', '2021-04-28', 23, 0, 0),
('GWxDWmnzIoUu7r5cKeZ5xXx4Ko93', '2021-04-28', 24, 0, 0),
('GWxDWmnzIoUu7r5cKeZ5xXx4Ko93', '2021-04-28', 25, 3, 0),
('GWxDWmnzIoUu7r5cKeZ5xXx4Ko93', '2021-04-28', 26, 2, 0),
('GWxDWmnzIoUu7r5cKeZ5xXx4Ko93', '2021-04-28', 27, 2, 0),
('GWxDWmnzIoUu7r5cKeZ5xXx4Ko93', '2021-04-28', 28, 0, 0),
('H0ezZDWeJ5X4mWPlRd5n96dyj392', '2020-12-30', 1, 1, 0),
('H0ezZDWeJ5X4mWPlRd5n96dyj392', '2020-12-31', 2, 1, 1),
('H0ezZDWeJ5X4mWPlRd5n96dyj392', '2020-12-30', 3, 0, 0),
('H0ezZDWeJ5X4mWPlRd5n96dyj392', '2020-12-30', 4, 1, 1),
('H0ezZDWeJ5X4mWPlRd5n96dyj392', '2020-12-30', 5, 0, 0),
('H0ezZDWeJ5X4mWPlRd5n96dyj392', '2020-12-30', 6, 0, 0),
('H0ezZDWeJ5X4mWPlRd5n96dyj392', '2020-12-30', 7, 0, 0),
('H0ezZDWeJ5X4mWPlRd5n96dyj392', '2020-12-30', 8, 2, 0),
('H0ezZDWeJ5X4mWPlRd5n96dyj392', '2020-12-30', 9, 2, 0),
('H0ezZDWeJ5X4mWPlRd5n96dyj392', '2020-12-30', 10, 4, 0),
('H0ezZDWeJ5X4mWPlRd5n96dyj392', '2020-12-30', 11, 10, 1),
('H0ezZDWeJ5X4mWPlRd5n96dyj392', '2020-12-30', 13, 0, 0),
('H0ezZDWeJ5X4mWPlRd5n96dyj392', '2020-12-30', 14, 0, 0),
('H0ezZDWeJ5X4mWPlRd5n96dyj392', '2020-12-30', 15, 1, 0),
('H0ezZDWeJ5X4mWPlRd5n96dyj392', '2020-12-30', 16, 3, 0),
('H0ezZDWeJ5X4mWPlRd5n96dyj392', '2020-12-30', 17, 2, 0),
('H0ezZDWeJ5X4mWPlRd5n96dyj392', '2020-12-30', 18, 0, 0),
('H0ezZDWeJ5X4mWPlRd5n96dyj392', '2020-12-30', 19, 0, 0),
('H0ezZDWeJ5X4mWPlRd5n96dyj392', '2020-12-30', 20, 0, 0),
('H0ezZDWeJ5X4mWPlRd5n96dyj392', '2020-12-30', 21, 2, 0),
('H0ezZDWeJ5X4mWPlRd5n96dyj392', '2020-12-30', 22, 0, 0),
('H0ezZDWeJ5X4mWPlRd5n96dyj392', '2020-12-30', 23, 0, 0),
('H0ezZDWeJ5X4mWPlRd5n96dyj392', '2020-12-30', 24, 0, 0),
('H0ezZDWeJ5X4mWPlRd5n96dyj392', '2020-12-30', 25, 3, 0),
('H0ezZDWeJ5X4mWPlRd5n96dyj392', '2020-12-30', 26, 2, 0),
('H0ezZDWeJ5X4mWPlRd5n96dyj392', '2020-12-30', 27, 2, 0),
('H0ezZDWeJ5X4mWPlRd5n96dyj392', '2020-12-30', 28, 3, 1),
('HLLRZrvDuMccFfB3LP8HEvlJAi82', '2021-01-01', 1, 1, 0),
('HLLRZrvDuMccFfB3LP8HEvlJAi82', '2021-01-01', 2, 1, 0),
('HLLRZrvDuMccFfB3LP8HEvlJAi82', '2021-01-01', 3, 0, 0),
('HLLRZrvDuMccFfB3LP8HEvlJAi82', '2021-01-01', 4, 0, 0),
('HLLRZrvDuMccFfB3LP8HEvlJAi82', '2021-01-01', 5, 0, 0),
('HLLRZrvDuMccFfB3LP8HEvlJAi82', '2021-01-01', 6, 0, 0),
('HLLRZrvDuMccFfB3LP8HEvlJAi82', '2021-01-01', 7, 0, 0),
('HLLRZrvDuMccFfB3LP8HEvlJAi82', '2021-01-01', 8, 2, 0),
('HLLRZrvDuMccFfB3LP8HEvlJAi82', '2021-01-01', 9, 2, 0),
('HLLRZrvDuMccFfB3LP8HEvlJAi82', '2021-01-01', 10, 4, 0),
('HLLRZrvDuMccFfB3LP8HEvlJAi82', '2021-01-01', 11, 13, 1),
('HLLRZrvDuMccFfB3LP8HEvlJAi82', '2021-01-01', 13, 0, 0),
('HLLRZrvDuMccFfB3LP8HEvlJAi82', '2021-01-01', 14, 0, 0),
('HLLRZrvDuMccFfB3LP8HEvlJAi82', '2021-01-01', 15, 1, 0),
('HLLRZrvDuMccFfB3LP8HEvlJAi82', '2021-01-01', 16, 3, 0),
('HLLRZrvDuMccFfB3LP8HEvlJAi82', '2021-01-01', 17, 2, 0),
('HLLRZrvDuMccFfB3LP8HEvlJAi82', '2021-01-01', 18, 0, 0),
('HLLRZrvDuMccFfB3LP8HEvlJAi82', '2021-01-01', 19, 0, 0),
('HLLRZrvDuMccFfB3LP8HEvlJAi82', '2021-01-01', 20, 0, 0),
('HLLRZrvDuMccFfB3LP8HEvlJAi82', '2021-01-01', 21, 2, 0),
('HLLRZrvDuMccFfB3LP8HEvlJAi82', '2021-01-01', 22, 0, 0),
('HLLRZrvDuMccFfB3LP8HEvlJAi82', '2021-01-01', 23, 0, 0),
('HLLRZrvDuMccFfB3LP8HEvlJAi82', '2021-01-01', 24, 0, 0),
('HLLRZrvDuMccFfB3LP8HEvlJAi82', '2021-01-01', 25, 3, 0),
('HLLRZrvDuMccFfB3LP8HEvlJAi82', '2021-01-01', 26, 2, 0),
('HLLRZrvDuMccFfB3LP8HEvlJAi82', '2021-01-01', 27, 2, 0),
('HLLRZrvDuMccFfB3LP8HEvlJAi82', '2021-01-01', 28, 0, 0),
('HOVGGlTUDwXTvWfoIFW4E3ZGMSV2', '2021-03-25', 1, 1, 0),
('HOVGGlTUDwXTvWfoIFW4E3ZGMSV2', '2021-03-25', 2, 1, 0),
('HOVGGlTUDwXTvWfoIFW4E3ZGMSV2', '2021-03-25', 3, 0, 0),
('HOVGGlTUDwXTvWfoIFW4E3ZGMSV2', '2021-03-25', 4, 0, 0),
('HOVGGlTUDwXTvWfoIFW4E3ZGMSV2', '2021-03-25', 5, 0, 0),
('HOVGGlTUDwXTvWfoIFW4E3ZGMSV2', '2021-03-25', 6, 0, 0),
('HOVGGlTUDwXTvWfoIFW4E3ZGMSV2', '2021-03-25', 7, 0, 0),
('HOVGGlTUDwXTvWfoIFW4E3ZGMSV2', '2021-03-25', 8, 2, 0),
('HOVGGlTUDwXTvWfoIFW4E3ZGMSV2', '2021-03-25', 9, 2, 0),
('HOVGGlTUDwXTvWfoIFW4E3ZGMSV2', '2021-03-25', 10, 4, 0),
('HOVGGlTUDwXTvWfoIFW4E3ZGMSV2', '2021-03-25', 11, 0, 0),
('HOVGGlTUDwXTvWfoIFW4E3ZGMSV2', '2021-03-25', 13, 0, 0),
('HOVGGlTUDwXTvWfoIFW4E3ZGMSV2', '2021-03-25', 14, 0, 0),
('HOVGGlTUDwXTvWfoIFW4E3ZGMSV2', '2021-03-25', 15, 1, 0),
('HOVGGlTUDwXTvWfoIFW4E3ZGMSV2', '2021-03-25', 16, 3, 0),
('HOVGGlTUDwXTvWfoIFW4E3ZGMSV2', '2021-03-25', 17, 2, 0),
('HOVGGlTUDwXTvWfoIFW4E3ZGMSV2', '2021-03-25', 18, 0, 0),
('HOVGGlTUDwXTvWfoIFW4E3ZGMSV2', '2021-03-25', 19, 0, 0),
('HOVGGlTUDwXTvWfoIFW4E3ZGMSV2', '2021-03-25', 20, 0, 0),
('HOVGGlTUDwXTvWfoIFW4E3ZGMSV2', '2021-03-25', 21, 2, 0),
('HOVGGlTUDwXTvWfoIFW4E3ZGMSV2', '2021-03-25', 22, 0, 0),
('HOVGGlTUDwXTvWfoIFW4E3ZGMSV2', '2021-03-25', 23, 0, 0),
('HOVGGlTUDwXTvWfoIFW4E3ZGMSV2', '2021-03-25', 24, 0, 0),
('HOVGGlTUDwXTvWfoIFW4E3ZGMSV2', '2021-03-25', 25, 3, 0),
('HOVGGlTUDwXTvWfoIFW4E3ZGMSV2', '2021-03-25', 26, 2, 0),
('HOVGGlTUDwXTvWfoIFW4E3ZGMSV2', '2021-03-25', 27, 2, 0),
('HOVGGlTUDwXTvWfoIFW4E3ZGMSV2', '2021-03-25', 28, 0, 0),
('HPQeby4z2gMUS48NIZ4IIoDATJ73', '2020-12-22', 1, 1, 0),
('HPQeby4z2gMUS48NIZ4IIoDATJ73', '2020-12-22', 2, 1, 0),
('HPQeby4z2gMUS48NIZ4IIoDATJ73', '2020-12-22', 3, 0, 0),
('HPQeby4z2gMUS48NIZ4IIoDATJ73', '2020-12-22', 4, 0, 0),
('HPQeby4z2gMUS48NIZ4IIoDATJ73', '2020-12-22', 5, 0, 0),
('HPQeby4z2gMUS48NIZ4IIoDATJ73', '2020-12-22', 6, 0, 0),
('HPQeby4z2gMUS48NIZ4IIoDATJ73', '2020-12-22', 7, 0, 0),
('HPQeby4z2gMUS48NIZ4IIoDATJ73', '2020-12-22', 8, 2, 0),
('HPQeby4z2gMUS48NIZ4IIoDATJ73', '2020-12-22', 9, 2, 0),
('HPQeby4z2gMUS48NIZ4IIoDATJ73', '2020-12-22', 10, 4, 0),
('HPQeby4z2gMUS48NIZ4IIoDATJ73', '2020-12-22', 11, 0, 0),
('HPQeby4z2gMUS48NIZ4IIoDATJ73', '2020-12-22', 13, 0, 0),
('HPQeby4z2gMUS48NIZ4IIoDATJ73', '2020-12-22', 14, 0, 0),
('HPQeby4z2gMUS48NIZ4IIoDATJ73', '2020-12-22', 15, 1, 0),
('HPQeby4z2gMUS48NIZ4IIoDATJ73', '2020-12-22', 16, 3, 0),
('HPQeby4z2gMUS48NIZ4IIoDATJ73', '2020-12-22', 17, 2, 0),
('HPQeby4z2gMUS48NIZ4IIoDATJ73', '2020-12-22', 18, 0, 0),
('HPQeby4z2gMUS48NIZ4IIoDATJ73', '2020-12-22', 19, 0, 0),
('HPQeby4z2gMUS48NIZ4IIoDATJ73', '2020-12-22', 20, 0, 0),
('HPQeby4z2gMUS48NIZ4IIoDATJ73', '2020-12-22', 21, 2, 0),
('HPQeby4z2gMUS48NIZ4IIoDATJ73', '2020-12-22', 22, 0, 0),
('HPQeby4z2gMUS48NIZ4IIoDATJ73', '2020-12-22', 23, 0, 0),
('HPQeby4z2gMUS48NIZ4IIoDATJ73', '2020-12-22', 24, 0, 0),
('HPQeby4z2gMUS48NIZ4IIoDATJ73', '2020-12-22', 25, 3, 0),
('HPQeby4z2gMUS48NIZ4IIoDATJ73', '2020-12-22', 26, 2, 0),
('HPQeby4z2gMUS48NIZ4IIoDATJ73', '2020-12-22', 27, 2, 0),
('HPQeby4z2gMUS48NIZ4IIoDATJ73', '2020-12-22', 28, 0, 0),
('Hpz5BAEXO5auyp9yR6dvvDEJmvH2', '2021-02-03', 1, 1, 0),
('Hpz5BAEXO5auyp9yR6dvvDEJmvH2', '2021-02-03', 2, 1, 0),
('Hpz5BAEXO5auyp9yR6dvvDEJmvH2', '2021-02-03', 3, 0, 0),
('Hpz5BAEXO5auyp9yR6dvvDEJmvH2', '2021-02-03', 4, 0, 0),
('Hpz5BAEXO5auyp9yR6dvvDEJmvH2', '2021-02-03', 5, 0, 0),
('Hpz5BAEXO5auyp9yR6dvvDEJmvH2', '2021-02-03', 6, 0, 0),
('Hpz5BAEXO5auyp9yR6dvvDEJmvH2', '2021-02-03', 7, 0, 0),
('Hpz5BAEXO5auyp9yR6dvvDEJmvH2', '2021-02-03', 8, 2, 0),
('Hpz5BAEXO5auyp9yR6dvvDEJmvH2', '2021-02-03', 9, 2, 0),
('Hpz5BAEXO5auyp9yR6dvvDEJmvH2', '2021-02-03', 10, 4, 0),
('Hpz5BAEXO5auyp9yR6dvvDEJmvH2', '2021-02-03', 11, 0, 0),
('Hpz5BAEXO5auyp9yR6dvvDEJmvH2', '2021-02-03', 13, 0, 0),
('Hpz5BAEXO5auyp9yR6dvvDEJmvH2', '2021-02-03', 14, 0, 0),
('Hpz5BAEXO5auyp9yR6dvvDEJmvH2', '2021-02-03', 15, 1, 0),
('Hpz5BAEXO5auyp9yR6dvvDEJmvH2', '2021-02-03', 16, 3, 0),
('Hpz5BAEXO5auyp9yR6dvvDEJmvH2', '2021-02-03', 17, 2, 0),
('Hpz5BAEXO5auyp9yR6dvvDEJmvH2', '2021-02-03', 18, 0, 0),
('Hpz5BAEXO5auyp9yR6dvvDEJmvH2', '2021-02-03', 19, 0, 0),
('Hpz5BAEXO5auyp9yR6dvvDEJmvH2', '2021-02-03', 20, 0, 0),
('Hpz5BAEXO5auyp9yR6dvvDEJmvH2', '2021-02-03', 21, 2, 0),
('Hpz5BAEXO5auyp9yR6dvvDEJmvH2', '2021-02-03', 22, 0, 0),
('Hpz5BAEXO5auyp9yR6dvvDEJmvH2', '2021-02-03', 23, 0, 0),
('Hpz5BAEXO5auyp9yR6dvvDEJmvH2', '2021-02-03', 24, 0, 0),
('Hpz5BAEXO5auyp9yR6dvvDEJmvH2', '2021-02-03', 25, 3, 0),
('Hpz5BAEXO5auyp9yR6dvvDEJmvH2', '2021-02-03', 26, 2, 0),
('Hpz5BAEXO5auyp9yR6dvvDEJmvH2', '2021-02-03', 27, 2, 0),
('Hpz5BAEXO5auyp9yR6dvvDEJmvH2', '2021-02-03', 28, 0, 0),
('HtzgSKvXNLaTAakqFnmVXyIReb32', '2021-12-27', 1, 1, 1),
('HtzgSKvXNLaTAakqFnmVXyIReb32', '2021-12-27', 2, 1, 1),
('HtzgSKvXNLaTAakqFnmVXyIReb32', '2021-12-27', 3, 1, 1),
('HtzgSKvXNLaTAakqFnmVXyIReb32', '2021-12-27', 4, 1, 1),
('HtzgSKvXNLaTAakqFnmVXyIReb32', '2021-12-27', 5, 2, 1),
('HtzgSKvXNLaTAakqFnmVXyIReb32', '2021-12-27', 6, 0, 0),
('HtzgSKvXNLaTAakqFnmVXyIReb32', '2021-12-27', 7, 0, 0),
('HtzgSKvXNLaTAakqFnmVXyIReb32', '2021-12-27', 8, 2, 0),
('HtzgSKvXNLaTAakqFnmVXyIReb32', '2021-12-27', 9, 2, 0),
('HtzgSKvXNLaTAakqFnmVXyIReb32', '2021-12-27', 10, 4, 0),
('HtzgSKvXNLaTAakqFnmVXyIReb32', '2021-12-27', 11, 0, 0),
('HtzgSKvXNLaTAakqFnmVXyIReb32', '2021-12-27', 13, 0, 0),
('HtzgSKvXNLaTAakqFnmVXyIReb32', '2021-12-27', 14, 0, 0),
('HtzgSKvXNLaTAakqFnmVXyIReb32', '2021-12-27', 15, 1, 0),
('HtzgSKvXNLaTAakqFnmVXyIReb32', '2021-12-27', 16, 3, 0),
('HtzgSKvXNLaTAakqFnmVXyIReb32', '2021-12-27', 17, 2, 0),
('HtzgSKvXNLaTAakqFnmVXyIReb32', '2021-12-27', 18, 0, 0),
('HtzgSKvXNLaTAakqFnmVXyIReb32', '2021-12-27', 19, 0, 0),
('HtzgSKvXNLaTAakqFnmVXyIReb32', '2021-12-27', 20, 0, 0),
('HtzgSKvXNLaTAakqFnmVXyIReb32', '2021-12-27', 21, 2, 0),
('HtzgSKvXNLaTAakqFnmVXyIReb32', '2021-12-27', 22, 0, 0),
('HtzgSKvXNLaTAakqFnmVXyIReb32', '2021-12-27', 23, 0, 0),
('HtzgSKvXNLaTAakqFnmVXyIReb32', '2021-12-27', 24, 0, 0),
('HtzgSKvXNLaTAakqFnmVXyIReb32', '2021-12-27', 25, 3, 0),
('HtzgSKvXNLaTAakqFnmVXyIReb32', '2021-12-27', 26, 2, 0),
('HtzgSKvXNLaTAakqFnmVXyIReb32', '2021-12-27', 27, 2, 0),
('HtzgSKvXNLaTAakqFnmVXyIReb32', '2021-12-27', 28, 0, 0),
('iL3ditUu7UWtahAZ9HP6gcJoorL2', '2021-02-28', 1, 1, 0),
('iL3ditUu7UWtahAZ9HP6gcJoorL2', '2021-02-28', 2, 1, 0),
('iL3ditUu7UWtahAZ9HP6gcJoorL2', '2021-02-28', 3, 0, 0),
('iL3ditUu7UWtahAZ9HP6gcJoorL2', '2021-02-28', 4, 0, 0),
('iL3ditUu7UWtahAZ9HP6gcJoorL2', '2021-02-28', 5, 0, 0),
('iL3ditUu7UWtahAZ9HP6gcJoorL2', '2021-02-28', 6, 0, 0),
('iL3ditUu7UWtahAZ9HP6gcJoorL2', '2021-02-28', 7, 0, 0),
('iL3ditUu7UWtahAZ9HP6gcJoorL2', '2021-02-28', 8, 2, 0),
('iL3ditUu7UWtahAZ9HP6gcJoorL2', '2021-02-28', 9, 2, 0),
('iL3ditUu7UWtahAZ9HP6gcJoorL2', '2021-02-28', 10, 4, 0),
('iL3ditUu7UWtahAZ9HP6gcJoorL2', '2021-02-28', 11, 0, 0),
('iL3ditUu7UWtahAZ9HP6gcJoorL2', '2021-02-28', 13, 0, 0),
('iL3ditUu7UWtahAZ9HP6gcJoorL2', '2021-02-28', 14, 0, 0),
('iL3ditUu7UWtahAZ9HP6gcJoorL2', '2021-02-28', 15, 1, 0),
('iL3ditUu7UWtahAZ9HP6gcJoorL2', '2021-02-28', 16, 3, 0),
('iL3ditUu7UWtahAZ9HP6gcJoorL2', '2021-02-28', 17, 2, 0),
('iL3ditUu7UWtahAZ9HP6gcJoorL2', '2021-02-28', 18, 0, 0),
('iL3ditUu7UWtahAZ9HP6gcJoorL2', '2021-02-28', 19, 0, 0),
('iL3ditUu7UWtahAZ9HP6gcJoorL2', '2021-02-28', 20, 0, 0),
('iL3ditUu7UWtahAZ9HP6gcJoorL2', '2021-02-28', 21, 2, 0),
('iL3ditUu7UWtahAZ9HP6gcJoorL2', '2021-02-28', 22, 0, 0),
('iL3ditUu7UWtahAZ9HP6gcJoorL2', '2021-02-28', 23, 0, 0),
('iL3ditUu7UWtahAZ9HP6gcJoorL2', '2021-02-28', 24, 0, 0),
('iL3ditUu7UWtahAZ9HP6gcJoorL2', '2021-02-28', 25, 3, 0),
('iL3ditUu7UWtahAZ9HP6gcJoorL2', '2021-02-28', 26, 2, 0),
('iL3ditUu7UWtahAZ9HP6gcJoorL2', '2021-02-28', 27, 2, 0),
('iL3ditUu7UWtahAZ9HP6gcJoorL2', '2021-02-28', 28, 0, 0),
('iMTWykj6hyYesaLfAXj1lUDMcy72', '2021-01-03', 1, 1, 0),
('iMTWykj6hyYesaLfAXj1lUDMcy72', '2021-01-03', 2, 1, 0),
('iMTWykj6hyYesaLfAXj1lUDMcy72', '2021-01-03', 3, 0, 0),
('iMTWykj6hyYesaLfAXj1lUDMcy72', '2021-01-03', 4, 0, 0),
('iMTWykj6hyYesaLfAXj1lUDMcy72', '2021-01-03', 5, 1, 1),
('iMTWykj6hyYesaLfAXj1lUDMcy72', '2021-01-03', 6, 0, 0),
('iMTWykj6hyYesaLfAXj1lUDMcy72', '2021-01-03', 7, 0, 0),
('iMTWykj6hyYesaLfAXj1lUDMcy72', '2021-01-03', 8, 2, 0),
('iMTWykj6hyYesaLfAXj1lUDMcy72', '2021-01-03', 9, 2, 0),
('iMTWykj6hyYesaLfAXj1lUDMcy72', '2021-01-03', 10, 4, 0),
('iMTWykj6hyYesaLfAXj1lUDMcy72', '2021-01-03', 11, 0, 0),
('iMTWykj6hyYesaLfAXj1lUDMcy72', '2021-01-03', 13, 0, 0),
('iMTWykj6hyYesaLfAXj1lUDMcy72', '2021-01-03', 14, 0, 0),
('iMTWykj6hyYesaLfAXj1lUDMcy72', '2021-01-03', 15, 1, 0),
('iMTWykj6hyYesaLfAXj1lUDMcy72', '2021-01-03', 16, 3, 0),
('iMTWykj6hyYesaLfAXj1lUDMcy72', '2021-01-03', 17, 2, 0),
('iMTWykj6hyYesaLfAXj1lUDMcy72', '2021-01-03', 18, 0, 0),
('iMTWykj6hyYesaLfAXj1lUDMcy72', '2021-01-03', 19, 0, 0),
('iMTWykj6hyYesaLfAXj1lUDMcy72', '2021-01-03', 20, 0, 0),
('iMTWykj6hyYesaLfAXj1lUDMcy72', '2021-01-03', 21, 2, 0),
('iMTWykj6hyYesaLfAXj1lUDMcy72', '2021-01-03', 22, 0, 0),
('iMTWykj6hyYesaLfAXj1lUDMcy72', '2021-01-03', 23, 0, 0),
('iMTWykj6hyYesaLfAXj1lUDMcy72', '2021-01-03', 24, 0, 0),
('iMTWykj6hyYesaLfAXj1lUDMcy72', '2021-01-03', 25, 3, 0),
('iMTWykj6hyYesaLfAXj1lUDMcy72', '2021-01-03', 26, 2, 0),
('iMTWykj6hyYesaLfAXj1lUDMcy72', '2021-01-03', 27, 2, 0),
('iMTWykj6hyYesaLfAXj1lUDMcy72', '2021-01-03', 28, 0, 0),
('Ixgc7iPitrgmDiGNMSfDUrzGeAs1', '2021-03-09', 1, 1, 1),
('Ixgc7iPitrgmDiGNMSfDUrzGeAs1', '2021-03-09', 2, 1, 1),
('Ixgc7iPitrgmDiGNMSfDUrzGeAs1', '2021-03-09', 3, 1, 1),
('Ixgc7iPitrgmDiGNMSfDUrzGeAs1', '2021-03-09', 4, 1, 1),
('Ixgc7iPitrgmDiGNMSfDUrzGeAs1', '2021-03-09', 5, 0, 0),
('Ixgc7iPitrgmDiGNMSfDUrzGeAs1', '2021-03-09', 6, 0, 0),
('Ixgc7iPitrgmDiGNMSfDUrzGeAs1', '2021-03-09', 7, 0, 0),
('Ixgc7iPitrgmDiGNMSfDUrzGeAs1', '2021-03-09', 8, 2, 0),
('Ixgc7iPitrgmDiGNMSfDUrzGeAs1', '2021-03-09', 9, 2, 0),
('Ixgc7iPitrgmDiGNMSfDUrzGeAs1', '2021-03-09', 10, 4, 0),
('Ixgc7iPitrgmDiGNMSfDUrzGeAs1', '2021-03-09', 11, 0, 0),
('Ixgc7iPitrgmDiGNMSfDUrzGeAs1', '2021-03-09', 13, 0, 0),
('Ixgc7iPitrgmDiGNMSfDUrzGeAs1', '2021-03-09', 14, 0, 0),
('Ixgc7iPitrgmDiGNMSfDUrzGeAs1', '2021-03-09', 15, 1, 0),
('Ixgc7iPitrgmDiGNMSfDUrzGeAs1', '2021-03-09', 16, 3, 0),
('Ixgc7iPitrgmDiGNMSfDUrzGeAs1', '2021-03-09', 17, 2, 0),
('Ixgc7iPitrgmDiGNMSfDUrzGeAs1', '2021-03-09', 18, 0, 0),
('Ixgc7iPitrgmDiGNMSfDUrzGeAs1', '2021-03-09', 19, 0, 0),
('Ixgc7iPitrgmDiGNMSfDUrzGeAs1', '2021-03-09', 20, 0, 0),
('Ixgc7iPitrgmDiGNMSfDUrzGeAs1', '2021-03-09', 21, 2, 0),
('Ixgc7iPitrgmDiGNMSfDUrzGeAs1', '2021-03-09', 22, 0, 0),
('Ixgc7iPitrgmDiGNMSfDUrzGeAs1', '2021-03-09', 23, 0, 0),
('Ixgc7iPitrgmDiGNMSfDUrzGeAs1', '2021-03-09', 24, 0, 0),
('Ixgc7iPitrgmDiGNMSfDUrzGeAs1', '2021-03-09', 25, 3, 0),
('Ixgc7iPitrgmDiGNMSfDUrzGeAs1', '2021-03-09', 26, 2, 0),
('Ixgc7iPitrgmDiGNMSfDUrzGeAs1', '2021-03-09', 27, 2, 0),
('Ixgc7iPitrgmDiGNMSfDUrzGeAs1', '2021-03-09', 28, 0, 0),
('IzJrv2b5UpWCccpFhjMEHC9f8oA2', '2022-03-15', 1, 1, 0),
('IzJrv2b5UpWCccpFhjMEHC9f8oA2', '2022-03-15', 2, 1, 0),
('IzJrv2b5UpWCccpFhjMEHC9f8oA2', '2022-03-15', 3, 0, 0),
('IzJrv2b5UpWCccpFhjMEHC9f8oA2', '2022-03-15', 4, 0, 0),
('IzJrv2b5UpWCccpFhjMEHC9f8oA2', '2022-03-15', 5, 0, 0),
('IzJrv2b5UpWCccpFhjMEHC9f8oA2', '2022-03-15', 6, 0, 0),
('IzJrv2b5UpWCccpFhjMEHC9f8oA2', '2022-03-15', 7, 0, 0),
('IzJrv2b5UpWCccpFhjMEHC9f8oA2', '2022-03-15', 8, 2, 0),
('IzJrv2b5UpWCccpFhjMEHC9f8oA2', '2022-03-15', 9, 2, 0),
('IzJrv2b5UpWCccpFhjMEHC9f8oA2', '2022-03-15', 10, 4, 0),
('IzJrv2b5UpWCccpFhjMEHC9f8oA2', '2022-03-15', 11, 0, 0),
('IzJrv2b5UpWCccpFhjMEHC9f8oA2', '2022-03-15', 13, 0, 0),
('IzJrv2b5UpWCccpFhjMEHC9f8oA2', '2022-03-15', 14, 0, 0),
('IzJrv2b5UpWCccpFhjMEHC9f8oA2', '2022-03-15', 15, 1, 0),
('IzJrv2b5UpWCccpFhjMEHC9f8oA2', '2022-03-15', 16, 3, 0),
('IzJrv2b5UpWCccpFhjMEHC9f8oA2', '2022-03-15', 17, 2, 0),
('IzJrv2b5UpWCccpFhjMEHC9f8oA2', '2022-03-15', 18, 0, 0),
('IzJrv2b5UpWCccpFhjMEHC9f8oA2', '2022-03-15', 19, 0, 0),
('IzJrv2b5UpWCccpFhjMEHC9f8oA2', '2022-03-15', 20, 0, 0),
('IzJrv2b5UpWCccpFhjMEHC9f8oA2', '2022-03-15', 21, 2, 0),
('IzJrv2b5UpWCccpFhjMEHC9f8oA2', '2022-03-15', 22, 0, 0),
('IzJrv2b5UpWCccpFhjMEHC9f8oA2', '2022-03-15', 23, 0, 0),
('IzJrv2b5UpWCccpFhjMEHC9f8oA2', '2022-03-15', 24, 0, 0),
('IzJrv2b5UpWCccpFhjMEHC9f8oA2', '2022-03-15', 25, 3, 0),
('IzJrv2b5UpWCccpFhjMEHC9f8oA2', '2022-03-15', 26, 2, 0),
('IzJrv2b5UpWCccpFhjMEHC9f8oA2', '2022-03-15', 27, 2, 0),
('IzJrv2b5UpWCccpFhjMEHC9f8oA2', '2022-03-15', 28, 0, 0),
('jcijW43U65ZPhDvWzStEi5zaOQW2', '2021-01-19', 1, 1, 0),
('jcijW43U65ZPhDvWzStEi5zaOQW2', '2021-01-19', 2, 1, 0),
('jcijW43U65ZPhDvWzStEi5zaOQW2', '2021-01-19', 3, 0, 0),
('jcijW43U65ZPhDvWzStEi5zaOQW2', '2021-01-19', 4, 0, 0),
('jcijW43U65ZPhDvWzStEi5zaOQW2', '2021-01-19', 5, 0, 0),
('jcijW43U65ZPhDvWzStEi5zaOQW2', '2021-01-19', 6, 0, 0),
('jcijW43U65ZPhDvWzStEi5zaOQW2', '2021-01-19', 7, 0, 0),
('jcijW43U65ZPhDvWzStEi5zaOQW2', '2021-01-19', 8, 2, 0),
('jcijW43U65ZPhDvWzStEi5zaOQW2', '2021-01-19', 9, 2, 0),
('jcijW43U65ZPhDvWzStEi5zaOQW2', '2021-01-19', 10, 4, 0),
('jcijW43U65ZPhDvWzStEi5zaOQW2', '2021-01-19', 11, 0, 0),
('jcijW43U65ZPhDvWzStEi5zaOQW2', '2021-01-19', 13, 0, 0),
('jcijW43U65ZPhDvWzStEi5zaOQW2', '2021-01-19', 14, 0, 0),
('jcijW43U65ZPhDvWzStEi5zaOQW2', '2021-01-19', 15, 1, 0),
('jcijW43U65ZPhDvWzStEi5zaOQW2', '2021-01-19', 16, 3, 1),
('jcijW43U65ZPhDvWzStEi5zaOQW2', '2021-01-19', 17, 2, 1),
('jcijW43U65ZPhDvWzStEi5zaOQW2', '2021-01-19', 18, 0, 0),
('jcijW43U65ZPhDvWzStEi5zaOQW2', '2021-01-19', 19, 0, 0),
('jcijW43U65ZPhDvWzStEi5zaOQW2', '2021-01-19', 20, 0, 0),
('jcijW43U65ZPhDvWzStEi5zaOQW2', '2021-01-19', 21, 2, 0),
('jcijW43U65ZPhDvWzStEi5zaOQW2', '2021-01-19', 22, 0, 0),
('jcijW43U65ZPhDvWzStEi5zaOQW2', '2021-01-19', 23, 0, 0),
('jcijW43U65ZPhDvWzStEi5zaOQW2', '2021-01-19', 24, 9, 1),
('jcijW43U65ZPhDvWzStEi5zaOQW2', '2021-01-19', 25, 3, 0),
('jcijW43U65ZPhDvWzStEi5zaOQW2', '2021-01-19', 26, 2, 1),
('jcijW43U65ZPhDvWzStEi5zaOQW2', '2021-01-19', 27, 2, 0),
('jcijW43U65ZPhDvWzStEi5zaOQW2', '2021-01-19', 28, 0, 0),
('jfgXU3cFC1etYH5yBETwmVgOIcx1', '2020-12-30', 1, 1, 0),
('jfgXU3cFC1etYH5yBETwmVgOIcx1', '2020-12-30', 2, 1, 0),
('jfgXU3cFC1etYH5yBETwmVgOIcx1', '2020-12-30', 3, 0, 0),
('jfgXU3cFC1etYH5yBETwmVgOIcx1', '2020-12-30', 4, 0, 0),
('jfgXU3cFC1etYH5yBETwmVgOIcx1', '2020-12-30', 5, 0, 0),
('jfgXU3cFC1etYH5yBETwmVgOIcx1', '2020-12-30', 6, 0, 0),
('jfgXU3cFC1etYH5yBETwmVgOIcx1', '2020-12-30', 7, 0, 0),
('jfgXU3cFC1etYH5yBETwmVgOIcx1', '2020-12-30', 8, 2, 0),
('jfgXU3cFC1etYH5yBETwmVgOIcx1', '2020-12-30', 9, 2, 0),
('jfgXU3cFC1etYH5yBETwmVgOIcx1', '2020-12-30', 10, 4, 0),
('jfgXU3cFC1etYH5yBETwmVgOIcx1', '2020-12-30', 11, 0, 0),
('jfgXU3cFC1etYH5yBETwmVgOIcx1', '2020-12-30', 13, 0, 0),
('jfgXU3cFC1etYH5yBETwmVgOIcx1', '2020-12-30', 14, 0, 0),
('jfgXU3cFC1etYH5yBETwmVgOIcx1', '2020-12-30', 15, 1, 0),
('jfgXU3cFC1etYH5yBETwmVgOIcx1', '2020-12-30', 16, 3, 0),
('jfgXU3cFC1etYH5yBETwmVgOIcx1', '2020-12-30', 17, 2, 0),
('jfgXU3cFC1etYH5yBETwmVgOIcx1', '2020-12-30', 18, 0, 0),
('jfgXU3cFC1etYH5yBETwmVgOIcx1', '2020-12-30', 19, 0, 0),
('jfgXU3cFC1etYH5yBETwmVgOIcx1', '2020-12-30', 20, 0, 0),
('jfgXU3cFC1etYH5yBETwmVgOIcx1', '2020-12-30', 21, 2, 0),
('jfgXU3cFC1etYH5yBETwmVgOIcx1', '2020-12-30', 22, 0, 0),
('jfgXU3cFC1etYH5yBETwmVgOIcx1', '2020-12-30', 23, 0, 0),
('jfgXU3cFC1etYH5yBETwmVgOIcx1', '2020-12-30', 24, 0, 0),
('jfgXU3cFC1etYH5yBETwmVgOIcx1', '2020-12-30', 25, 3, 0),
('jfgXU3cFC1etYH5yBETwmVgOIcx1', '2020-12-30', 26, 2, 0),
('jfgXU3cFC1etYH5yBETwmVgOIcx1', '2020-12-30', 27, 2, 0),
('jfgXU3cFC1etYH5yBETwmVgOIcx1', '2020-12-30', 28, 0, 0),
('jVx9ogx9Z9YNEgtQaSEMJsPrtIu1', '2021-01-14', 1, 1, 1),
('jVx9ogx9Z9YNEgtQaSEMJsPrtIu1', '2021-01-14', 2, 1, 1),
('jVx9ogx9Z9YNEgtQaSEMJsPrtIu1', '2021-01-14', 3, 1, 1),
('jVx9ogx9Z9YNEgtQaSEMJsPrtIu1', '2021-01-14', 4, 1, 1),
('jVx9ogx9Z9YNEgtQaSEMJsPrtIu1', '2021-01-14', 5, 2, 1),
('jVx9ogx9Z9YNEgtQaSEMJsPrtIu1', '2021-01-14', 6, 1, 1),
('jVx9ogx9Z9YNEgtQaSEMJsPrtIu1', '2021-01-11', 7, 0, 0),
('jVx9ogx9Z9YNEgtQaSEMJsPrtIu1', '2021-01-11', 8, 2, 0),
('jVx9ogx9Z9YNEgtQaSEMJsPrtIu1', '2021-01-11', 9, 2, 0),
('jVx9ogx9Z9YNEgtQaSEMJsPrtIu1', '2021-01-11', 10, 4, 0),
('jVx9ogx9Z9YNEgtQaSEMJsPrtIu1', '2021-01-11', 11, 0, 0),
('jVx9ogx9Z9YNEgtQaSEMJsPrtIu1', '2021-01-11', 13, 0, 0),
('jVx9ogx9Z9YNEgtQaSEMJsPrtIu1', '2021-01-11', 14, 0, 0),
('jVx9ogx9Z9YNEgtQaSEMJsPrtIu1', '2021-01-11', 15, 1, 0),
('jVx9ogx9Z9YNEgtQaSEMJsPrtIu1', '2021-01-11', 16, 3, 0),
('jVx9ogx9Z9YNEgtQaSEMJsPrtIu1', '2021-01-11', 17, 2, 0),
('jVx9ogx9Z9YNEgtQaSEMJsPrtIu1', '2021-01-11', 18, 0, 0),
('jVx9ogx9Z9YNEgtQaSEMJsPrtIu1', '2021-01-11', 19, 0, 0),
('jVx9ogx9Z9YNEgtQaSEMJsPrtIu1', '2021-01-11', 20, 0, 0),
('jVx9ogx9Z9YNEgtQaSEMJsPrtIu1', '2021-01-11', 21, 2, 0),
('jVx9ogx9Z9YNEgtQaSEMJsPrtIu1', '2021-01-11', 22, 0, 0),
('jVx9ogx9Z9YNEgtQaSEMJsPrtIu1', '2021-01-11', 23, 0, 0),
('jVx9ogx9Z9YNEgtQaSEMJsPrtIu1', '2021-01-11', 24, 0, 0),
('jVx9ogx9Z9YNEgtQaSEMJsPrtIu1', '2021-01-11', 25, 3, 0),
('jVx9ogx9Z9YNEgtQaSEMJsPrtIu1', '2021-01-11', 26, 2, 0),
('jVx9ogx9Z9YNEgtQaSEMJsPrtIu1', '2021-01-11', 27, 2, 0),
('jVx9ogx9Z9YNEgtQaSEMJsPrtIu1', '2021-01-11', 28, 0, 0),
('K03iLq1pZTT97AalFoqfYKvQF7I2', '2022-03-26', 1, 1, 0),
('K03iLq1pZTT97AalFoqfYKvQF7I2', '2022-03-26', 2, 1, 0),
('K03iLq1pZTT97AalFoqfYKvQF7I2', '2022-03-26', 3, 0, 0),
('K03iLq1pZTT97AalFoqfYKvQF7I2', '2022-03-26', 4, 0, 0),
('K03iLq1pZTT97AalFoqfYKvQF7I2', '2022-03-26', 5, 0, 0),
('K03iLq1pZTT97AalFoqfYKvQF7I2', '2022-03-26', 6, 0, 0),
('K03iLq1pZTT97AalFoqfYKvQF7I2', '2022-03-26', 7, 0, 0),
('K03iLq1pZTT97AalFoqfYKvQF7I2', '2022-03-26', 8, 2, 0),
('K03iLq1pZTT97AalFoqfYKvQF7I2', '2022-03-26', 9, 2, 0),
('K03iLq1pZTT97AalFoqfYKvQF7I2', '2022-03-26', 10, 4, 0),
('K03iLq1pZTT97AalFoqfYKvQF7I2', '2022-03-26', 11, 0, 0),
('K03iLq1pZTT97AalFoqfYKvQF7I2', '2022-03-26', 13, 0, 0),
('K03iLq1pZTT97AalFoqfYKvQF7I2', '2022-03-26', 14, 0, 0),
('K03iLq1pZTT97AalFoqfYKvQF7I2', '2022-03-26', 15, 1, 0),
('K03iLq1pZTT97AalFoqfYKvQF7I2', '2022-03-26', 16, 3, 0),
('K03iLq1pZTT97AalFoqfYKvQF7I2', '2022-03-26', 17, 2, 0),
('K03iLq1pZTT97AalFoqfYKvQF7I2', '2022-03-26', 18, 0, 0),
('K03iLq1pZTT97AalFoqfYKvQF7I2', '2022-03-26', 19, 0, 0),
('K03iLq1pZTT97AalFoqfYKvQF7I2', '2022-03-26', 20, 0, 0),
('K03iLq1pZTT97AalFoqfYKvQF7I2', '2022-03-26', 21, 2, 0),
('K03iLq1pZTT97AalFoqfYKvQF7I2', '2022-03-26', 22, 0, 0),
('K03iLq1pZTT97AalFoqfYKvQF7I2', '2022-03-26', 23, 0, 0),
('K03iLq1pZTT97AalFoqfYKvQF7I2', '2022-03-26', 24, 0, 0),
('K03iLq1pZTT97AalFoqfYKvQF7I2', '2022-03-26', 25, 3, 0),
('K03iLq1pZTT97AalFoqfYKvQF7I2', '2022-03-26', 26, 2, 0),
('K03iLq1pZTT97AalFoqfYKvQF7I2', '2022-03-26', 27, 2, 0),
('K03iLq1pZTT97AalFoqfYKvQF7I2', '2022-03-26', 28, 0, 0),
('KbPNSdAePocWeYH64t2HgX0EaTL2', '2020-12-30', 1, 1, 0),
('KbPNSdAePocWeYH64t2HgX0EaTL2', '2020-12-30', 2, 1, 0),
('KbPNSdAePocWeYH64t2HgX0EaTL2', '2020-12-30', 3, 0, 0),
('KbPNSdAePocWeYH64t2HgX0EaTL2', '2020-12-30', 4, 0, 0),
('KbPNSdAePocWeYH64t2HgX0EaTL2', '2020-12-30', 5, 0, 0),
('KbPNSdAePocWeYH64t2HgX0EaTL2', '2020-12-30', 6, 0, 0),
('KbPNSdAePocWeYH64t2HgX0EaTL2', '2020-12-30', 7, 0, 0),
('KbPNSdAePocWeYH64t2HgX0EaTL2', '2020-12-30', 8, 2, 0),
('KbPNSdAePocWeYH64t2HgX0EaTL2', '2020-12-30', 9, 2, 0),
('KbPNSdAePocWeYH64t2HgX0EaTL2', '2020-12-30', 10, 4, 0),
('KbPNSdAePocWeYH64t2HgX0EaTL2', '2020-12-30', 11, 0, 0),
('KbPNSdAePocWeYH64t2HgX0EaTL2', '2020-12-30', 13, 0, 0),
('KbPNSdAePocWeYH64t2HgX0EaTL2', '2020-12-30', 14, 0, 0),
('KbPNSdAePocWeYH64t2HgX0EaTL2', '2020-12-30', 15, 1, 0),
('KbPNSdAePocWeYH64t2HgX0EaTL2', '2020-12-30', 16, 3, 0),
('KbPNSdAePocWeYH64t2HgX0EaTL2', '2020-12-30', 17, 2, 0),
('KbPNSdAePocWeYH64t2HgX0EaTL2', '2020-12-30', 18, 0, 0),
('KbPNSdAePocWeYH64t2HgX0EaTL2', '2020-12-30', 19, 0, 0),
('KbPNSdAePocWeYH64t2HgX0EaTL2', '2020-12-30', 20, 0, 0),
('KbPNSdAePocWeYH64t2HgX0EaTL2', '2020-12-30', 21, 2, 0),
('KbPNSdAePocWeYH64t2HgX0EaTL2', '2020-12-30', 22, 0, 0),
('KbPNSdAePocWeYH64t2HgX0EaTL2', '2020-12-30', 23, 0, 0),
('KbPNSdAePocWeYH64t2HgX0EaTL2', '2020-12-30', 24, 0, 0),
('KbPNSdAePocWeYH64t2HgX0EaTL2', '2020-12-30', 25, 3, 0),
('KbPNSdAePocWeYH64t2HgX0EaTL2', '2020-12-30', 26, 2, 0),
('KbPNSdAePocWeYH64t2HgX0EaTL2', '2020-12-30', 27, 2, 0),
('KbPNSdAePocWeYH64t2HgX0EaTL2', '2020-12-30', 28, 0, 0),
('KEE2ZwAbdRNTNwyZcNcYOHH3Ih72', '2021-05-25', 1, 1, 0),
('KEE2ZwAbdRNTNwyZcNcYOHH3Ih72', '2021-03-22', 2, 1, 0),
('KEE2ZwAbdRNTNwyZcNcYOHH3Ih72', '2021-05-25', 3, 0, 0),
('KEE2ZwAbdRNTNwyZcNcYOHH3Ih72', '2021-03-22', 4, 0, 0),
('KEE2ZwAbdRNTNwyZcNcYOHH3Ih72', '2021-05-27', 5, 0, 0),
('KEE2ZwAbdRNTNwyZcNcYOHH3Ih72', '2021-03-22', 6, 0, 0),
('KEE2ZwAbdRNTNwyZcNcYOHH3Ih72', '2021-05-25', 7, 0, 0),
('KEE2ZwAbdRNTNwyZcNcYOHH3Ih72', '2021-05-25', 8, 2, 0),
('KEE2ZwAbdRNTNwyZcNcYOHH3Ih72', '2021-03-14', 9, 2, 0),
('KEE2ZwAbdRNTNwyZcNcYOHH3Ih72', '2021-05-25', 10, 4, 0),
('KEE2ZwAbdRNTNwyZcNcYOHH3Ih72', '2021-05-25', 11, 0, 0),
('KEE2ZwAbdRNTNwyZcNcYOHH3Ih72', '2021-03-14', 13, 0, 0),
('KEE2ZwAbdRNTNwyZcNcYOHH3Ih72', '2021-03-14', 14, 0, 0),
('KEE2ZwAbdRNTNwyZcNcYOHH3Ih72', '2021-03-14', 15, 1, 0),
('KEE2ZwAbdRNTNwyZcNcYOHH3Ih72', '2021-03-14', 16, 3, 0),
('KEE2ZwAbdRNTNwyZcNcYOHH3Ih72', '2021-03-14', 17, 2, 0),
('KEE2ZwAbdRNTNwyZcNcYOHH3Ih72', '2021-03-14', 18, 0, 0),
('KEE2ZwAbdRNTNwyZcNcYOHH3Ih72', '2021-03-14', 19, 0, 0),
('KEE2ZwAbdRNTNwyZcNcYOHH3Ih72', '2021-03-14', 20, 0, 0),
('KEE2ZwAbdRNTNwyZcNcYOHH3Ih72', '2021-03-14', 21, 2, 0),
('KEE2ZwAbdRNTNwyZcNcYOHH3Ih72', '2021-03-14', 22, 0, 0),
('KEE2ZwAbdRNTNwyZcNcYOHH3Ih72', '2021-03-14', 23, 0, 0),
('KEE2ZwAbdRNTNwyZcNcYOHH3Ih72', '2021-03-14', 24, 0, 0),
('KEE2ZwAbdRNTNwyZcNcYOHH3Ih72', '2021-03-14', 25, 3, 0),
('KEE2ZwAbdRNTNwyZcNcYOHH3Ih72', '2021-03-14', 26, 2, 0),
('KEE2ZwAbdRNTNwyZcNcYOHH3Ih72', '2021-03-14', 27, 2, 0),
('KEE2ZwAbdRNTNwyZcNcYOHH3Ih72', '2021-03-14', 28, 0, 0),
('KFzk4W5fILaRncgXHVp1MZhtdlv2', '2021-01-11', 1, 1, 0),
('KFzk4W5fILaRncgXHVp1MZhtdlv2', '2021-01-11', 2, 1, 0),
('KFzk4W5fILaRncgXHVp1MZhtdlv2', '2021-01-11', 3, 0, 0),
('KFzk4W5fILaRncgXHVp1MZhtdlv2', '2021-01-11', 4, 0, 0),
('KFzk4W5fILaRncgXHVp1MZhtdlv2', '2021-01-11', 5, 0, 0),
('KFzk4W5fILaRncgXHVp1MZhtdlv2', '2021-01-11', 6, 0, 0),
('KFzk4W5fILaRncgXHVp1MZhtdlv2', '2021-01-11', 7, 0, 0),
('KFzk4W5fILaRncgXHVp1MZhtdlv2', '2021-01-11', 8, 2, 0),
('KFzk4W5fILaRncgXHVp1MZhtdlv2', '2021-01-11', 9, 2, 0),
('KFzk4W5fILaRncgXHVp1MZhtdlv2', '2021-01-11', 10, 4, 0),
('KFzk4W5fILaRncgXHVp1MZhtdlv2', '2021-01-11', 11, 0, 0),
('KFzk4W5fILaRncgXHVp1MZhtdlv2', '2021-01-11', 13, 0, 0),
('KFzk4W5fILaRncgXHVp1MZhtdlv2', '2021-01-11', 14, 0, 0),
('KFzk4W5fILaRncgXHVp1MZhtdlv2', '2021-01-11', 15, 1, 0),
('KFzk4W5fILaRncgXHVp1MZhtdlv2', '2021-01-11', 16, 3, 0),
('KFzk4W5fILaRncgXHVp1MZhtdlv2', '2021-01-11', 17, 2, 0),
('KFzk4W5fILaRncgXHVp1MZhtdlv2', '2021-01-11', 18, 0, 0),
('KFzk4W5fILaRncgXHVp1MZhtdlv2', '2021-01-11', 19, 0, 0),
('KFzk4W5fILaRncgXHVp1MZhtdlv2', '2021-01-11', 20, 0, 0),
('KFzk4W5fILaRncgXHVp1MZhtdlv2', '2021-01-11', 21, 2, 0),
('KFzk4W5fILaRncgXHVp1MZhtdlv2', '2021-01-11', 22, 0, 0),
('KFzk4W5fILaRncgXHVp1MZhtdlv2', '2021-01-11', 23, 0, 0),
('KFzk4W5fILaRncgXHVp1MZhtdlv2', '2021-01-11', 24, 0, 0),
('KFzk4W5fILaRncgXHVp1MZhtdlv2', '2021-01-11', 25, 3, 0),
('KFzk4W5fILaRncgXHVp1MZhtdlv2', '2021-01-11', 26, 2, 0),
('KFzk4W5fILaRncgXHVp1MZhtdlv2', '2021-01-11', 27, 2, 0),
('KFzk4W5fILaRncgXHVp1MZhtdlv2', '2021-01-11', 28, 0, 0),
('l2GP9wiGXnadvnk2t0egiWEfu813', '2021-02-15', 1, 1, 1),
('l2GP9wiGXnadvnk2t0egiWEfu813', '2021-02-15', 2, 1, 1),
('l2GP9wiGXnadvnk2t0egiWEfu813', '2021-02-15', 3, 1, 1),
('l2GP9wiGXnadvnk2t0egiWEfu813', '2021-02-15', 4, 0, 1),
('l2GP9wiGXnadvnk2t0egiWEfu813', '2021-02-15', 5, 0, 0),
('l2GP9wiGXnadvnk2t0egiWEfu813', '2021-02-15', 6, 0, 0),
('l2GP9wiGXnadvnk2t0egiWEfu813', '2021-02-15', 7, 0, 0),
('l2GP9wiGXnadvnk2t0egiWEfu813', '2021-02-15', 8, 2, 0),
('l2GP9wiGXnadvnk2t0egiWEfu813', '2021-02-15', 9, 2, 0),
('l2GP9wiGXnadvnk2t0egiWEfu813', '2021-02-15', 10, 4, 0),
('l2GP9wiGXnadvnk2t0egiWEfu813', '2021-02-15', 11, 0, 0),
('l2GP9wiGXnadvnk2t0egiWEfu813', '2021-02-15', 13, 0, 0),
('l2GP9wiGXnadvnk2t0egiWEfu813', '2021-02-15', 14, 0, 0),
('l2GP9wiGXnadvnk2t0egiWEfu813', '2021-02-15', 15, 1, 0),
('l2GP9wiGXnadvnk2t0egiWEfu813', '2021-02-15', 16, 3, 0),
('l2GP9wiGXnadvnk2t0egiWEfu813', '2021-02-15', 17, 2, 0),
('l2GP9wiGXnadvnk2t0egiWEfu813', '2021-02-15', 18, 0, 0),
('l2GP9wiGXnadvnk2t0egiWEfu813', '2021-02-15', 19, 0, 0),
('l2GP9wiGXnadvnk2t0egiWEfu813', '2021-02-15', 20, 0, 0),
('l2GP9wiGXnadvnk2t0egiWEfu813', '2021-02-15', 21, 2, 0),
('l2GP9wiGXnadvnk2t0egiWEfu813', '2021-02-15', 22, 0, 0),
('l2GP9wiGXnadvnk2t0egiWEfu813', '2021-02-15', 23, 0, 0),
('l2GP9wiGXnadvnk2t0egiWEfu813', '2021-02-15', 24, 0, 0),
('l2GP9wiGXnadvnk2t0egiWEfu813', '2021-02-15', 25, 3, 0),
('l2GP9wiGXnadvnk2t0egiWEfu813', '2021-02-15', 26, 2, 0),
('l2GP9wiGXnadvnk2t0egiWEfu813', '2021-02-15', 27, 2, 0),
('l2GP9wiGXnadvnk2t0egiWEfu813', '2021-02-15', 28, 0, 0),
('l5ax3fHhs6PjRgTtkJOnhgrQa6R2', '2021-06-24', 1, 1, 0),
('l5ax3fHhs6PjRgTtkJOnhgrQa6R2', '2021-06-24', 2, 1, 0),
('l5ax3fHhs6PjRgTtkJOnhgrQa6R2', '2021-06-24', 3, 0, 0),
('l5ax3fHhs6PjRgTtkJOnhgrQa6R2', '2021-06-24', 4, 0, 0),
('l5ax3fHhs6PjRgTtkJOnhgrQa6R2', '2021-06-24', 5, 0, 0),
('l5ax3fHhs6PjRgTtkJOnhgrQa6R2', '2021-06-24', 6, 0, 0),
('l5ax3fHhs6PjRgTtkJOnhgrQa6R2', '2021-06-24', 7, 0, 0),
('l5ax3fHhs6PjRgTtkJOnhgrQa6R2', '2021-06-24', 8, 2, 0),
('l5ax3fHhs6PjRgTtkJOnhgrQa6R2', '2021-06-24', 9, 2, 0),
('l5ax3fHhs6PjRgTtkJOnhgrQa6R2', '2021-06-24', 10, 4, 0),
('l5ax3fHhs6PjRgTtkJOnhgrQa6R2', '2021-06-24', 11, 0, 0),
('l5ax3fHhs6PjRgTtkJOnhgrQa6R2', '2021-06-24', 13, 0, 0),
('l5ax3fHhs6PjRgTtkJOnhgrQa6R2', '2021-06-24', 14, 0, 0),
('l5ax3fHhs6PjRgTtkJOnhgrQa6R2', '2021-06-24', 15, 1, 0),
('l5ax3fHhs6PjRgTtkJOnhgrQa6R2', '2021-06-24', 16, 3, 0),
('l5ax3fHhs6PjRgTtkJOnhgrQa6R2', '2021-06-24', 17, 2, 0),
('l5ax3fHhs6PjRgTtkJOnhgrQa6R2', '2021-06-24', 18, 0, 0),
('l5ax3fHhs6PjRgTtkJOnhgrQa6R2', '2021-06-24', 19, 0, 0),
('l5ax3fHhs6PjRgTtkJOnhgrQa6R2', '2021-06-24', 20, 0, 0),
('l5ax3fHhs6PjRgTtkJOnhgrQa6R2', '2021-06-24', 21, 2, 0),
('l5ax3fHhs6PjRgTtkJOnhgrQa6R2', '2021-06-24', 22, 0, 0),
('l5ax3fHhs6PjRgTtkJOnhgrQa6R2', '2021-06-24', 23, 0, 0),
('l5ax3fHhs6PjRgTtkJOnhgrQa6R2', '2021-06-24', 24, 0, 0),
('l5ax3fHhs6PjRgTtkJOnhgrQa6R2', '2021-06-24', 25, 3, 0),
('l5ax3fHhs6PjRgTtkJOnhgrQa6R2', '2021-06-24', 26, 2, 0),
('l5ax3fHhs6PjRgTtkJOnhgrQa6R2', '2021-06-24', 27, 2, 0),
('l5ax3fHhs6PjRgTtkJOnhgrQa6R2', '2021-06-24', 28, 0, 0),
('l86qepHY5oR9md5J73RWwSiibDy1', '2020-12-30', 1, 1, 0),
('l86qepHY5oR9md5J73RWwSiibDy1', '2020-12-30', 2, 1, 0),
('l86qepHY5oR9md5J73RWwSiibDy1', '2020-12-30', 3, 0, 0),
('l86qepHY5oR9md5J73RWwSiibDy1', '2020-12-30', 4, 0, 0),
('l86qepHY5oR9md5J73RWwSiibDy1', '2020-12-30', 5, 0, 0),
('l86qepHY5oR9md5J73RWwSiibDy1', '2020-12-30', 6, 0, 0),
('l86qepHY5oR9md5J73RWwSiibDy1', '2020-12-30', 7, 0, 0),
('l86qepHY5oR9md5J73RWwSiibDy1', '2020-12-30', 8, 2, 0),
('l86qepHY5oR9md5J73RWwSiibDy1', '2020-12-30', 9, 2, 0),
('l86qepHY5oR9md5J73RWwSiibDy1', '2020-12-30', 10, 4, 0),
('l86qepHY5oR9md5J73RWwSiibDy1', '2020-12-30', 11, 0, 0),
('l86qepHY5oR9md5J73RWwSiibDy1', '2020-12-30', 13, 0, 0),
('l86qepHY5oR9md5J73RWwSiibDy1', '2020-12-30', 14, 0, 0),
('l86qepHY5oR9md5J73RWwSiibDy1', '2020-12-30', 15, 1, 0),
('l86qepHY5oR9md5J73RWwSiibDy1', '2020-12-30', 16, 3, 0),
('l86qepHY5oR9md5J73RWwSiibDy1', '2020-12-30', 17, 2, 0),
('l86qepHY5oR9md5J73RWwSiibDy1', '2020-12-30', 18, 0, 0),
('l86qepHY5oR9md5J73RWwSiibDy1', '2020-12-30', 19, 0, 0),
('l86qepHY5oR9md5J73RWwSiibDy1', '2020-12-30', 20, 0, 0),
('l86qepHY5oR9md5J73RWwSiibDy1', '2020-12-30', 21, 2, 0),
('l86qepHY5oR9md5J73RWwSiibDy1', '2020-12-30', 22, 0, 0),
('l86qepHY5oR9md5J73RWwSiibDy1', '2020-12-30', 23, 0, 0),
('l86qepHY5oR9md5J73RWwSiibDy1', '2020-12-30', 24, 0, 0),
('l86qepHY5oR9md5J73RWwSiibDy1', '2020-12-30', 25, 3, 0),
('l86qepHY5oR9md5J73RWwSiibDy1', '2020-12-30', 26, 2, 0),
('l86qepHY5oR9md5J73RWwSiibDy1', '2020-12-30', 27, 2, 0),
('l86qepHY5oR9md5J73RWwSiibDy1', '2020-12-30', 28, 0, 0),
('LL7R23WgjueLyFpdxV8IAhzWd4Y2', '2021-05-25', 1, 1, 1),
('LL7R23WgjueLyFpdxV8IAhzWd4Y2', '2021-05-25', 2, 1, 0),
('LL7R23WgjueLyFpdxV8IAhzWd4Y2', '2021-05-25', 3, 0, 0),
('LL7R23WgjueLyFpdxV8IAhzWd4Y2', '2021-05-25', 4, 0, 0),
('LL7R23WgjueLyFpdxV8IAhzWd4Y2', '2021-05-25', 5, 0, 0),
('LL7R23WgjueLyFpdxV8IAhzWd4Y2', '2021-05-25', 6, 0, 0),
('LL7R23WgjueLyFpdxV8IAhzWd4Y2', '2021-05-25', 7, 0, 0),
('LL7R23WgjueLyFpdxV8IAhzWd4Y2', '2021-05-25', 8, 2, 0),
('LL7R23WgjueLyFpdxV8IAhzWd4Y2', '2021-05-25', 9, 2, 0),
('LL7R23WgjueLyFpdxV8IAhzWd4Y2', '2021-05-25', 10, 4, 0),
('LL7R23WgjueLyFpdxV8IAhzWd4Y2', '2021-05-25', 11, 0, 0),
('LL7R23WgjueLyFpdxV8IAhzWd4Y2', '2021-05-25', 13, 0, 0),
('LL7R23WgjueLyFpdxV8IAhzWd4Y2', '2021-05-25', 14, 0, 0),
('LL7R23WgjueLyFpdxV8IAhzWd4Y2', '2021-05-25', 15, 1, 0),
('LL7R23WgjueLyFpdxV8IAhzWd4Y2', '2021-05-25', 16, 3, 0),
('LL7R23WgjueLyFpdxV8IAhzWd4Y2', '2021-05-25', 17, 2, 0),
('LL7R23WgjueLyFpdxV8IAhzWd4Y2', '2021-05-25', 18, 0, 0),
('LL7R23WgjueLyFpdxV8IAhzWd4Y2', '2021-05-25', 19, 0, 0),
('LL7R23WgjueLyFpdxV8IAhzWd4Y2', '2021-05-25', 20, 0, 0),
('LL7R23WgjueLyFpdxV8IAhzWd4Y2', '2021-05-25', 21, 2, 0),
('LL7R23WgjueLyFpdxV8IAhzWd4Y2', '2021-05-25', 22, 0, 0),
('LL7R23WgjueLyFpdxV8IAhzWd4Y2', '2021-05-25', 23, 0, 0),
('LL7R23WgjueLyFpdxV8IAhzWd4Y2', '2021-05-25', 24, 0, 0),
('LL7R23WgjueLyFpdxV8IAhzWd4Y2', '2021-05-25', 25, 3, 0),
('LL7R23WgjueLyFpdxV8IAhzWd4Y2', '2021-05-25', 26, 2, 0),
('LL7R23WgjueLyFpdxV8IAhzWd4Y2', '2021-05-25', 27, 2, 0),
('LL7R23WgjueLyFpdxV8IAhzWd4Y2', '2021-05-25', 28, 0, 0),
('lUEt4JGw7WZbXnbnguVblPsKf7D2', '2021-02-08', 1, 1, 1),
('lUEt4JGw7WZbXnbnguVblPsKf7D2', '2021-02-08', 2, 1, 1),
('lUEt4JGw7WZbXnbnguVblPsKf7D2', '2021-02-08', 3, 1, 1),
('lUEt4JGw7WZbXnbnguVblPsKf7D2', '2021-02-09', 4, 1, 1),
('lUEt4JGw7WZbXnbnguVblPsKf7D2', '2021-02-08', 5, 0, 0),
('lUEt4JGw7WZbXnbnguVblPsKf7D2', '2021-02-08', 6, 0, 0),
('lUEt4JGw7WZbXnbnguVblPsKf7D2', '2021-02-08', 7, 0, 0),
('lUEt4JGw7WZbXnbnguVblPsKf7D2', '2021-02-08', 8, 2, 0),
('lUEt4JGw7WZbXnbnguVblPsKf7D2', '2021-02-08', 9, 2, 0),
('lUEt4JGw7WZbXnbnguVblPsKf7D2', '2021-02-08', 10, 4, 0),
('lUEt4JGw7WZbXnbnguVblPsKf7D2', '2021-02-08', 11, 0, 0),
('lUEt4JGw7WZbXnbnguVblPsKf7D2', '2021-02-08', 13, 0, 0),
('lUEt4JGw7WZbXnbnguVblPsKf7D2', '2021-02-08', 14, 0, 0),
('lUEt4JGw7WZbXnbnguVblPsKf7D2', '2021-02-08', 15, 1, 0),
('lUEt4JGw7WZbXnbnguVblPsKf7D2', '2021-02-08', 16, 3, 0),
('lUEt4JGw7WZbXnbnguVblPsKf7D2', '2021-02-08', 17, 2, 0),
('lUEt4JGw7WZbXnbnguVblPsKf7D2', '2021-02-08', 18, 0, 0),
('lUEt4JGw7WZbXnbnguVblPsKf7D2', '2021-02-08', 19, 0, 0),
('lUEt4JGw7WZbXnbnguVblPsKf7D2', '2021-02-08', 20, 0, 0),
('lUEt4JGw7WZbXnbnguVblPsKf7D2', '2021-02-08', 21, 2, 0),
('lUEt4JGw7WZbXnbnguVblPsKf7D2', '2021-02-08', 22, 0, 0),
('lUEt4JGw7WZbXnbnguVblPsKf7D2', '2021-02-08', 23, 0, 0),
('lUEt4JGw7WZbXnbnguVblPsKf7D2', '2021-02-08', 24, 0, 0),
('lUEt4JGw7WZbXnbnguVblPsKf7D2', '2021-02-08', 25, 3, 0),
('lUEt4JGw7WZbXnbnguVblPsKf7D2', '2021-02-08', 26, 2, 0),
('lUEt4JGw7WZbXnbnguVblPsKf7D2', '2021-02-08', 27, 2, 0),
('lUEt4JGw7WZbXnbnguVblPsKf7D2', '2021-02-08', 28, 0, 0),
('m1yApzE76Rg4dEIsf2p3lnpqTsT2', '2021-01-26', 1, 1, 1),
('m1yApzE76Rg4dEIsf2p3lnpqTsT2', '2021-01-26', 2, 1, 1),
('m1yApzE76Rg4dEIsf2p3lnpqTsT2', '2021-01-26', 3, 1, 1),
('m1yApzE76Rg4dEIsf2p3lnpqTsT2', '2021-01-26', 4, 1, 1),
('m1yApzE76Rg4dEIsf2p3lnpqTsT2', '2021-01-26', 5, 0, 0),
('m1yApzE76Rg4dEIsf2p3lnpqTsT2', '2021-01-26', 6, 0, 0),
('m1yApzE76Rg4dEIsf2p3lnpqTsT2', '2021-01-26', 7, 0, 0),
('m1yApzE76Rg4dEIsf2p3lnpqTsT2', '2021-01-26', 8, 2, 0),
('m1yApzE76Rg4dEIsf2p3lnpqTsT2', '2021-01-26', 9, 2, 0),
('m1yApzE76Rg4dEIsf2p3lnpqTsT2', '2021-01-26', 10, 4, 0),
('m1yApzE76Rg4dEIsf2p3lnpqTsT2', '2021-01-26', 11, 0, 0),
('m1yApzE76Rg4dEIsf2p3lnpqTsT2', '2021-01-26', 13, 0, 0),
('m1yApzE76Rg4dEIsf2p3lnpqTsT2', '2021-01-26', 14, 0, 0),
('m1yApzE76Rg4dEIsf2p3lnpqTsT2', '2021-01-26', 15, 1, 0),
('m1yApzE76Rg4dEIsf2p3lnpqTsT2', '2021-01-26', 16, 3, 0),
('m1yApzE76Rg4dEIsf2p3lnpqTsT2', '2021-01-26', 17, 2, 0),
('m1yApzE76Rg4dEIsf2p3lnpqTsT2', '2021-01-26', 18, 0, 0),
('m1yApzE76Rg4dEIsf2p3lnpqTsT2', '2021-01-26', 19, 0, 0),
('m1yApzE76Rg4dEIsf2p3lnpqTsT2', '2021-01-26', 20, 0, 0),
('m1yApzE76Rg4dEIsf2p3lnpqTsT2', '2021-01-26', 21, 2, 0),
('m1yApzE76Rg4dEIsf2p3lnpqTsT2', '2021-01-26', 22, 0, 0),
('m1yApzE76Rg4dEIsf2p3lnpqTsT2', '2021-01-26', 23, 0, 0),
('m1yApzE76Rg4dEIsf2p3lnpqTsT2', '2021-01-26', 24, 0, 0),
('m1yApzE76Rg4dEIsf2p3lnpqTsT2', '2021-01-26', 25, 3, 0),
('m1yApzE76Rg4dEIsf2p3lnpqTsT2', '2021-01-26', 26, 2, 0),
('m1yApzE76Rg4dEIsf2p3lnpqTsT2', '2021-01-26', 27, 2, 0),
('m1yApzE76Rg4dEIsf2p3lnpqTsT2', '2021-01-26', 28, 0, 0),
('m61QE0k8N9ZOqPWicraBeK2tYV13', '2021-01-07', 1, 1, 0),
('m61QE0k8N9ZOqPWicraBeK2tYV13', '2021-01-07', 2, 1, 0),
('m61QE0k8N9ZOqPWicraBeK2tYV13', '2021-01-07', 3, 0, 0),
('m61QE0k8N9ZOqPWicraBeK2tYV13', '2021-01-07', 4, 0, 0),
('m61QE0k8N9ZOqPWicraBeK2tYV13', '2021-01-07', 5, 0, 0),
('m61QE0k8N9ZOqPWicraBeK2tYV13', '2021-01-07', 6, 0, 0),
('m61QE0k8N9ZOqPWicraBeK2tYV13', '2021-01-07', 7, 0, 0),
('m61QE0k8N9ZOqPWicraBeK2tYV13', '2021-01-07', 8, 2, 0),
('m61QE0k8N9ZOqPWicraBeK2tYV13', '2021-01-07', 9, 2, 0),
('m61QE0k8N9ZOqPWicraBeK2tYV13', '2021-01-07', 10, 4, 0),
('m61QE0k8N9ZOqPWicraBeK2tYV13', '2021-01-07', 11, 0, 0),
('m61QE0k8N9ZOqPWicraBeK2tYV13', '2021-01-07', 13, 0, 0),
('m61QE0k8N9ZOqPWicraBeK2tYV13', '2021-01-07', 14, 0, 0),
('m61QE0k8N9ZOqPWicraBeK2tYV13', '2021-01-07', 15, 1, 1),
('m61QE0k8N9ZOqPWicraBeK2tYV13', '2021-01-07', 16, 3, 1),
('m61QE0k8N9ZOqPWicraBeK2tYV13', '2021-01-07', 17, 2, 1),
('m61QE0k8N9ZOqPWicraBeK2tYV13', '2021-01-07', 18, 0, 1),
('m61QE0k8N9ZOqPWicraBeK2tYV13', '2021-01-07', 19, 0, 0),
('m61QE0k8N9ZOqPWicraBeK2tYV13', '2021-01-07', 20, 0, 0),
('m61QE0k8N9ZOqPWicraBeK2tYV13', '2021-01-07', 21, 2, 0),
('m61QE0k8N9ZOqPWicraBeK2tYV13', '2021-01-07', 22, 2, 1),
('m61QE0k8N9ZOqPWicraBeK2tYV13', '2021-01-07', 23, 12, 1),
('m61QE0k8N9ZOqPWicraBeK2tYV13', '2021-01-07', 24, 3, 1),
('m61QE0k8N9ZOqPWicraBeK2tYV13', '2021-01-07', 25, 3, 1),
('m61QE0k8N9ZOqPWicraBeK2tYV13', '2021-01-07', 26, 2, 0),
('m61QE0k8N9ZOqPWicraBeK2tYV13', '2021-01-07', 27, 2, 0),
('m61QE0k8N9ZOqPWicraBeK2tYV13', '2021-01-07', 28, 0, 0),
('mC1eDMhfsxUGFagf3yILMKrBR0T2', '2022-02-24', 1, 1, 0),
('mC1eDMhfsxUGFagf3yILMKrBR0T2', '2022-02-24', 2, 1, 0),
('mC1eDMhfsxUGFagf3yILMKrBR0T2', '2022-02-24', 3, 0, 0),
('mC1eDMhfsxUGFagf3yILMKrBR0T2', '2022-02-24', 4, 0, 0),
('mC1eDMhfsxUGFagf3yILMKrBR0T2', '2022-02-24', 5, 0, 0),
('mC1eDMhfsxUGFagf3yILMKrBR0T2', '2022-02-24', 6, 0, 0),
('mC1eDMhfsxUGFagf3yILMKrBR0T2', '2022-02-24', 7, 0, 0),
('mC1eDMhfsxUGFagf3yILMKrBR0T2', '2022-02-24', 8, 2, 0),
('mC1eDMhfsxUGFagf3yILMKrBR0T2', '2022-02-24', 9, 2, 0),
('mC1eDMhfsxUGFagf3yILMKrBR0T2', '2022-02-24', 10, 4, 0),
('mC1eDMhfsxUGFagf3yILMKrBR0T2', '2022-02-24', 11, 0, 0),
('mC1eDMhfsxUGFagf3yILMKrBR0T2', '2022-02-24', 13, 0, 0),
('mC1eDMhfsxUGFagf3yILMKrBR0T2', '2022-02-24', 14, 0, 0),
('mC1eDMhfsxUGFagf3yILMKrBR0T2', '2022-02-24', 15, 1, 0),
('mC1eDMhfsxUGFagf3yILMKrBR0T2', '2022-02-24', 16, 3, 0),
('mC1eDMhfsxUGFagf3yILMKrBR0T2', '2022-02-24', 17, 2, 0),
('mC1eDMhfsxUGFagf3yILMKrBR0T2', '2022-02-24', 18, 0, 0),
('mC1eDMhfsxUGFagf3yILMKrBR0T2', '2022-02-24', 19, 0, 0),
('mC1eDMhfsxUGFagf3yILMKrBR0T2', '2022-02-24', 20, 0, 0),
('mC1eDMhfsxUGFagf3yILMKrBR0T2', '2022-02-24', 21, 2, 0),
('mC1eDMhfsxUGFagf3yILMKrBR0T2', '2022-02-24', 22, 0, 0),
('mC1eDMhfsxUGFagf3yILMKrBR0T2', '2022-02-24', 23, 0, 0),
('mC1eDMhfsxUGFagf3yILMKrBR0T2', '2022-02-24', 24, 0, 0),
('mC1eDMhfsxUGFagf3yILMKrBR0T2', '2022-02-24', 25, 3, 0),
('mC1eDMhfsxUGFagf3yILMKrBR0T2', '2022-02-24', 26, 2, 0),
('mC1eDMhfsxUGFagf3yILMKrBR0T2', '2022-02-24', 27, 2, 0),
('mC1eDMhfsxUGFagf3yILMKrBR0T2', '2022-02-24', 28, 0, 0),
('mlQkjYqmkjePmTXpW7TNbEDpEK43', '2020-12-28', 1, 1, 0),
('mlQkjYqmkjePmTXpW7TNbEDpEK43', '2020-12-28', 2, 1, 0),
('mlQkjYqmkjePmTXpW7TNbEDpEK43', '2020-12-28', 3, 0, 0),
('mlQkjYqmkjePmTXpW7TNbEDpEK43', '2020-12-28', 4, 0, 0),
('mlQkjYqmkjePmTXpW7TNbEDpEK43', '2020-12-28', 5, 0, 0),
('mlQkjYqmkjePmTXpW7TNbEDpEK43', '2020-12-28', 6, 0, 0),
('mlQkjYqmkjePmTXpW7TNbEDpEK43', '2020-12-28', 7, 0, 0),
('mlQkjYqmkjePmTXpW7TNbEDpEK43', '2020-12-28', 8, 2, 0),
('mlQkjYqmkjePmTXpW7TNbEDpEK43', '2020-12-28', 9, 2, 0),
('mlQkjYqmkjePmTXpW7TNbEDpEK43', '2020-12-28', 10, 4, 0),
('mlQkjYqmkjePmTXpW7TNbEDpEK43', '2020-12-28', 11, 0, 0),
('mlQkjYqmkjePmTXpW7TNbEDpEK43', '2020-12-28', 13, 0, 0),
('mlQkjYqmkjePmTXpW7TNbEDpEK43', '2020-12-28', 14, 0, 0),
('mlQkjYqmkjePmTXpW7TNbEDpEK43', '2020-12-28', 15, 1, 0),
('mlQkjYqmkjePmTXpW7TNbEDpEK43', '2020-12-28', 16, 3, 0),
('mlQkjYqmkjePmTXpW7TNbEDpEK43', '2020-12-28', 17, 2, 0),
('mlQkjYqmkjePmTXpW7TNbEDpEK43', '2020-12-28', 18, 0, 0),
('mlQkjYqmkjePmTXpW7TNbEDpEK43', '2020-12-28', 19, 0, 0),
('mlQkjYqmkjePmTXpW7TNbEDpEK43', '2020-12-28', 20, 0, 0),
('mlQkjYqmkjePmTXpW7TNbEDpEK43', '2020-12-28', 21, 2, 0),
('mlQkjYqmkjePmTXpW7TNbEDpEK43', '2020-12-28', 22, 0, 0),
('mlQkjYqmkjePmTXpW7TNbEDpEK43', '2020-12-28', 23, 0, 0),
('mlQkjYqmkjePmTXpW7TNbEDpEK43', '2020-12-28', 24, 0, 0),
('mlQkjYqmkjePmTXpW7TNbEDpEK43', '2020-12-28', 25, 3, 0),
('mlQkjYqmkjePmTXpW7TNbEDpEK43', '2020-12-28', 26, 2, 0),
('mlQkjYqmkjePmTXpW7TNbEDpEK43', '2020-12-28', 27, 2, 0),
('mlQkjYqmkjePmTXpW7TNbEDpEK43', '2020-12-28', 28, 0, 0),
('MOvsVOa7nbWjkffEW0QYYocsrxf1', '2021-03-03', 1, 1, 1),
('MOvsVOa7nbWjkffEW0QYYocsrxf1', '2021-03-03', 2, 1, 1),
('MOvsVOa7nbWjkffEW0QYYocsrxf1', '2021-03-03', 3, 0, 0),
('MOvsVOa7nbWjkffEW0QYYocsrxf1', '2021-03-03', 4, 0, 1),
('MOvsVOa7nbWjkffEW0QYYocsrxf1', '2021-03-03', 5, 0, 1),
('MOvsVOa7nbWjkffEW0QYYocsrxf1', '2021-03-03', 6, 0, 0),
('MOvsVOa7nbWjkffEW0QYYocsrxf1', '2021-03-03', 7, 0, 0),
('MOvsVOa7nbWjkffEW0QYYocsrxf1', '2021-03-03', 8, 2, 0),
('MOvsVOa7nbWjkffEW0QYYocsrxf1', '2021-03-03', 9, 2, 0),
('MOvsVOa7nbWjkffEW0QYYocsrxf1', '2021-03-03', 10, 4, 0),
('MOvsVOa7nbWjkffEW0QYYocsrxf1', '2021-03-03', 11, 0, 0),
('MOvsVOa7nbWjkffEW0QYYocsrxf1', '2021-03-03', 13, 0, 0),
('MOvsVOa7nbWjkffEW0QYYocsrxf1', '2021-03-03', 14, 0, 0),
('MOvsVOa7nbWjkffEW0QYYocsrxf1', '2021-03-03', 15, 1, 0),
('MOvsVOa7nbWjkffEW0QYYocsrxf1', '2021-03-03', 16, 3, 0),
('MOvsVOa7nbWjkffEW0QYYocsrxf1', '2021-03-03', 17, 2, 0),
('MOvsVOa7nbWjkffEW0QYYocsrxf1', '2021-03-03', 18, 0, 0),
('MOvsVOa7nbWjkffEW0QYYocsrxf1', '2021-03-03', 19, 0, 0),
('MOvsVOa7nbWjkffEW0QYYocsrxf1', '2021-03-03', 20, 0, 0),
('MOvsVOa7nbWjkffEW0QYYocsrxf1', '2021-03-03', 21, 2, 0),
('MOvsVOa7nbWjkffEW0QYYocsrxf1', '2021-03-03', 22, 0, 0),
('MOvsVOa7nbWjkffEW0QYYocsrxf1', '2021-03-03', 23, 0, 0),
('MOvsVOa7nbWjkffEW0QYYocsrxf1', '2021-03-03', 24, 0, 0),
('MOvsVOa7nbWjkffEW0QYYocsrxf1', '2021-03-03', 25, 3, 0),
('MOvsVOa7nbWjkffEW0QYYocsrxf1', '2021-03-03', 26, 2, 0),
('MOvsVOa7nbWjkffEW0QYYocsrxf1', '2021-03-03', 27, 2, 0),
('MOvsVOa7nbWjkffEW0QYYocsrxf1', '2021-03-03', 28, 0, 0),
('mr0mmocTtJecX9ieTi5kT2E4rAM2', '2021-01-16', 1, 1, 0),
('mr0mmocTtJecX9ieTi5kT2E4rAM2', '2021-01-16', 2, 1, 0),
('mr0mmocTtJecX9ieTi5kT2E4rAM2', '2021-01-16', 3, 0, 0),
('mr0mmocTtJecX9ieTi5kT2E4rAM2', '2021-01-16', 4, 0, 0),
('mr0mmocTtJecX9ieTi5kT2E4rAM2', '2021-01-16', 5, 0, 0),
('mr0mmocTtJecX9ieTi5kT2E4rAM2', '2021-01-16', 6, 0, 0),
('mr0mmocTtJecX9ieTi5kT2E4rAM2', '2021-01-16', 7, 0, 0),
('mr0mmocTtJecX9ieTi5kT2E4rAM2', '2021-01-16', 8, 2, 0),
('mr0mmocTtJecX9ieTi5kT2E4rAM2', '2021-01-16', 9, 2, 0),
('mr0mmocTtJecX9ieTi5kT2E4rAM2', '2021-01-16', 10, 4, 0),
('mr0mmocTtJecX9ieTi5kT2E4rAM2', '2021-01-16', 11, 0, 0),
('mr0mmocTtJecX9ieTi5kT2E4rAM2', '2021-01-16', 13, 0, 0),
('mr0mmocTtJecX9ieTi5kT2E4rAM2', '2021-01-16', 14, 0, 0),
('mr0mmocTtJecX9ieTi5kT2E4rAM2', '2021-01-16', 15, 1, 0),
('mr0mmocTtJecX9ieTi5kT2E4rAM2', '2021-01-16', 16, 3, 0),
('mr0mmocTtJecX9ieTi5kT2E4rAM2', '2021-01-16', 17, 2, 0),
('mr0mmocTtJecX9ieTi5kT2E4rAM2', '2021-01-16', 18, 0, 0),
('mr0mmocTtJecX9ieTi5kT2E4rAM2', '2021-01-16', 19, 0, 0),
('mr0mmocTtJecX9ieTi5kT2E4rAM2', '2021-01-16', 20, 0, 0),
('mr0mmocTtJecX9ieTi5kT2E4rAM2', '2021-01-16', 21, 2, 0),
('mr0mmocTtJecX9ieTi5kT2E4rAM2', '2021-01-16', 22, 0, 0),
('mr0mmocTtJecX9ieTi5kT2E4rAM2', '2021-01-16', 23, 0, 0),
('mr0mmocTtJecX9ieTi5kT2E4rAM2', '2021-01-16', 24, 0, 0),
('mr0mmocTtJecX9ieTi5kT2E4rAM2', '2021-01-16', 25, 3, 0),
('mr0mmocTtJecX9ieTi5kT2E4rAM2', '2021-01-16', 26, 2, 0),
('mr0mmocTtJecX9ieTi5kT2E4rAM2', '2021-01-16', 27, 2, 0),
('mr0mmocTtJecX9ieTi5kT2E4rAM2', '2021-01-16', 28, 0, 0),
('MrzjM8JcY8adN2xPvqWOSqvaiev1', '2021-04-25', 1, 1, 0),
('MrzjM8JcY8adN2xPvqWOSqvaiev1', '2021-04-25', 2, 1, 0),
('MrzjM8JcY8adN2xPvqWOSqvaiev1', '2021-04-25', 3, 0, 0),
('MrzjM8JcY8adN2xPvqWOSqvaiev1', '2021-04-25', 4, 0, 0),
('MrzjM8JcY8adN2xPvqWOSqvaiev1', '2021-04-25', 5, 0, 0),
('MrzjM8JcY8adN2xPvqWOSqvaiev1', '2021-04-25', 6, 0, 0),
('MrzjM8JcY8adN2xPvqWOSqvaiev1', '2021-04-25', 7, 0, 0),
('MrzjM8JcY8adN2xPvqWOSqvaiev1', '2021-04-25', 8, 2, 0),
('MrzjM8JcY8adN2xPvqWOSqvaiev1', '2021-04-25', 9, 2, 0),
('MrzjM8JcY8adN2xPvqWOSqvaiev1', '2021-04-25', 10, 4, 0),
('MrzjM8JcY8adN2xPvqWOSqvaiev1', '2021-04-25', 11, 0, 0),
('MrzjM8JcY8adN2xPvqWOSqvaiev1', '2021-04-25', 13, 0, 0),
('MrzjM8JcY8adN2xPvqWOSqvaiev1', '2021-04-25', 14, 0, 0),
('MrzjM8JcY8adN2xPvqWOSqvaiev1', '2021-04-25', 15, 1, 0),
('MrzjM8JcY8adN2xPvqWOSqvaiev1', '2021-04-25', 16, 3, 0),
('MrzjM8JcY8adN2xPvqWOSqvaiev1', '2021-04-25', 17, 2, 0),
('MrzjM8JcY8adN2xPvqWOSqvaiev1', '2021-04-25', 18, 0, 0),
('MrzjM8JcY8adN2xPvqWOSqvaiev1', '2021-04-25', 19, 0, 0),
('MrzjM8JcY8adN2xPvqWOSqvaiev1', '2021-04-25', 20, 0, 0),
('MrzjM8JcY8adN2xPvqWOSqvaiev1', '2021-04-25', 21, 2, 0),
('MrzjM8JcY8adN2xPvqWOSqvaiev1', '2021-04-25', 22, 0, 0),
('MrzjM8JcY8adN2xPvqWOSqvaiev1', '2021-04-25', 23, 0, 0),
('MrzjM8JcY8adN2xPvqWOSqvaiev1', '2021-04-25', 24, 0, 0),
('MrzjM8JcY8adN2xPvqWOSqvaiev1', '2021-04-25', 25, 3, 0),
('MrzjM8JcY8adN2xPvqWOSqvaiev1', '2021-04-25', 26, 2, 0),
('MrzjM8JcY8adN2xPvqWOSqvaiev1', '2021-04-25', 27, 2, 0),
('MrzjM8JcY8adN2xPvqWOSqvaiev1', '2021-04-25', 28, 0, 0),
('MWUGpxJjwAfALyWlpbqcIrzWP4h2', '2021-11-21', 1, 1, 1),
('MWUGpxJjwAfALyWlpbqcIrzWP4h2', '2021-11-21', 2, 1, 1),
('MWUGpxJjwAfALyWlpbqcIrzWP4h2', '2021-11-21', 3, 1, 1),
('MWUGpxJjwAfALyWlpbqcIrzWP4h2', '2021-11-21', 4, 0, 1),
('MWUGpxJjwAfALyWlpbqcIrzWP4h2', '2021-11-21', 5, 2, 1),
('MWUGpxJjwAfALyWlpbqcIrzWP4h2', '2021-11-21', 6, 2, 1),
('MWUGpxJjwAfALyWlpbqcIrzWP4h2', '2021-11-23', 7, 2, 1),
('MWUGpxJjwAfALyWlpbqcIrzWP4h2', '2021-11-23', 8, 2, 1),
('MWUGpxJjwAfALyWlpbqcIrzWP4h2', '2021-11-28', 9, 2, 1),
('MWUGpxJjwAfALyWlpbqcIrzWP4h2', '2021-11-28', 10, 4, 1),
('MWUGpxJjwAfALyWlpbqcIrzWP4h2', '2021-12-11', 11, 4, 1),
('MWUGpxJjwAfALyWlpbqcIrzWP4h2', '2021-12-25', 13, 2, 1),
('MWUGpxJjwAfALyWlpbqcIrzWP4h2', '2021-12-25', 14, 2, 1),
('MWUGpxJjwAfALyWlpbqcIrzWP4h2', '2021-12-25', 15, 1, 1),
('MWUGpxJjwAfALyWlpbqcIrzWP4h2', '2021-12-25', 16, 3, 1),
('MWUGpxJjwAfALyWlpbqcIrzWP4h2', '2021-12-25', 17, 2, 1),
('MWUGpxJjwAfALyWlpbqcIrzWP4h2', '2021-12-25', 18, 5, 1),
('MWUGpxJjwAfALyWlpbqcIrzWP4h2', '2021-12-25', 19, 0, 1),
('MWUGpxJjwAfALyWlpbqcIrzWP4h2', '2022-01-10', 20, 0, 1),
('MWUGpxJjwAfALyWlpbqcIrzWP4h2', '2022-01-10', 21, 2, 1),
('MWUGpxJjwAfALyWlpbqcIrzWP4h2', '2022-01-10', 22, 0, 1),
('MWUGpxJjwAfALyWlpbqcIrzWP4h2', '2022-01-10', 23, 0, 1),
('MWUGpxJjwAfALyWlpbqcIrzWP4h2', '2021-11-18', 24, 0, 0),
('MWUGpxJjwAfALyWlpbqcIrzWP4h2', '2021-11-18', 25, 3, 0),
('MWUGpxJjwAfALyWlpbqcIrzWP4h2', '2021-11-18', 26, 2, 0),
('MWUGpxJjwAfALyWlpbqcIrzWP4h2', '2021-11-18', 27, 2, 0),
('MWUGpxJjwAfALyWlpbqcIrzWP4h2', '2021-11-18', 28, 0, 0),
('MyIVOYCfVESZRgX0hPxabI0jnWq2', '2021-01-13', 1, 1, 1),
('MyIVOYCfVESZRgX0hPxabI0jnWq2', '2021-01-13', 2, 1, 1),
('MyIVOYCfVESZRgX0hPxabI0jnWq2', '2021-01-13', 3, 1, 1),
('MyIVOYCfVESZRgX0hPxabI0jnWq2', '2021-01-13', 4, 1, 1),
('MyIVOYCfVESZRgX0hPxabI0jnWq2', '2021-01-13', 5, 2, 1),
('MyIVOYCfVESZRgX0hPxabI0jnWq2', '2021-01-13', 6, 1, 1),
('MyIVOYCfVESZRgX0hPxabI0jnWq2', '2021-01-11', 7, 0, 0),
('MyIVOYCfVESZRgX0hPxabI0jnWq2', '2021-01-11', 8, 2, 0),
('MyIVOYCfVESZRgX0hPxabI0jnWq2', '2021-01-11', 9, 2, 0),
('MyIVOYCfVESZRgX0hPxabI0jnWq2', '2021-01-11', 10, 4, 0),
('MyIVOYCfVESZRgX0hPxabI0jnWq2', '2021-01-13', 11, 0, 0),
('MyIVOYCfVESZRgX0hPxabI0jnWq2', '2021-01-11', 13, 0, 0),
('MyIVOYCfVESZRgX0hPxabI0jnWq2', '2021-01-11', 14, 0, 0),
('MyIVOYCfVESZRgX0hPxabI0jnWq2', '2021-01-11', 15, 1, 0),
('MyIVOYCfVESZRgX0hPxabI0jnWq2', '2021-01-11', 16, 3, 0);
INSERT INTO `user_cups` (`user_name`, `date_update`, `chapter_id`, `victory_cups_wined`, `is_readed`) VALUES
('MyIVOYCfVESZRgX0hPxabI0jnWq2', '2021-01-11', 17, 2, 0),
('MyIVOYCfVESZRgX0hPxabI0jnWq2', '2021-01-11', 18, 0, 0),
('MyIVOYCfVESZRgX0hPxabI0jnWq2', '2021-01-11', 19, 0, 0),
('MyIVOYCfVESZRgX0hPxabI0jnWq2', '2021-01-11', 20, 0, 0),
('MyIVOYCfVESZRgX0hPxabI0jnWq2', '2021-01-11', 21, 2, 0),
('MyIVOYCfVESZRgX0hPxabI0jnWq2', '2021-01-11', 22, 0, 0),
('MyIVOYCfVESZRgX0hPxabI0jnWq2', '2021-01-11', 23, 0, 0),
('MyIVOYCfVESZRgX0hPxabI0jnWq2', '2021-01-11', 24, 0, 0),
('MyIVOYCfVESZRgX0hPxabI0jnWq2', '2021-01-11', 25, 3, 0),
('MyIVOYCfVESZRgX0hPxabI0jnWq2', '2021-01-11', 26, 2, 0),
('MyIVOYCfVESZRgX0hPxabI0jnWq2', '2021-01-11', 27, 2, 0),
('MyIVOYCfVESZRgX0hPxabI0jnWq2', '2021-01-11', 28, 0, 0),
('NB7bzNBDIeNJBgjgZqE69jrQxaV2', '2022-02-20', 1, 1, 0),
('NB7bzNBDIeNJBgjgZqE69jrQxaV2', '2022-02-20', 2, 1, 0),
('NB7bzNBDIeNJBgjgZqE69jrQxaV2', '2022-02-20', 3, 0, 0),
('NB7bzNBDIeNJBgjgZqE69jrQxaV2', '2022-02-20', 4, 0, 0),
('NB7bzNBDIeNJBgjgZqE69jrQxaV2', '2022-02-20', 5, 0, 0),
('NB7bzNBDIeNJBgjgZqE69jrQxaV2', '2022-02-20', 6, 0, 0),
('NB7bzNBDIeNJBgjgZqE69jrQxaV2', '2022-02-20', 7, 0, 0),
('NB7bzNBDIeNJBgjgZqE69jrQxaV2', '2022-02-20', 8, 2, 0),
('NB7bzNBDIeNJBgjgZqE69jrQxaV2', '2022-02-20', 9, 2, 0),
('NB7bzNBDIeNJBgjgZqE69jrQxaV2', '2022-02-20', 10, 4, 0),
('NB7bzNBDIeNJBgjgZqE69jrQxaV2', '2022-02-20', 11, 0, 0),
('NB7bzNBDIeNJBgjgZqE69jrQxaV2', '2022-02-20', 13, 0, 0),
('NB7bzNBDIeNJBgjgZqE69jrQxaV2', '2022-02-20', 14, 0, 0),
('NB7bzNBDIeNJBgjgZqE69jrQxaV2', '2022-02-20', 15, 1, 0),
('NB7bzNBDIeNJBgjgZqE69jrQxaV2', '2022-02-20', 16, 3, 0),
('NB7bzNBDIeNJBgjgZqE69jrQxaV2', '2022-02-20', 17, 2, 0),
('NB7bzNBDIeNJBgjgZqE69jrQxaV2', '2022-02-20', 18, 0, 0),
('NB7bzNBDIeNJBgjgZqE69jrQxaV2', '2022-02-20', 19, 0, 0),
('NB7bzNBDIeNJBgjgZqE69jrQxaV2', '2022-02-20', 20, 0, 0),
('NB7bzNBDIeNJBgjgZqE69jrQxaV2', '2022-02-20', 21, 2, 0),
('NB7bzNBDIeNJBgjgZqE69jrQxaV2', '2022-02-20', 22, 0, 0),
('NB7bzNBDIeNJBgjgZqE69jrQxaV2', '2022-02-20', 23, 0, 0),
('NB7bzNBDIeNJBgjgZqE69jrQxaV2', '2022-02-20', 24, 0, 0),
('NB7bzNBDIeNJBgjgZqE69jrQxaV2', '2022-02-20', 25, 3, 0),
('NB7bzNBDIeNJBgjgZqE69jrQxaV2', '2022-02-20', 26, 2, 0),
('NB7bzNBDIeNJBgjgZqE69jrQxaV2', '2022-02-20', 27, 2, 0),
('NB7bzNBDIeNJBgjgZqE69jrQxaV2', '2022-02-20', 28, 0, 0),
('nib9JBioagWHhxMwY4c5QVpfToQ2', '2022-02-20', 1, 1, 0),
('nib9JBioagWHhxMwY4c5QVpfToQ2', '2022-02-20', 2, 1, 0),
('nib9JBioagWHhxMwY4c5QVpfToQ2', '2022-02-20', 3, 1, 1),
('nib9JBioagWHhxMwY4c5QVpfToQ2', '2022-02-23', 4, 1, 1),
('nib9JBioagWHhxMwY4c5QVpfToQ2', '2022-03-05', 5, 2, 1),
('nib9JBioagWHhxMwY4c5QVpfToQ2', '2022-03-05', 6, 2, 1),
('nib9JBioagWHhxMwY4c5QVpfToQ2', '2022-02-20', 7, 0, 0),
('nib9JBioagWHhxMwY4c5QVpfToQ2', '2022-02-20', 8, 2, 0),
('nib9JBioagWHhxMwY4c5QVpfToQ2', '2022-02-20', 9, 2, 0),
('nib9JBioagWHhxMwY4c5QVpfToQ2', '2022-02-20', 10, 4, 0),
('nib9JBioagWHhxMwY4c5QVpfToQ2', '2022-02-20', 11, 0, 0),
('nib9JBioagWHhxMwY4c5QVpfToQ2', '2022-02-20', 13, 0, 0),
('nib9JBioagWHhxMwY4c5QVpfToQ2', '2022-02-20', 14, 0, 0),
('nib9JBioagWHhxMwY4c5QVpfToQ2', '2022-02-20', 15, 1, 0),
('nib9JBioagWHhxMwY4c5QVpfToQ2', '2022-02-20', 16, 3, 0),
('nib9JBioagWHhxMwY4c5QVpfToQ2', '2022-02-20', 17, 2, 0),
('nib9JBioagWHhxMwY4c5QVpfToQ2', '2022-02-20', 18, 0, 0),
('nib9JBioagWHhxMwY4c5QVpfToQ2', '2022-02-20', 19, 0, 0),
('nib9JBioagWHhxMwY4c5QVpfToQ2', '2022-02-20', 20, 0, 0),
('nib9JBioagWHhxMwY4c5QVpfToQ2', '2022-02-20', 21, 2, 0),
('nib9JBioagWHhxMwY4c5QVpfToQ2', '2022-02-20', 22, 0, 0),
('nib9JBioagWHhxMwY4c5QVpfToQ2', '2022-02-20', 23, 0, 0),
('nib9JBioagWHhxMwY4c5QVpfToQ2', '2022-02-20', 24, 0, 0),
('nib9JBioagWHhxMwY4c5QVpfToQ2', '2022-02-20', 25, 3, 0),
('nib9JBioagWHhxMwY4c5QVpfToQ2', '2022-02-23', 26, 2, 0),
('nib9JBioagWHhxMwY4c5QVpfToQ2', '2022-02-20', 27, 2, 0),
('nib9JBioagWHhxMwY4c5QVpfToQ2', '2022-02-20', 28, 0, 0),
('NSuR6ibo0NT3TLjWdsA33C4XXEp2', '2021-03-22', 1, 1, 1),
('NSuR6ibo0NT3TLjWdsA33C4XXEp2', '2021-03-22', 2, 1, 1),
('NSuR6ibo0NT3TLjWdsA33C4XXEp2', '2021-03-22', 3, 1, 1),
('NSuR6ibo0NT3TLjWdsA33C4XXEp2', '2021-03-22', 4, 1, 1),
('NSuR6ibo0NT3TLjWdsA33C4XXEp2', '2021-03-22', 5, 2, 1),
('NSuR6ibo0NT3TLjWdsA33C4XXEp2', '2021-03-22', 6, 2, 1),
('NSuR6ibo0NT3TLjWdsA33C4XXEp2', '2021-03-22', 7, 2, 1),
('NSuR6ibo0NT3TLjWdsA33C4XXEp2', '2021-03-22', 8, 2, 1),
('NSuR6ibo0NT3TLjWdsA33C4XXEp2', '2021-03-25', 9, 2, 0),
('NSuR6ibo0NT3TLjWdsA33C4XXEp2', '2021-03-26', 10, 4, 0),
('NSuR6ibo0NT3TLjWdsA33C4XXEp2', '2021-03-28', 11, 0, 0),
('NSuR6ibo0NT3TLjWdsA33C4XXEp2', '2021-03-22', 13, 0, 0),
('NSuR6ibo0NT3TLjWdsA33C4XXEp2', '2021-03-22', 14, 0, 0),
('NSuR6ibo0NT3TLjWdsA33C4XXEp2', '2021-03-22', 15, 1, 0),
('NSuR6ibo0NT3TLjWdsA33C4XXEp2', '2021-03-22', 16, 3, 0),
('NSuR6ibo0NT3TLjWdsA33C4XXEp2', '2021-03-22', 17, 2, 0),
('NSuR6ibo0NT3TLjWdsA33C4XXEp2', '2021-03-22', 18, 0, 0),
('NSuR6ibo0NT3TLjWdsA33C4XXEp2', '2021-03-22', 19, 0, 0),
('NSuR6ibo0NT3TLjWdsA33C4XXEp2', '2021-03-22', 20, 0, 0),
('NSuR6ibo0NT3TLjWdsA33C4XXEp2', '2021-03-22', 21, 2, 0),
('NSuR6ibo0NT3TLjWdsA33C4XXEp2', '2021-03-22', 22, 0, 0),
('NSuR6ibo0NT3TLjWdsA33C4XXEp2', '2021-03-22', 23, 0, 0),
('NSuR6ibo0NT3TLjWdsA33C4XXEp2', '2021-03-22', 24, 0, 0),
('NSuR6ibo0NT3TLjWdsA33C4XXEp2', '2021-03-22', 25, 3, 0),
('NSuR6ibo0NT3TLjWdsA33C4XXEp2', '2021-03-22', 26, 2, 0),
('NSuR6ibo0NT3TLjWdsA33C4XXEp2', '2021-03-22', 27, 2, 0),
('NSuR6ibo0NT3TLjWdsA33C4XXEp2', '2021-03-22', 28, 0, 0),
('o2a8S82kT2fxUc4g4PunWmItLz52', '2021-01-11', 1, 1, 1),
('o2a8S82kT2fxUc4g4PunWmItLz52', '2021-01-11', 2, 1, 1),
('o2a8S82kT2fxUc4g4PunWmItLz52', '2021-01-11', 3, 1, 1),
('o2a8S82kT2fxUc4g4PunWmItLz52', '2021-01-21', 4, 1, 1),
('o2a8S82kT2fxUc4g4PunWmItLz52', '2021-01-21', 5, 2, 1),
('o2a8S82kT2fxUc4g4PunWmItLz52', '2021-01-21', 6, 2, 1),
('o2a8S82kT2fxUc4g4PunWmItLz52', '2021-01-11', 7, 0, 0),
('o2a8S82kT2fxUc4g4PunWmItLz52', '2021-01-11', 8, 2, 0),
('o2a8S82kT2fxUc4g4PunWmItLz52', '2021-01-11', 9, 2, 0),
('o2a8S82kT2fxUc4g4PunWmItLz52', '2021-01-11', 10, 4, 0),
('o2a8S82kT2fxUc4g4PunWmItLz52', '2021-01-11', 11, 0, 0),
('o2a8S82kT2fxUc4g4PunWmItLz52', '2021-01-11', 13, 0, 0),
('o2a8S82kT2fxUc4g4PunWmItLz52', '2021-01-11', 14, 0, 0),
('o2a8S82kT2fxUc4g4PunWmItLz52', '2021-01-11', 15, 1, 0),
('o2a8S82kT2fxUc4g4PunWmItLz52', '2021-01-11', 16, 3, 0),
('o2a8S82kT2fxUc4g4PunWmItLz52', '2021-01-11', 17, 2, 0),
('o2a8S82kT2fxUc4g4PunWmItLz52', '2021-01-11', 18, 0, 0),
('o2a8S82kT2fxUc4g4PunWmItLz52', '2021-01-11', 19, 0, 0),
('o2a8S82kT2fxUc4g4PunWmItLz52', '2021-01-11', 20, 0, 0),
('o2a8S82kT2fxUc4g4PunWmItLz52', '2021-01-11', 21, 2, 0),
('o2a8S82kT2fxUc4g4PunWmItLz52', '2021-01-11', 22, 0, 0),
('o2a8S82kT2fxUc4g4PunWmItLz52', '2021-01-11', 23, 0, 0),
('o2a8S82kT2fxUc4g4PunWmItLz52', '2021-01-11', 24, 0, 0),
('o2a8S82kT2fxUc4g4PunWmItLz52', '2021-01-11', 25, 3, 0),
('o2a8S82kT2fxUc4g4PunWmItLz52', '2021-01-11', 26, 2, 0),
('o2a8S82kT2fxUc4g4PunWmItLz52', '2021-01-11', 27, 2, 0),
('o2a8S82kT2fxUc4g4PunWmItLz52', '2021-01-11', 28, 0, 0),
('OQjgaNb9wwSMcbiY1sEoDdOLaF92', '2021-01-13', 1, 1, 0),
('OQjgaNb9wwSMcbiY1sEoDdOLaF92', '2021-01-25', 2, 1, 1),
('OQjgaNb9wwSMcbiY1sEoDdOLaF92', '2021-01-25', 3, 1, 1),
('OQjgaNb9wwSMcbiY1sEoDdOLaF92', '2021-01-25', 4, 1, 1),
('OQjgaNb9wwSMcbiY1sEoDdOLaF92', '2021-01-25', 5, 2, 1),
('OQjgaNb9wwSMcbiY1sEoDdOLaF92', '2021-01-25', 6, 2, 1),
('OQjgaNb9wwSMcbiY1sEoDdOLaF92', '2021-01-25', 7, 2, 1),
('OQjgaNb9wwSMcbiY1sEoDdOLaF92', '2021-01-25', 8, 2, 1),
('OQjgaNb9wwSMcbiY1sEoDdOLaF92', '2021-05-20', 9, 2, 1),
('OQjgaNb9wwSMcbiY1sEoDdOLaF92', '2021-01-14', 10, 4, 1),
('OQjgaNb9wwSMcbiY1sEoDdOLaF92', '2021-01-18', 11, 12, 1),
('OQjgaNb9wwSMcbiY1sEoDdOLaF92', '2021-05-20', 13, 0, 1),
('OQjgaNb9wwSMcbiY1sEoDdOLaF92', '2021-05-20', 14, 2, 1),
('OQjgaNb9wwSMcbiY1sEoDdOLaF92', '2021-01-13', 15, 1, 0),
('OQjgaNb9wwSMcbiY1sEoDdOLaF92', '2021-01-20', 16, 3, 1),
('OQjgaNb9wwSMcbiY1sEoDdOLaF92', '2021-01-20', 17, 2, 1),
('OQjgaNb9wwSMcbiY1sEoDdOLaF92', '2021-05-20', 18, 4, 1),
('OQjgaNb9wwSMcbiY1sEoDdOLaF92', '2021-05-20', 19, 2, 1),
('OQjgaNb9wwSMcbiY1sEoDdOLaF92', '2021-05-20', 20, 2, 1),
('OQjgaNb9wwSMcbiY1sEoDdOLaF92', '2021-01-22', 21, 2, 1),
('OQjgaNb9wwSMcbiY1sEoDdOLaF92', '2021-05-20', 22, 2, 1),
('OQjgaNb9wwSMcbiY1sEoDdOLaF92', '2021-05-20', 23, 7, 1),
('OQjgaNb9wwSMcbiY1sEoDdOLaF92', '2021-05-26', 24, 9, 1),
('OQjgaNb9wwSMcbiY1sEoDdOLaF92', '2021-05-20', 25, 3, 1),
('OQjgaNb9wwSMcbiY1sEoDdOLaF92', '2021-05-20', 26, 2, 1),
('OQjgaNb9wwSMcbiY1sEoDdOLaF92', '2021-01-13', 27, 2, 0),
('OQjgaNb9wwSMcbiY1sEoDdOLaF92', '2021-01-20', 28, 0, 1),
('oUok9OuG0UWZPUyQrpKHgtP2Iwa2', '2021-05-06', 1, 1, 1),
('oUok9OuG0UWZPUyQrpKHgtP2Iwa2', '2021-05-06', 2, 1, 1),
('oUok9OuG0UWZPUyQrpKHgtP2Iwa2', '2021-05-06', 3, 1, 1),
('oUok9OuG0UWZPUyQrpKHgtP2Iwa2', '2021-05-06', 4, 1, 1),
('oUok9OuG0UWZPUyQrpKHgtP2Iwa2', '2021-05-06', 5, 1, 1),
('oUok9OuG0UWZPUyQrpKHgtP2Iwa2', '2021-05-06', 6, 2, 1),
('oUok9OuG0UWZPUyQrpKHgtP2Iwa2', '2021-05-02', 7, 0, 0),
('oUok9OuG0UWZPUyQrpKHgtP2Iwa2', '2021-05-02', 8, 2, 0),
('oUok9OuG0UWZPUyQrpKHgtP2Iwa2', '2021-05-02', 9, 2, 0),
('oUok9OuG0UWZPUyQrpKHgtP2Iwa2', '2021-05-02', 10, 4, 0),
('oUok9OuG0UWZPUyQrpKHgtP2Iwa2', '2021-05-06', 11, NULL, 1),
('oUok9OuG0UWZPUyQrpKHgtP2Iwa2', '2021-05-02', 13, 0, 0),
('oUok9OuG0UWZPUyQrpKHgtP2Iwa2', '2021-05-02', 14, 0, 0),
('oUok9OuG0UWZPUyQrpKHgtP2Iwa2', '2021-05-02', 15, 1, 0),
('oUok9OuG0UWZPUyQrpKHgtP2Iwa2', '2021-05-02', 16, 3, 0),
('oUok9OuG0UWZPUyQrpKHgtP2Iwa2', '2021-05-02', 17, 2, 0),
('oUok9OuG0UWZPUyQrpKHgtP2Iwa2', '2021-05-02', 18, 0, 0),
('oUok9OuG0UWZPUyQrpKHgtP2Iwa2', '2021-05-02', 19, 0, 0),
('oUok9OuG0UWZPUyQrpKHgtP2Iwa2', '2021-05-02', 20, 0, 0),
('oUok9OuG0UWZPUyQrpKHgtP2Iwa2', '2021-05-02', 21, 2, 0),
('oUok9OuG0UWZPUyQrpKHgtP2Iwa2', '2021-05-02', 22, 0, 0),
('oUok9OuG0UWZPUyQrpKHgtP2Iwa2', '2021-05-02', 23, 0, 0),
('oUok9OuG0UWZPUyQrpKHgtP2Iwa2', '2021-05-02', 24, 0, 0),
('oUok9OuG0UWZPUyQrpKHgtP2Iwa2', '2021-05-02', 25, 3, 0),
('oUok9OuG0UWZPUyQrpKHgtP2Iwa2', '2021-05-02', 26, 2, 0),
('oUok9OuG0UWZPUyQrpKHgtP2Iwa2', '2021-05-02', 27, 2, 0),
('oUok9OuG0UWZPUyQrpKHgtP2Iwa2', '2021-05-02', 28, 0, 0),
('pct3dVisGrZm1hWeMnKsfhMFFYo2', '2021-11-25', 1, 1, 1),
('pct3dVisGrZm1hWeMnKsfhMFFYo2', '2021-11-25', 2, 1, 1),
('pct3dVisGrZm1hWeMnKsfhMFFYo2', '2021-11-24', 3, 0, 0),
('pct3dVisGrZm1hWeMnKsfhMFFYo2', '2021-11-24', 4, 0, 0),
('pct3dVisGrZm1hWeMnKsfhMFFYo2', '2021-11-24', 5, 0, 0),
('pct3dVisGrZm1hWeMnKsfhMFFYo2', '2021-11-24', 6, 0, 0),
('pct3dVisGrZm1hWeMnKsfhMFFYo2', '2021-11-24', 7, 0, 0),
('pct3dVisGrZm1hWeMnKsfhMFFYo2', '2021-11-24', 8, 2, 0),
('pct3dVisGrZm1hWeMnKsfhMFFYo2', '2021-11-24', 9, 2, 0),
('pct3dVisGrZm1hWeMnKsfhMFFYo2', '2021-11-24', 10, 4, 0),
('pct3dVisGrZm1hWeMnKsfhMFFYo2', '2021-11-24', 11, 0, 0),
('pct3dVisGrZm1hWeMnKsfhMFFYo2', '2021-11-24', 13, 0, 0),
('pct3dVisGrZm1hWeMnKsfhMFFYo2', '2021-11-24', 14, 0, 0),
('pct3dVisGrZm1hWeMnKsfhMFFYo2', '2021-11-24', 15, 1, 0),
('pct3dVisGrZm1hWeMnKsfhMFFYo2', '2021-11-24', 16, 3, 0),
('pct3dVisGrZm1hWeMnKsfhMFFYo2', '2021-11-24', 17, 2, 0),
('pct3dVisGrZm1hWeMnKsfhMFFYo2', '2021-11-24', 18, 0, 0),
('pct3dVisGrZm1hWeMnKsfhMFFYo2', '2021-11-24', 19, 0, 0),
('pct3dVisGrZm1hWeMnKsfhMFFYo2', '2021-11-24', 20, 0, 0),
('pct3dVisGrZm1hWeMnKsfhMFFYo2', '2021-11-24', 21, 2, 0),
('pct3dVisGrZm1hWeMnKsfhMFFYo2', '2021-11-24', 22, 0, 0),
('pct3dVisGrZm1hWeMnKsfhMFFYo2', '2021-11-24', 23, 0, 0),
('pct3dVisGrZm1hWeMnKsfhMFFYo2', '2021-11-24', 24, 0, 0),
('pct3dVisGrZm1hWeMnKsfhMFFYo2', '2021-11-24', 25, 3, 0),
('pct3dVisGrZm1hWeMnKsfhMFFYo2', '2021-11-24', 26, 2, 0),
('pct3dVisGrZm1hWeMnKsfhMFFYo2', '2021-11-24', 27, 2, 0),
('pct3dVisGrZm1hWeMnKsfhMFFYo2', '2021-11-24', 28, 0, 0),
('Ph7otTef17Xh5KnyXRtHCwadMeD2', '2021-05-06', 1, 1, 0),
('Ph7otTef17Xh5KnyXRtHCwadMeD2', '2021-05-06', 2, 1, 0),
('Ph7otTef17Xh5KnyXRtHCwadMeD2', '2021-05-06', 3, 0, 0),
('Ph7otTef17Xh5KnyXRtHCwadMeD2', '2021-05-06', 4, 0, 0),
('Ph7otTef17Xh5KnyXRtHCwadMeD2', '2021-05-06', 5, 0, 0),
('Ph7otTef17Xh5KnyXRtHCwadMeD2', '2021-05-06', 6, 0, 0),
('Ph7otTef17Xh5KnyXRtHCwadMeD2', '2021-05-06', 7, 0, 0),
('Ph7otTef17Xh5KnyXRtHCwadMeD2', '2021-05-06', 8, 2, 0),
('Ph7otTef17Xh5KnyXRtHCwadMeD2', '2021-05-06', 9, 2, 0),
('Ph7otTef17Xh5KnyXRtHCwadMeD2', '2021-05-06', 10, 4, 0),
('Ph7otTef17Xh5KnyXRtHCwadMeD2', '2021-05-06', 11, 0, 0),
('Ph7otTef17Xh5KnyXRtHCwadMeD2', '2021-05-06', 13, 0, 0),
('Ph7otTef17Xh5KnyXRtHCwadMeD2', '2021-05-06', 14, 0, 0),
('Ph7otTef17Xh5KnyXRtHCwadMeD2', '2021-05-06', 15, 1, 0),
('Ph7otTef17Xh5KnyXRtHCwadMeD2', '2021-05-06', 16, 3, 0),
('Ph7otTef17Xh5KnyXRtHCwadMeD2', '2021-05-06', 17, 2, 0),
('Ph7otTef17Xh5KnyXRtHCwadMeD2', '2021-05-06', 18, 0, 0),
('Ph7otTef17Xh5KnyXRtHCwadMeD2', '2021-05-06', 19, 0, 0),
('Ph7otTef17Xh5KnyXRtHCwadMeD2', '2021-05-06', 20, 0, 0),
('Ph7otTef17Xh5KnyXRtHCwadMeD2', '2021-05-06', 21, 2, 0),
('Ph7otTef17Xh5KnyXRtHCwadMeD2', '2021-05-06', 22, 0, 0),
('Ph7otTef17Xh5KnyXRtHCwadMeD2', '2021-05-06', 23, 0, 0),
('Ph7otTef17Xh5KnyXRtHCwadMeD2', '2021-05-06', 24, 0, 0),
('Ph7otTef17Xh5KnyXRtHCwadMeD2', '2021-05-06', 25, 3, 0),
('Ph7otTef17Xh5KnyXRtHCwadMeD2', '2021-05-06', 26, 2, 0),
('Ph7otTef17Xh5KnyXRtHCwadMeD2', '2021-05-06', 27, 2, 0),
('Ph7otTef17Xh5KnyXRtHCwadMeD2', '2021-05-06', 28, 0, 0),
('pianHmhL9rT1xwLgKjPHJb5uEgw1', '2021-02-25', 1, 1, 1),
('pianHmhL9rT1xwLgKjPHJb5uEgw1', '2021-02-25', 2, 1, 1),
('pianHmhL9rT1xwLgKjPHJb5uEgw1', '2021-02-25', 3, 1, 1),
('pianHmhL9rT1xwLgKjPHJb5uEgw1', '2021-02-25', 4, 0, 0),
('pianHmhL9rT1xwLgKjPHJb5uEgw1', '2021-02-25', 5, 0, 0),
('pianHmhL9rT1xwLgKjPHJb5uEgw1', '2021-02-25', 6, 0, 0),
('pianHmhL9rT1xwLgKjPHJb5uEgw1', '2021-02-25', 7, 0, 0),
('pianHmhL9rT1xwLgKjPHJb5uEgw1', '2021-02-25', 8, 2, 0),
('pianHmhL9rT1xwLgKjPHJb5uEgw1', '2021-02-25', 9, 2, 0),
('pianHmhL9rT1xwLgKjPHJb5uEgw1', '2021-02-25', 10, 4, 0),
('pianHmhL9rT1xwLgKjPHJb5uEgw1', '2021-02-25', 11, 0, 0),
('pianHmhL9rT1xwLgKjPHJb5uEgw1', '2021-02-25', 13, 0, 0),
('pianHmhL9rT1xwLgKjPHJb5uEgw1', '2021-02-25', 14, 0, 0),
('pianHmhL9rT1xwLgKjPHJb5uEgw1', '2021-02-25', 15, 1, 0),
('pianHmhL9rT1xwLgKjPHJb5uEgw1', '2021-02-25', 16, 3, 0),
('pianHmhL9rT1xwLgKjPHJb5uEgw1', '2021-02-25', 17, 2, 0),
('pianHmhL9rT1xwLgKjPHJb5uEgw1', '2021-02-25', 18, 0, 0),
('pianHmhL9rT1xwLgKjPHJb5uEgw1', '2021-02-25', 19, 0, 0),
('pianHmhL9rT1xwLgKjPHJb5uEgw1', '2021-02-25', 20, 0, 0),
('pianHmhL9rT1xwLgKjPHJb5uEgw1', '2021-02-25', 21, 2, 0),
('pianHmhL9rT1xwLgKjPHJb5uEgw1', '2021-02-25', 22, 0, 0),
('pianHmhL9rT1xwLgKjPHJb5uEgw1', '2021-02-25', 23, 0, 0),
('pianHmhL9rT1xwLgKjPHJb5uEgw1', '2021-02-25', 24, 0, 0),
('pianHmhL9rT1xwLgKjPHJb5uEgw1', '2021-02-25', 25, 3, 0),
('pianHmhL9rT1xwLgKjPHJb5uEgw1', '2021-02-25', 26, 2, 0),
('pianHmhL9rT1xwLgKjPHJb5uEgw1', '2021-02-25', 27, 2, 0),
('pianHmhL9rT1xwLgKjPHJb5uEgw1', '2021-02-25', 28, 0, 0),
('POq0HHXqFyPwwBRfQxAYc4CzbYs1', '2020-12-30', 1, 1, 0),
('POq0HHXqFyPwwBRfQxAYc4CzbYs1', '2020-12-30', 2, 1, 0),
('POq0HHXqFyPwwBRfQxAYc4CzbYs1', '2020-12-30', 3, 0, 0),
('POq0HHXqFyPwwBRfQxAYc4CzbYs1', '2020-12-30', 4, 0, 0),
('POq0HHXqFyPwwBRfQxAYc4CzbYs1', '2020-12-30', 5, 0, 0),
('POq0HHXqFyPwwBRfQxAYc4CzbYs1', '2020-12-30', 6, 0, 0),
('POq0HHXqFyPwwBRfQxAYc4CzbYs1', '2020-12-30', 7, 0, 0),
('POq0HHXqFyPwwBRfQxAYc4CzbYs1', '2020-12-30', 8, 2, 0),
('POq0HHXqFyPwwBRfQxAYc4CzbYs1', '2020-12-30', 9, 2, 0),
('POq0HHXqFyPwwBRfQxAYc4CzbYs1', '2020-12-30', 10, 4, 0),
('POq0HHXqFyPwwBRfQxAYc4CzbYs1', '2020-12-30', 11, 8, 1),
('POq0HHXqFyPwwBRfQxAYc4CzbYs1', '2020-12-30', 13, 0, 0),
('POq0HHXqFyPwwBRfQxAYc4CzbYs1', '2020-12-30', 14, 0, 0),
('POq0HHXqFyPwwBRfQxAYc4CzbYs1', '2020-12-30', 15, 1, 0),
('POq0HHXqFyPwwBRfQxAYc4CzbYs1', '2020-12-30', 16, 3, 0),
('POq0HHXqFyPwwBRfQxAYc4CzbYs1', '2020-12-30', 17, 2, 0),
('POq0HHXqFyPwwBRfQxAYc4CzbYs1', '2020-12-30', 18, 0, 0),
('POq0HHXqFyPwwBRfQxAYc4CzbYs1', '2020-12-30', 19, 0, 0),
('POq0HHXqFyPwwBRfQxAYc4CzbYs1', '2020-12-30', 20, 0, 0),
('POq0HHXqFyPwwBRfQxAYc4CzbYs1', '2020-12-30', 21, 2, 0),
('POq0HHXqFyPwwBRfQxAYc4CzbYs1', '2020-12-30', 22, 0, 0),
('POq0HHXqFyPwwBRfQxAYc4CzbYs1', '2020-12-30', 23, 0, 0),
('POq0HHXqFyPwwBRfQxAYc4CzbYs1', '2020-12-30', 24, 0, 0),
('POq0HHXqFyPwwBRfQxAYc4CzbYs1', '2020-12-30', 25, 3, 0),
('POq0HHXqFyPwwBRfQxAYc4CzbYs1', '2020-12-30', 26, 2, 0),
('POq0HHXqFyPwwBRfQxAYc4CzbYs1', '2020-12-30', 27, 2, 0),
('POq0HHXqFyPwwBRfQxAYc4CzbYs1', '2020-12-30', 28, 0, 0),
('qa8ACwwfFoZf1OC8um9ZUl0BhMa2', '2021-03-20', 1, 1, 1),
('qa8ACwwfFoZf1OC8um9ZUl0BhMa2', '2021-03-20', 2, 1, 1),
('qa8ACwwfFoZf1OC8um9ZUl0BhMa2', '2021-03-20', 3, 1, 1),
('qa8ACwwfFoZf1OC8um9ZUl0BhMa2', '2021-03-20', 4, 1, 1),
('qa8ACwwfFoZf1OC8um9ZUl0BhMa2', '2021-03-21', 5, 2, 1),
('qa8ACwwfFoZf1OC8um9ZUl0BhMa2', '2021-04-08', 6, 2, 1),
('qa8ACwwfFoZf1OC8um9ZUl0BhMa2', '2021-04-19', 7, 2, 1),
('qa8ACwwfFoZf1OC8um9ZUl0BhMa2', '2021-04-19', 8, 2, 1),
('qa8ACwwfFoZf1OC8um9ZUl0BhMa2', '2021-04-19', 9, 2, 1),
('qa8ACwwfFoZf1OC8um9ZUl0BhMa2', '2021-04-19', 10, 4, 1),
('qa8ACwwfFoZf1OC8um9ZUl0BhMa2', '2021-04-19', 11, 8, 1),
('qa8ACwwfFoZf1OC8um9ZUl0BhMa2', '2021-03-02', 13, 0, 0),
('qa8ACwwfFoZf1OC8um9ZUl0BhMa2', '2021-03-02', 14, 0, 0),
('qa8ACwwfFoZf1OC8um9ZUl0BhMa2', '2021-03-02', 15, 1, 0),
('qa8ACwwfFoZf1OC8um9ZUl0BhMa2', '2021-03-02', 16, 3, 0),
('qa8ACwwfFoZf1OC8um9ZUl0BhMa2', '2021-03-02', 17, 2, 0),
('qa8ACwwfFoZf1OC8um9ZUl0BhMa2', '2021-03-02', 18, 0, 0),
('qa8ACwwfFoZf1OC8um9ZUl0BhMa2', '2021-03-02', 19, 0, 0),
('qa8ACwwfFoZf1OC8um9ZUl0BhMa2', '2021-03-02', 20, 0, 0),
('qa8ACwwfFoZf1OC8um9ZUl0BhMa2', '2021-03-02', 21, 2, 0),
('qa8ACwwfFoZf1OC8um9ZUl0BhMa2', '2021-03-02', 22, 0, 0),
('qa8ACwwfFoZf1OC8um9ZUl0BhMa2', '2021-03-02', 23, 0, 0),
('qa8ACwwfFoZf1OC8um9ZUl0BhMa2', '2021-03-02', 24, 0, 0),
('qa8ACwwfFoZf1OC8um9ZUl0BhMa2', '2021-03-02', 25, 3, 0),
('qa8ACwwfFoZf1OC8um9ZUl0BhMa2', '2021-03-02', 26, 2, 0),
('qa8ACwwfFoZf1OC8um9ZUl0BhMa2', '2021-03-02', 27, 2, 0),
('qa8ACwwfFoZf1OC8um9ZUl0BhMa2', '2021-03-02', 28, 0, 0),
('QB5yOnga9qYgpBkaFjq78lJCwKB3', '2020-12-26', 1, 1, 0),
('QB5yOnga9qYgpBkaFjq78lJCwKB3', '2020-12-26', 2, 1, 0),
('QB5yOnga9qYgpBkaFjq78lJCwKB3', '2020-12-26', 3, 0, 0),
('QB5yOnga9qYgpBkaFjq78lJCwKB3', '2020-12-26', 4, 0, 0),
('QB5yOnga9qYgpBkaFjq78lJCwKB3', '2020-12-26', 5, 0, 0),
('QB5yOnga9qYgpBkaFjq78lJCwKB3', '2020-12-26', 6, 0, 0),
('QB5yOnga9qYgpBkaFjq78lJCwKB3', '2020-12-26', 7, 0, 0),
('QB5yOnga9qYgpBkaFjq78lJCwKB3', '2020-12-26', 8, 2, 0),
('QB5yOnga9qYgpBkaFjq78lJCwKB3', '2020-12-26', 9, 2, 0),
('QB5yOnga9qYgpBkaFjq78lJCwKB3', '2020-12-26', 10, 4, 0),
('QB5yOnga9qYgpBkaFjq78lJCwKB3', '2020-12-26', 11, 0, 0),
('QB5yOnga9qYgpBkaFjq78lJCwKB3', '2020-12-26', 13, 0, 0),
('QB5yOnga9qYgpBkaFjq78lJCwKB3', '2020-12-26', 14, 0, 0),
('QB5yOnga9qYgpBkaFjq78lJCwKB3', '2020-12-26', 15, 1, 0),
('QB5yOnga9qYgpBkaFjq78lJCwKB3', '2020-12-26', 16, 3, 0),
('QB5yOnga9qYgpBkaFjq78lJCwKB3', '2020-12-26', 17, 2, 0),
('QB5yOnga9qYgpBkaFjq78lJCwKB3', '2020-12-26', 18, 0, 0),
('QB5yOnga9qYgpBkaFjq78lJCwKB3', '2020-12-26', 19, 0, 0),
('QB5yOnga9qYgpBkaFjq78lJCwKB3', '2020-12-26', 20, 0, 0),
('QB5yOnga9qYgpBkaFjq78lJCwKB3', '2020-12-26', 21, 2, 0),
('QB5yOnga9qYgpBkaFjq78lJCwKB3', '2020-12-26', 22, 0, 0),
('QB5yOnga9qYgpBkaFjq78lJCwKB3', '2020-12-26', 23, 0, 0),
('QB5yOnga9qYgpBkaFjq78lJCwKB3', '2020-12-26', 24, 0, 0),
('QB5yOnga9qYgpBkaFjq78lJCwKB3', '2020-12-26', 25, 3, 0),
('QB5yOnga9qYgpBkaFjq78lJCwKB3', '2020-12-26', 26, 2, 0),
('QB5yOnga9qYgpBkaFjq78lJCwKB3', '2020-12-26', 27, 2, 0),
('QB5yOnga9qYgpBkaFjq78lJCwKB3', '2020-12-26', 28, 0, 0),
('qI58MT8562ZR7iXz4v0BuarFatF3', '2021-01-26', 1, 1, 1),
('qI58MT8562ZR7iXz4v0BuarFatF3', '2021-01-26', 2, 1, 1),
('qI58MT8562ZR7iXz4v0BuarFatF3', '2021-01-26', 3, 0, 0),
('qI58MT8562ZR7iXz4v0BuarFatF3', '2021-01-26', 4, 0, 0),
('qI58MT8562ZR7iXz4v0BuarFatF3', '2021-01-26', 5, 0, 0),
('qI58MT8562ZR7iXz4v0BuarFatF3', '2021-01-26', 6, 0, 0),
('qI58MT8562ZR7iXz4v0BuarFatF3', '2021-01-26', 7, 0, 0),
('qI58MT8562ZR7iXz4v0BuarFatF3', '2021-01-26', 8, 2, 0),
('qI58MT8562ZR7iXz4v0BuarFatF3', '2021-01-26', 9, 2, 0),
('qI58MT8562ZR7iXz4v0BuarFatF3', '2021-01-26', 10, 4, 0),
('qI58MT8562ZR7iXz4v0BuarFatF3', '2021-01-26', 11, 0, 0),
('qI58MT8562ZR7iXz4v0BuarFatF3', '2021-01-26', 13, 0, 0),
('qI58MT8562ZR7iXz4v0BuarFatF3', '2021-01-26', 14, 0, 0),
('qI58MT8562ZR7iXz4v0BuarFatF3', '2021-01-26', 15, 1, 0),
('qI58MT8562ZR7iXz4v0BuarFatF3', '2021-01-26', 16, 3, 0),
('qI58MT8562ZR7iXz4v0BuarFatF3', '2021-01-26', 17, 2, 0),
('qI58MT8562ZR7iXz4v0BuarFatF3', '2021-01-26', 18, 0, 0),
('qI58MT8562ZR7iXz4v0BuarFatF3', '2021-01-26', 19, 0, 0),
('qI58MT8562ZR7iXz4v0BuarFatF3', '2021-01-26', 20, 0, 0),
('qI58MT8562ZR7iXz4v0BuarFatF3', '2021-01-26', 21, 2, 0),
('qI58MT8562ZR7iXz4v0BuarFatF3', '2021-01-26', 22, 0, 0),
('qI58MT8562ZR7iXz4v0BuarFatF3', '2021-01-26', 23, 0, 0),
('qI58MT8562ZR7iXz4v0BuarFatF3', '2021-01-26', 24, 0, 0),
('qI58MT8562ZR7iXz4v0BuarFatF3', '2021-01-26', 25, 3, 0),
('qI58MT8562ZR7iXz4v0BuarFatF3', '2021-01-26', 26, 2, 0),
('qI58MT8562ZR7iXz4v0BuarFatF3', '2021-01-26', 27, 2, 0),
('qI58MT8562ZR7iXz4v0BuarFatF3', '2021-01-26', 28, 0, 0),
('qT4wnzRruKW45emSXYKhniu80xF3', '2021-11-24', 1, 1, 0),
('qT4wnzRruKW45emSXYKhniu80xF3', '2021-11-24', 2, 1, 0),
('qT4wnzRruKW45emSXYKhniu80xF3', '2021-11-24', 3, 0, 0),
('qT4wnzRruKW45emSXYKhniu80xF3', '2021-11-24', 4, 0, 0),
('qT4wnzRruKW45emSXYKhniu80xF3', '2021-11-24', 5, 0, 0),
('qT4wnzRruKW45emSXYKhniu80xF3', '2021-11-24', 6, 0, 0),
('qT4wnzRruKW45emSXYKhniu80xF3', '2021-11-24', 7, 0, 0),
('qT4wnzRruKW45emSXYKhniu80xF3', '2021-11-24', 8, 2, 0),
('qT4wnzRruKW45emSXYKhniu80xF3', '2021-11-24', 9, 2, 0),
('qT4wnzRruKW45emSXYKhniu80xF3', '2021-11-24', 10, 4, 0),
('qT4wnzRruKW45emSXYKhniu80xF3', '2021-11-24', 11, 0, 0),
('qT4wnzRruKW45emSXYKhniu80xF3', '2021-11-24', 13, 0, 0),
('qT4wnzRruKW45emSXYKhniu80xF3', '2021-11-24', 14, 0, 0),
('qT4wnzRruKW45emSXYKhniu80xF3', '2021-11-24', 15, 1, 0),
('qT4wnzRruKW45emSXYKhniu80xF3', '2021-11-24', 16, 3, 0),
('qT4wnzRruKW45emSXYKhniu80xF3', '2021-11-24', 17, 2, 0),
('qT4wnzRruKW45emSXYKhniu80xF3', '2021-11-24', 18, 0, 0),
('qT4wnzRruKW45emSXYKhniu80xF3', '2021-11-24', 19, 0, 0),
('qT4wnzRruKW45emSXYKhniu80xF3', '2021-11-24', 20, 0, 0),
('qT4wnzRruKW45emSXYKhniu80xF3', '2021-11-24', 21, 2, 0),
('qT4wnzRruKW45emSXYKhniu80xF3', '2021-11-24', 22, 0, 0),
('qT4wnzRruKW45emSXYKhniu80xF3', '2021-11-24', 23, 0, 0),
('qT4wnzRruKW45emSXYKhniu80xF3', '2021-11-24', 24, 0, 0),
('qT4wnzRruKW45emSXYKhniu80xF3', '2021-11-24', 25, 3, 0),
('qT4wnzRruKW45emSXYKhniu80xF3', '2021-11-24', 26, 2, 0),
('qT4wnzRruKW45emSXYKhniu80xF3', '2021-11-24', 27, 2, 0),
('qT4wnzRruKW45emSXYKhniu80xF3', '2021-11-24', 28, 0, 0),
('qVOR6zyDbDaanUnr74mATbu2BKy1', '2021-02-22', 1, 1, 0),
('qVOR6zyDbDaanUnr74mATbu2BKy1', '2021-02-22', 2, 1, 0),
('qVOR6zyDbDaanUnr74mATbu2BKy1', '2021-02-22', 3, 0, 0),
('qVOR6zyDbDaanUnr74mATbu2BKy1', '2021-02-22', 4, 0, 0),
('qVOR6zyDbDaanUnr74mATbu2BKy1', '2021-02-22', 5, 0, 0),
('qVOR6zyDbDaanUnr74mATbu2BKy1', '2021-02-22', 6, 0, 0),
('qVOR6zyDbDaanUnr74mATbu2BKy1', '2021-02-22', 7, 0, 0),
('qVOR6zyDbDaanUnr74mATbu2BKy1', '2021-02-22', 8, 2, 0),
('qVOR6zyDbDaanUnr74mATbu2BKy1', '2021-02-22', 9, 2, 0),
('qVOR6zyDbDaanUnr74mATbu2BKy1', '2021-02-22', 10, 4, 0),
('qVOR6zyDbDaanUnr74mATbu2BKy1', '2021-02-22', 11, 0, 0),
('qVOR6zyDbDaanUnr74mATbu2BKy1', '2021-02-22', 13, 0, 0),
('qVOR6zyDbDaanUnr74mATbu2BKy1', '2021-02-22', 14, 0, 0),
('qVOR6zyDbDaanUnr74mATbu2BKy1', '2021-02-22', 15, 1, 0),
('qVOR6zyDbDaanUnr74mATbu2BKy1', '2021-02-22', 16, 3, 0),
('qVOR6zyDbDaanUnr74mATbu2BKy1', '2021-02-22', 17, 2, 0),
('qVOR6zyDbDaanUnr74mATbu2BKy1', '2021-02-22', 18, 0, 0),
('qVOR6zyDbDaanUnr74mATbu2BKy1', '2021-02-22', 19, 0, 0),
('qVOR6zyDbDaanUnr74mATbu2BKy1', '2021-02-22', 20, 0, 0),
('qVOR6zyDbDaanUnr74mATbu2BKy1', '2021-02-22', 21, 2, 0),
('qVOR6zyDbDaanUnr74mATbu2BKy1', '2021-02-22', 22, 0, 0),
('qVOR6zyDbDaanUnr74mATbu2BKy1', '2021-02-22', 23, 0, 0),
('qVOR6zyDbDaanUnr74mATbu2BKy1', '2021-02-22', 24, 0, 0),
('qVOR6zyDbDaanUnr74mATbu2BKy1', '2021-02-22', 25, 3, 0),
('qVOR6zyDbDaanUnr74mATbu2BKy1', '2021-02-22', 26, 2, 0),
('qVOR6zyDbDaanUnr74mATbu2BKy1', '2021-02-22', 27, 2, 0),
('qVOR6zyDbDaanUnr74mATbu2BKy1', '2021-02-22', 28, 0, 0),
('QxtwObTLP3U4LF2oBt5lHNQM5iq1', '2021-01-10', 1, 1, 0),
('QxtwObTLP3U4LF2oBt5lHNQM5iq1', '2021-01-10', 2, 1, 0),
('QxtwObTLP3U4LF2oBt5lHNQM5iq1', '2021-01-10', 3, 0, 0),
('QxtwObTLP3U4LF2oBt5lHNQM5iq1', '2021-01-10', 4, 0, 0),
('QxtwObTLP3U4LF2oBt5lHNQM5iq1', '2021-01-10', 5, 0, 0),
('QxtwObTLP3U4LF2oBt5lHNQM5iq1', '2021-01-10', 6, 0, 0),
('QxtwObTLP3U4LF2oBt5lHNQM5iq1', '2021-01-10', 7, 0, 0),
('QxtwObTLP3U4LF2oBt5lHNQM5iq1', '2021-01-10', 8, 2, 0),
('QxtwObTLP3U4LF2oBt5lHNQM5iq1', '2021-01-10', 9, 2, 0),
('QxtwObTLP3U4LF2oBt5lHNQM5iq1', '2021-01-10', 10, 4, 0),
('QxtwObTLP3U4LF2oBt5lHNQM5iq1', '2021-01-10', 11, 0, 0),
('QxtwObTLP3U4LF2oBt5lHNQM5iq1', '2021-01-10', 13, 0, 0),
('QxtwObTLP3U4LF2oBt5lHNQM5iq1', '2021-01-10', 14, 0, 0),
('QxtwObTLP3U4LF2oBt5lHNQM5iq1', '2021-01-10', 15, 1, 0),
('QxtwObTLP3U4LF2oBt5lHNQM5iq1', '2021-01-10', 16, 3, 0),
('QxtwObTLP3U4LF2oBt5lHNQM5iq1', '2021-01-10', 17, 2, 0),
('QxtwObTLP3U4LF2oBt5lHNQM5iq1', '2021-01-10', 18, 0, 0),
('QxtwObTLP3U4LF2oBt5lHNQM5iq1', '2021-01-10', 19, 0, 0),
('QxtwObTLP3U4LF2oBt5lHNQM5iq1', '2021-01-10', 20, 0, 0),
('QxtwObTLP3U4LF2oBt5lHNQM5iq1', '2021-01-10', 21, 2, 0),
('QxtwObTLP3U4LF2oBt5lHNQM5iq1', '2021-01-10', 22, 0, 0),
('QxtwObTLP3U4LF2oBt5lHNQM5iq1', '2021-01-10', 23, 0, 0),
('QxtwObTLP3U4LF2oBt5lHNQM5iq1', '2021-01-10', 24, 0, 0),
('QxtwObTLP3U4LF2oBt5lHNQM5iq1', '2021-01-10', 25, 3, 0),
('QxtwObTLP3U4LF2oBt5lHNQM5iq1', '2021-01-10', 26, 2, 0),
('QxtwObTLP3U4LF2oBt5lHNQM5iq1', '2021-01-10', 27, 2, 0),
('QxtwObTLP3U4LF2oBt5lHNQM5iq1', '2021-01-10', 28, 0, 0),
('qXyqNm2uerTR9DOyNh1GqimsT0h1', '2021-04-21', 1, 1, 1),
('qXyqNm2uerTR9DOyNh1GqimsT0h1', '2021-04-21', 2, 1, 1),
('qXyqNm2uerTR9DOyNh1GqimsT0h1', '2021-04-21', 3, 0, 0),
('qXyqNm2uerTR9DOyNh1GqimsT0h1', '2021-04-21', 4, 0, 0),
('qXyqNm2uerTR9DOyNh1GqimsT0h1', '2021-04-21', 5, 0, 0),
('qXyqNm2uerTR9DOyNh1GqimsT0h1', '2021-04-21', 6, 0, 0),
('qXyqNm2uerTR9DOyNh1GqimsT0h1', '2021-04-21', 7, 0, 0),
('qXyqNm2uerTR9DOyNh1GqimsT0h1', '2021-04-21', 8, 2, 0),
('qXyqNm2uerTR9DOyNh1GqimsT0h1', '2021-04-21', 9, 2, 0),
('qXyqNm2uerTR9DOyNh1GqimsT0h1', '2021-04-21', 10, 4, 0),
('qXyqNm2uerTR9DOyNh1GqimsT0h1', '2021-04-21', 11, 0, 0),
('qXyqNm2uerTR9DOyNh1GqimsT0h1', '2021-04-21', 13, 0, 0),
('qXyqNm2uerTR9DOyNh1GqimsT0h1', '2021-04-21', 14, 0, 0),
('qXyqNm2uerTR9DOyNh1GqimsT0h1', '2021-04-21', 15, 1, 0),
('qXyqNm2uerTR9DOyNh1GqimsT0h1', '2021-04-21', 16, 3, 0),
('qXyqNm2uerTR9DOyNh1GqimsT0h1', '2021-04-21', 17, 2, 0),
('qXyqNm2uerTR9DOyNh1GqimsT0h1', '2021-04-21', 18, 0, 0),
('qXyqNm2uerTR9DOyNh1GqimsT0h1', '2021-04-21', 19, 0, 0),
('qXyqNm2uerTR9DOyNh1GqimsT0h1', '2021-04-21', 20, 0, 0),
('qXyqNm2uerTR9DOyNh1GqimsT0h1', '2021-04-21', 21, 2, 0),
('qXyqNm2uerTR9DOyNh1GqimsT0h1', '2021-04-21', 22, 0, 0),
('qXyqNm2uerTR9DOyNh1GqimsT0h1', '2021-04-21', 23, 0, 0),
('qXyqNm2uerTR9DOyNh1GqimsT0h1', '2021-04-21', 24, 0, 0),
('qXyqNm2uerTR9DOyNh1GqimsT0h1', '2021-04-21', 25, 3, 0),
('qXyqNm2uerTR9DOyNh1GqimsT0h1', '2021-04-21', 26, 2, 0),
('qXyqNm2uerTR9DOyNh1GqimsT0h1', '2021-04-21', 27, 2, 0),
('qXyqNm2uerTR9DOyNh1GqimsT0h1', '2021-04-21', 28, 0, 0),
('qz7QAqdMYGfh0wffZBy4uA1vxPx1', '2022-03-31', 1, 1, 0),
('qz7QAqdMYGfh0wffZBy4uA1vxPx1', '2022-03-31', 2, 1, 0),
('qz7QAqdMYGfh0wffZBy4uA1vxPx1', '2022-03-31', 3, 0, 0),
('qz7QAqdMYGfh0wffZBy4uA1vxPx1', '2022-03-31', 4, 0, 0),
('qz7QAqdMYGfh0wffZBy4uA1vxPx1', '2022-03-31', 5, 0, 0),
('qz7QAqdMYGfh0wffZBy4uA1vxPx1', '2022-03-31', 6, 0, 0),
('qz7QAqdMYGfh0wffZBy4uA1vxPx1', '2022-03-31', 7, 0, 0),
('qz7QAqdMYGfh0wffZBy4uA1vxPx1', '2022-03-31', 8, 2, 0),
('qz7QAqdMYGfh0wffZBy4uA1vxPx1', '2022-03-31', 9, 2, 0),
('qz7QAqdMYGfh0wffZBy4uA1vxPx1', '2022-03-31', 10, 4, 0),
('qz7QAqdMYGfh0wffZBy4uA1vxPx1', '2022-03-31', 11, 0, 0),
('qz7QAqdMYGfh0wffZBy4uA1vxPx1', '2022-03-31', 13, 0, 0),
('qz7QAqdMYGfh0wffZBy4uA1vxPx1', '2022-03-31', 14, 0, 0),
('qz7QAqdMYGfh0wffZBy4uA1vxPx1', '2022-03-31', 15, 1, 0),
('qz7QAqdMYGfh0wffZBy4uA1vxPx1', '2022-03-31', 16, 3, 0),
('qz7QAqdMYGfh0wffZBy4uA1vxPx1', '2022-03-31', 17, 2, 0),
('qz7QAqdMYGfh0wffZBy4uA1vxPx1', '2022-03-31', 18, 0, 0),
('qz7QAqdMYGfh0wffZBy4uA1vxPx1', '2022-03-31', 19, 0, 0),
('qz7QAqdMYGfh0wffZBy4uA1vxPx1', '2022-03-31', 20, 0, 0),
('qz7QAqdMYGfh0wffZBy4uA1vxPx1', '2022-03-31', 21, 2, 0),
('qz7QAqdMYGfh0wffZBy4uA1vxPx1', '2022-03-31', 22, 0, 0),
('qz7QAqdMYGfh0wffZBy4uA1vxPx1', '2022-03-31', 23, 0, 0),
('qz7QAqdMYGfh0wffZBy4uA1vxPx1', '2022-03-31', 24, 0, 0),
('qz7QAqdMYGfh0wffZBy4uA1vxPx1', '2022-03-31', 25, 3, 0),
('qz7QAqdMYGfh0wffZBy4uA1vxPx1', '2022-03-31', 26, 2, 0),
('qz7QAqdMYGfh0wffZBy4uA1vxPx1', '2022-03-31', 27, 2, 0),
('qz7QAqdMYGfh0wffZBy4uA1vxPx1', '2022-03-31', 28, 0, 0),
('rg1sSmvoTZaWWAMRjkl7YjUGSH42', '2021-05-06', 1, 1, 0),
('rg1sSmvoTZaWWAMRjkl7YjUGSH42', '2021-05-06', 2, 1, 0),
('rg1sSmvoTZaWWAMRjkl7YjUGSH42', '2021-05-06', 3, 0, 0),
('rg1sSmvoTZaWWAMRjkl7YjUGSH42', '2021-05-06', 4, 0, 0),
('rg1sSmvoTZaWWAMRjkl7YjUGSH42', '2021-05-06', 5, 0, 0),
('rg1sSmvoTZaWWAMRjkl7YjUGSH42', '2021-05-06', 6, 0, 0),
('rg1sSmvoTZaWWAMRjkl7YjUGSH42', '2021-05-06', 7, 0, 0),
('rg1sSmvoTZaWWAMRjkl7YjUGSH42', '2021-05-06', 8, 2, 0),
('rg1sSmvoTZaWWAMRjkl7YjUGSH42', '2021-05-06', 9, 2, 0),
('rg1sSmvoTZaWWAMRjkl7YjUGSH42', '2021-05-06', 10, 4, 0),
('rg1sSmvoTZaWWAMRjkl7YjUGSH42', '2021-05-06', 11, 0, 0),
('rg1sSmvoTZaWWAMRjkl7YjUGSH42', '2021-05-06', 13, 0, 0),
('rg1sSmvoTZaWWAMRjkl7YjUGSH42', '2021-05-06', 14, 0, 0),
('rg1sSmvoTZaWWAMRjkl7YjUGSH42', '2021-05-06', 15, 1, 0),
('rg1sSmvoTZaWWAMRjkl7YjUGSH42', '2021-05-06', 16, 3, 0),
('rg1sSmvoTZaWWAMRjkl7YjUGSH42', '2021-05-06', 17, 2, 0),
('rg1sSmvoTZaWWAMRjkl7YjUGSH42', '2021-05-06', 18, 0, 0),
('rg1sSmvoTZaWWAMRjkl7YjUGSH42', '2021-05-06', 19, 0, 0),
('rg1sSmvoTZaWWAMRjkl7YjUGSH42', '2021-05-06', 20, 0, 0),
('rg1sSmvoTZaWWAMRjkl7YjUGSH42', '2021-05-06', 21, 2, 0),
('rg1sSmvoTZaWWAMRjkl7YjUGSH42', '2021-05-06', 22, 0, 0),
('rg1sSmvoTZaWWAMRjkl7YjUGSH42', '2021-05-06', 23, 0, 0),
('rg1sSmvoTZaWWAMRjkl7YjUGSH42', '2021-05-06', 24, 0, 0),
('rg1sSmvoTZaWWAMRjkl7YjUGSH42', '2021-05-06', 25, 3, 0),
('rg1sSmvoTZaWWAMRjkl7YjUGSH42', '2021-05-06', 26, 2, 0),
('rg1sSmvoTZaWWAMRjkl7YjUGSH42', '2021-05-06', 27, 2, 0),
('rg1sSmvoTZaWWAMRjkl7YjUGSH42', '2021-05-06', 28, 0, 0),
('rKmL7mpyl5duBt5f5C6LWESmVNR2', '2021-01-16', 1, 1, 0),
('rKmL7mpyl5duBt5f5C6LWESmVNR2', '2021-01-16', 2, 1, 0),
('rKmL7mpyl5duBt5f5C6LWESmVNR2', '2021-01-16', 3, 0, 0),
('rKmL7mpyl5duBt5f5C6LWESmVNR2', '2021-01-16', 4, 0, 0),
('rKmL7mpyl5duBt5f5C6LWESmVNR2', '2021-01-16', 5, 0, 0),
('rKmL7mpyl5duBt5f5C6LWESmVNR2', '2021-01-16', 6, 0, 0),
('rKmL7mpyl5duBt5f5C6LWESmVNR2', '2021-01-16', 7, 0, 0),
('rKmL7mpyl5duBt5f5C6LWESmVNR2', '2021-01-16', 8, 2, 0),
('rKmL7mpyl5duBt5f5C6LWESmVNR2', '2021-01-16', 9, 2, 0),
('rKmL7mpyl5duBt5f5C6LWESmVNR2', '2021-01-16', 10, 4, 0),
('rKmL7mpyl5duBt5f5C6LWESmVNR2', '2021-01-16', 11, 0, 0),
('rKmL7mpyl5duBt5f5C6LWESmVNR2', '2021-01-16', 13, 0, 0),
('rKmL7mpyl5duBt5f5C6LWESmVNR2', '2021-01-16', 14, 0, 0),
('rKmL7mpyl5duBt5f5C6LWESmVNR2', '2021-01-16', 15, 1, 0),
('rKmL7mpyl5duBt5f5C6LWESmVNR2', '2021-01-16', 16, 3, 0),
('rKmL7mpyl5duBt5f5C6LWESmVNR2', '2021-01-16', 17, 2, 0),
('rKmL7mpyl5duBt5f5C6LWESmVNR2', '2021-01-16', 18, 0, 0),
('rKmL7mpyl5duBt5f5C6LWESmVNR2', '2021-01-16', 19, 0, 0),
('rKmL7mpyl5duBt5f5C6LWESmVNR2', '2021-01-16', 20, 0, 0),
('rKmL7mpyl5duBt5f5C6LWESmVNR2', '2021-01-16', 21, 2, 0),
('rKmL7mpyl5duBt5f5C6LWESmVNR2', '2021-01-16', 22, 0, 0),
('rKmL7mpyl5duBt5f5C6LWESmVNR2', '2021-01-16', 23, 0, 0),
('rKmL7mpyl5duBt5f5C6LWESmVNR2', '2021-01-16', 24, 0, 0),
('rKmL7mpyl5duBt5f5C6LWESmVNR2', '2021-01-16', 25, 3, 0),
('rKmL7mpyl5duBt5f5C6LWESmVNR2', '2021-01-16', 26, 2, 0),
('rKmL7mpyl5duBt5f5C6LWESmVNR2', '2021-01-16', 27, 2, 0),
('rKmL7mpyl5duBt5f5C6LWESmVNR2', '2021-01-16', 28, 0, 0),
('rM7HKoEkjCVXbHDCH3GE5LHu2ez1', '2021-01-04', 1, 1, 1),
('rM7HKoEkjCVXbHDCH3GE5LHu2ez1', '2021-01-04', 2, 1, 1),
('rM7HKoEkjCVXbHDCH3GE5LHu2ez1', '2021-01-04', 3, 1, 1),
('rM7HKoEkjCVXbHDCH3GE5LHu2ez1', '2022-03-20', 4, 1, 1),
('rM7HKoEkjCVXbHDCH3GE5LHu2ez1', '2021-05-06', 5, 1, 1),
('rM7HKoEkjCVXbHDCH3GE5LHu2ez1', '2021-01-04', 6, 2, 1),
('rM7HKoEkjCVXbHDCH3GE5LHu2ez1', '2021-04-13', 7, 0, 1),
('rM7HKoEkjCVXbHDCH3GE5LHu2ez1', '2021-01-04', 8, 2, 0),
('rM7HKoEkjCVXbHDCH3GE5LHu2ez1', '2022-03-20', 9, 2, 1),
('rM7HKoEkjCVXbHDCH3GE5LHu2ez1', '2021-01-04', 10, 4, 1),
('rM7HKoEkjCVXbHDCH3GE5LHu2ez1', '2022-03-20', 11, NULL, 1),
('rM7HKoEkjCVXbHDCH3GE5LHu2ez1', '2021-04-13', 13, 2, 1),
('rM7HKoEkjCVXbHDCH3GE5LHu2ez1', '2022-03-20', 14, 2, 1),
('rM7HKoEkjCVXbHDCH3GE5LHu2ez1', '2022-03-20', 15, 1, 1),
('rM7HKoEkjCVXbHDCH3GE5LHu2ez1', '2021-01-04', 16, 3, 0),
('rM7HKoEkjCVXbHDCH3GE5LHu2ez1', '2021-01-04', 17, 2, 0),
('rM7HKoEkjCVXbHDCH3GE5LHu2ez1', '2021-05-02', 18, 0, 1),
('rM7HKoEkjCVXbHDCH3GE5LHu2ez1', '2021-01-04', 19, 0, 0),
('rM7HKoEkjCVXbHDCH3GE5LHu2ez1', '2021-01-04', 20, 0, 0),
('rM7HKoEkjCVXbHDCH3GE5LHu2ez1', '2021-01-04', 21, 2, 0),
('rM7HKoEkjCVXbHDCH3GE5LHu2ez1', '2021-05-02', 22, 0, 1),
('rM7HKoEkjCVXbHDCH3GE5LHu2ez1', '2022-03-20', 23, 3, 1),
('rM7HKoEkjCVXbHDCH3GE5LHu2ez1', '2022-03-20', 24, 1, 1),
('rM7HKoEkjCVXbHDCH3GE5LHu2ez1', '2022-03-20', 25, 3, 0),
('rM7HKoEkjCVXbHDCH3GE5LHu2ez1', '2022-03-20', 26, 2, 1),
('rM7HKoEkjCVXbHDCH3GE5LHu2ez1', '2022-03-20', 27, 2, 1),
('rM7HKoEkjCVXbHDCH3GE5LHu2ez1', '2022-03-20', 28, 2, 1),
('RMeCsoKX7gdj5Mdq2Yow5WMd3mz2', '2021-04-21', 1, 1, 0),
('RMeCsoKX7gdj5Mdq2Yow5WMd3mz2', '2021-04-21', 2, 1, 0),
('RMeCsoKX7gdj5Mdq2Yow5WMd3mz2', '2021-04-21', 3, 0, 0),
('RMeCsoKX7gdj5Mdq2Yow5WMd3mz2', '2021-04-21', 4, 0, 0),
('RMeCsoKX7gdj5Mdq2Yow5WMd3mz2', '2021-04-21', 5, 0, 0),
('RMeCsoKX7gdj5Mdq2Yow5WMd3mz2', '2021-04-21', 6, 0, 0),
('RMeCsoKX7gdj5Mdq2Yow5WMd3mz2', '2021-04-21', 7, 0, 0),
('RMeCsoKX7gdj5Mdq2Yow5WMd3mz2', '2021-04-21', 8, 2, 0),
('RMeCsoKX7gdj5Mdq2Yow5WMd3mz2', '2021-04-21', 9, 2, 0),
('RMeCsoKX7gdj5Mdq2Yow5WMd3mz2', '2021-04-21', 10, 4, 0),
('RMeCsoKX7gdj5Mdq2Yow5WMd3mz2', '2021-04-21', 11, 0, 0),
('RMeCsoKX7gdj5Mdq2Yow5WMd3mz2', '2021-04-21', 13, 0, 0),
('RMeCsoKX7gdj5Mdq2Yow5WMd3mz2', '2021-04-21', 14, 0, 0),
('RMeCsoKX7gdj5Mdq2Yow5WMd3mz2', '2021-04-21', 15, 1, 0),
('RMeCsoKX7gdj5Mdq2Yow5WMd3mz2', '2021-04-21', 16, 3, 0),
('RMeCsoKX7gdj5Mdq2Yow5WMd3mz2', '2021-04-21', 17, 2, 0),
('RMeCsoKX7gdj5Mdq2Yow5WMd3mz2', '2021-04-21', 18, 0, 0),
('RMeCsoKX7gdj5Mdq2Yow5WMd3mz2', '2021-04-21', 19, 0, 0),
('RMeCsoKX7gdj5Mdq2Yow5WMd3mz2', '2021-04-21', 20, 0, 0),
('RMeCsoKX7gdj5Mdq2Yow5WMd3mz2', '2021-04-21', 21, 2, 0),
('RMeCsoKX7gdj5Mdq2Yow5WMd3mz2', '2021-04-21', 22, 0, 0),
('RMeCsoKX7gdj5Mdq2Yow5WMd3mz2', '2021-04-21', 23, 0, 0),
('RMeCsoKX7gdj5Mdq2Yow5WMd3mz2', '2021-04-21', 24, 0, 0),
('RMeCsoKX7gdj5Mdq2Yow5WMd3mz2', '2021-04-21', 25, 3, 0),
('RMeCsoKX7gdj5Mdq2Yow5WMd3mz2', '2021-04-21', 26, 2, 0),
('RMeCsoKX7gdj5Mdq2Yow5WMd3mz2', '2021-04-21', 27, 2, 0),
('RMeCsoKX7gdj5Mdq2Yow5WMd3mz2', '2021-04-21', 28, 0, 0),
('Rqy5aRqlEoa0ACOuhfPk4Uj0uwm2', '2022-02-24', 1, 1, 0),
('Rqy5aRqlEoa0ACOuhfPk4Uj0uwm2', '2022-02-24', 2, 1, 0),
('Rqy5aRqlEoa0ACOuhfPk4Uj0uwm2', '2022-02-24', 3, 0, 0),
('Rqy5aRqlEoa0ACOuhfPk4Uj0uwm2', '2022-02-24', 4, 0, 0),
('Rqy5aRqlEoa0ACOuhfPk4Uj0uwm2', '2022-02-24', 5, 0, 0),
('Rqy5aRqlEoa0ACOuhfPk4Uj0uwm2', '2022-02-24', 6, 0, 0),
('Rqy5aRqlEoa0ACOuhfPk4Uj0uwm2', '2022-02-24', 7, 0, 0),
('Rqy5aRqlEoa0ACOuhfPk4Uj0uwm2', '2022-02-24', 8, 2, 0),
('Rqy5aRqlEoa0ACOuhfPk4Uj0uwm2', '2022-02-24', 9, 2, 0),
('Rqy5aRqlEoa0ACOuhfPk4Uj0uwm2', '2022-02-24', 10, 4, 0),
('Rqy5aRqlEoa0ACOuhfPk4Uj0uwm2', '2022-02-24', 11, 0, 0),
('Rqy5aRqlEoa0ACOuhfPk4Uj0uwm2', '2022-02-24', 13, 0, 0),
('Rqy5aRqlEoa0ACOuhfPk4Uj0uwm2', '2022-02-24', 14, 0, 0),
('Rqy5aRqlEoa0ACOuhfPk4Uj0uwm2', '2022-02-24', 15, 1, 0),
('Rqy5aRqlEoa0ACOuhfPk4Uj0uwm2', '2022-02-24', 16, 3, 0),
('Rqy5aRqlEoa0ACOuhfPk4Uj0uwm2', '2022-02-24', 17, 2, 0),
('Rqy5aRqlEoa0ACOuhfPk4Uj0uwm2', '2022-02-24', 18, 0, 0),
('Rqy5aRqlEoa0ACOuhfPk4Uj0uwm2', '2022-02-24', 19, 0, 0),
('Rqy5aRqlEoa0ACOuhfPk4Uj0uwm2', '2022-02-24', 20, 0, 0),
('Rqy5aRqlEoa0ACOuhfPk4Uj0uwm2', '2022-02-24', 21, 2, 0),
('Rqy5aRqlEoa0ACOuhfPk4Uj0uwm2', '2022-02-24', 22, 0, 0),
('Rqy5aRqlEoa0ACOuhfPk4Uj0uwm2', '2022-02-24', 23, 0, 0),
('Rqy5aRqlEoa0ACOuhfPk4Uj0uwm2', '2022-02-24', 24, 0, 0),
('Rqy5aRqlEoa0ACOuhfPk4Uj0uwm2', '2022-02-24', 25, 3, 0),
('Rqy5aRqlEoa0ACOuhfPk4Uj0uwm2', '2022-02-24', 26, 2, 0),
('Rqy5aRqlEoa0ACOuhfPk4Uj0uwm2', '2022-02-24', 27, 2, 0),
('Rqy5aRqlEoa0ACOuhfPk4Uj0uwm2', '2022-02-24', 28, 0, 0),
('rurUF8WQKITIIdoQjym1Vd74W8F3', '2021-04-19', 1, 1, 0),
('rurUF8WQKITIIdoQjym1Vd74W8F3', '2021-04-19', 2, 1, 0),
('rurUF8WQKITIIdoQjym1Vd74W8F3', '2021-04-19', 3, 0, 0),
('rurUF8WQKITIIdoQjym1Vd74W8F3', '2021-04-19', 4, 0, 0),
('rurUF8WQKITIIdoQjym1Vd74W8F3', '2021-04-19', 5, 0, 0),
('rurUF8WQKITIIdoQjym1Vd74W8F3', '2021-04-19', 6, 0, 0),
('rurUF8WQKITIIdoQjym1Vd74W8F3', '2021-04-19', 7, 0, 0),
('rurUF8WQKITIIdoQjym1Vd74W8F3', '2021-04-19', 8, 2, 0),
('rurUF8WQKITIIdoQjym1Vd74W8F3', '2021-04-19', 9, 2, 0),
('rurUF8WQKITIIdoQjym1Vd74W8F3', '2021-04-19', 10, 4, 0),
('rurUF8WQKITIIdoQjym1Vd74W8F3', '2021-04-19', 11, 0, 0),
('rurUF8WQKITIIdoQjym1Vd74W8F3', '2021-04-19', 13, 0, 0),
('rurUF8WQKITIIdoQjym1Vd74W8F3', '2021-04-19', 14, 0, 0),
('rurUF8WQKITIIdoQjym1Vd74W8F3', '2021-04-19', 15, 1, 0),
('rurUF8WQKITIIdoQjym1Vd74W8F3', '2021-04-19', 16, 3, 0),
('rurUF8WQKITIIdoQjym1Vd74W8F3', '2021-04-19', 17, 2, 0),
('rurUF8WQKITIIdoQjym1Vd74W8F3', '2021-04-19', 18, 0, 0),
('rurUF8WQKITIIdoQjym1Vd74W8F3', '2021-04-19', 19, 0, 0),
('rurUF8WQKITIIdoQjym1Vd74W8F3', '2021-04-19', 20, 0, 0),
('rurUF8WQKITIIdoQjym1Vd74W8F3', '2021-04-19', 21, 2, 0),
('rurUF8WQKITIIdoQjym1Vd74W8F3', '2021-04-19', 22, 0, 0),
('rurUF8WQKITIIdoQjym1Vd74W8F3', '2021-04-19', 23, 0, 0),
('rurUF8WQKITIIdoQjym1Vd74W8F3', '2021-04-19', 24, 0, 0),
('rurUF8WQKITIIdoQjym1Vd74W8F3', '2021-04-19', 25, 3, 0),
('rurUF8WQKITIIdoQjym1Vd74W8F3', '2021-04-19', 26, 2, 0),
('rurUF8WQKITIIdoQjym1Vd74W8F3', '2021-04-19', 27, 2, 0),
('rurUF8WQKITIIdoQjym1Vd74W8F3', '2021-04-19', 28, 0, 0),
('rzH2S3a70zNHng6riSte8vJD78R2', '2021-03-25', 1, 1, 1),
('rzH2S3a70zNHng6riSte8vJD78R2', '2021-03-25', 2, 1, 1),
('rzH2S3a70zNHng6riSte8vJD78R2', '2021-03-25', 3, 1, 1),
('rzH2S3a70zNHng6riSte8vJD78R2', '2021-03-25', 4, 1, 1),
('rzH2S3a70zNHng6riSte8vJD78R2', '2021-03-25', 5, 2, 1),
('rzH2S3a70zNHng6riSte8vJD78R2', '2021-03-25', 6, 2, 1),
('rzH2S3a70zNHng6riSte8vJD78R2', '2021-03-25', 7, 0, 0),
('rzH2S3a70zNHng6riSte8vJD78R2', '2021-03-25', 8, 2, 0),
('rzH2S3a70zNHng6riSte8vJD78R2', '2021-03-25', 9, 2, 0),
('rzH2S3a70zNHng6riSte8vJD78R2', '2021-03-25', 10, 4, 0),
('rzH2S3a70zNHng6riSte8vJD78R2', '2021-03-25', 11, 0, 0),
('rzH2S3a70zNHng6riSte8vJD78R2', '2021-03-25', 13, 0, 0),
('rzH2S3a70zNHng6riSte8vJD78R2', '2021-03-25', 14, 0, 0),
('rzH2S3a70zNHng6riSte8vJD78R2', '2021-03-25', 15, 1, 0),
('rzH2S3a70zNHng6riSte8vJD78R2', '2021-03-25', 16, 3, 0),
('rzH2S3a70zNHng6riSte8vJD78R2', '2021-03-25', 17, 2, 0),
('rzH2S3a70zNHng6riSte8vJD78R2', '2021-03-25', 18, 0, 0),
('rzH2S3a70zNHng6riSte8vJD78R2', '2021-03-25', 19, 0, 0),
('rzH2S3a70zNHng6riSte8vJD78R2', '2021-03-25', 20, 0, 0),
('rzH2S3a70zNHng6riSte8vJD78R2', '2021-03-25', 21, 2, 0),
('rzH2S3a70zNHng6riSte8vJD78R2', '2021-03-25', 22, 0, 0),
('rzH2S3a70zNHng6riSte8vJD78R2', '2021-03-25', 23, 0, 0),
('rzH2S3a70zNHng6riSte8vJD78R2', '2021-03-25', 24, 0, 0),
('rzH2S3a70zNHng6riSte8vJD78R2', '2021-03-25', 25, 3, 0),
('rzH2S3a70zNHng6riSte8vJD78R2', '2021-03-25', 26, 2, 0),
('rzH2S3a70zNHng6riSte8vJD78R2', '2021-03-25', 27, 2, 0),
('rzH2S3a70zNHng6riSte8vJD78R2', '2021-03-25', 28, 0, 0),
('scogk9yuBjMZ8xwTX4vZyRw4mKt1', '2021-01-01', 1, 1, 0),
('scogk9yuBjMZ8xwTX4vZyRw4mKt1', '2021-01-01', 2, 1, 0),
('scogk9yuBjMZ8xwTX4vZyRw4mKt1', '2021-01-01', 3, 0, 0),
('scogk9yuBjMZ8xwTX4vZyRw4mKt1', '2021-01-01', 4, 0, 0),
('scogk9yuBjMZ8xwTX4vZyRw4mKt1', '2021-01-02', 5, 0, 1),
('scogk9yuBjMZ8xwTX4vZyRw4mKt1', '2021-01-01', 6, 0, 0),
('scogk9yuBjMZ8xwTX4vZyRw4mKt1', '2021-01-02', 7, 0, 1),
('scogk9yuBjMZ8xwTX4vZyRw4mKt1', '2021-01-02', 8, 2, 1),
('scogk9yuBjMZ8xwTX4vZyRw4mKt1', '2021-01-01', 9, 2, 0),
('scogk9yuBjMZ8xwTX4vZyRw4mKt1', '2021-01-01', 10, 4, 0),
('scogk9yuBjMZ8xwTX4vZyRw4mKt1', '2021-01-01', 11, 0, 0),
('scogk9yuBjMZ8xwTX4vZyRw4mKt1', '2021-01-01', 13, 0, 0),
('scogk9yuBjMZ8xwTX4vZyRw4mKt1', '2021-01-01', 14, 0, 0),
('scogk9yuBjMZ8xwTX4vZyRw4mKt1', '2021-01-01', 15, 1, 0),
('scogk9yuBjMZ8xwTX4vZyRw4mKt1', '2021-01-01', 16, 3, 0),
('scogk9yuBjMZ8xwTX4vZyRw4mKt1', '2021-01-01', 17, 2, 0),
('scogk9yuBjMZ8xwTX4vZyRw4mKt1', '2021-01-01', 18, 0, 0),
('scogk9yuBjMZ8xwTX4vZyRw4mKt1', '2021-01-01', 19, 0, 0),
('scogk9yuBjMZ8xwTX4vZyRw4mKt1', '2021-01-01', 20, 0, 0),
('scogk9yuBjMZ8xwTX4vZyRw4mKt1', '2021-01-01', 21, 2, 0),
('scogk9yuBjMZ8xwTX4vZyRw4mKt1', '2021-01-01', 22, 0, 0),
('scogk9yuBjMZ8xwTX4vZyRw4mKt1', '2021-01-01', 23, 0, 0),
('scogk9yuBjMZ8xwTX4vZyRw4mKt1', '2021-01-01', 24, 0, 0),
('scogk9yuBjMZ8xwTX4vZyRw4mKt1', '2021-01-01', 25, 3, 0),
('scogk9yuBjMZ8xwTX4vZyRw4mKt1', '2021-01-01', 26, 2, 0),
('scogk9yuBjMZ8xwTX4vZyRw4mKt1', '2021-01-01', 27, 2, 0),
('scogk9yuBjMZ8xwTX4vZyRw4mKt1', '2021-01-01', 28, 0, 1),
('SdLpbVit4ET6WjwULZQSnHRelJd2', '2021-01-05', 1, 1, 0),
('SdLpbVit4ET6WjwULZQSnHRelJd2', '2021-01-05', 2, 1, 1),
('SdLpbVit4ET6WjwULZQSnHRelJd2', '2021-01-05', 3, 0, 1),
('SdLpbVit4ET6WjwULZQSnHRelJd2', '2021-01-05', 4, 0, 1),
('SdLpbVit4ET6WjwULZQSnHRelJd2', '2021-01-05', 5, 2, 1),
('SdLpbVit4ET6WjwULZQSnHRelJd2', '2021-01-05', 6, 2, 1),
('SdLpbVit4ET6WjwULZQSnHRelJd2', '2021-01-05', 7, 2, 1),
('SdLpbVit4ET6WjwULZQSnHRelJd2', '2021-01-05', 8, 2, 1),
('SdLpbVit4ET6WjwULZQSnHRelJd2', '2021-01-05', 9, 2, 1),
('SdLpbVit4ET6WjwULZQSnHRelJd2', '2021-01-05', 10, 4, 1),
('SdLpbVit4ET6WjwULZQSnHRelJd2', '2021-01-06', 11, 0, 1),
('SdLpbVit4ET6WjwULZQSnHRelJd2', '2021-01-05', 13, 2, 1),
('SdLpbVit4ET6WjwULZQSnHRelJd2', '2021-01-05', 14, 2, 1),
('SdLpbVit4ET6WjwULZQSnHRelJd2', '2021-01-06', 15, 1, 1),
('SdLpbVit4ET6WjwULZQSnHRelJd2', '2021-01-06', 16, 3, 1),
('SdLpbVit4ET6WjwULZQSnHRelJd2', '2021-01-06', 17, 2, 1),
('SdLpbVit4ET6WjwULZQSnHRelJd2', '2021-01-21', 18, 2, 1),
('SdLpbVit4ET6WjwULZQSnHRelJd2', '2021-01-21', 19, 1, 1),
('SdLpbVit4ET6WjwULZQSnHRelJd2', '2021-01-21', 20, 2, 1),
('SdLpbVit4ET6WjwULZQSnHRelJd2', '2021-01-21', 21, 2, 1),
('SdLpbVit4ET6WjwULZQSnHRelJd2', '2021-01-21', 22, 1, 1),
('SdLpbVit4ET6WjwULZQSnHRelJd2', '2021-05-20', 23, 11, 1),
('SdLpbVit4ET6WjwULZQSnHRelJd2', '2021-05-20', 24, 13, 1),
('SdLpbVit4ET6WjwULZQSnHRelJd2', '2021-01-05', 25, 3, 0),
('SdLpbVit4ET6WjwULZQSnHRelJd2', '2021-01-06', 26, 2, 1),
('SdLpbVit4ET6WjwULZQSnHRelJd2', '2021-01-05', 27, 2, 0),
('SdLpbVit4ET6WjwULZQSnHRelJd2', '2021-01-05', 28, 0, 0),
('sHJk46oxSLaQK8JQCxoO34z5D2n2', '2021-04-19', 1, 1, 0),
('sHJk46oxSLaQK8JQCxoO34z5D2n2', '2021-04-19', 2, 1, 0),
('sHJk46oxSLaQK8JQCxoO34z5D2n2', '2021-04-19', 3, 0, 0),
('sHJk46oxSLaQK8JQCxoO34z5D2n2', '2021-04-19', 4, 0, 0),
('sHJk46oxSLaQK8JQCxoO34z5D2n2', '2021-04-19', 5, 0, 0),
('sHJk46oxSLaQK8JQCxoO34z5D2n2', '2021-04-19', 6, 0, 0),
('sHJk46oxSLaQK8JQCxoO34z5D2n2', '2021-04-19', 7, 0, 0),
('sHJk46oxSLaQK8JQCxoO34z5D2n2', '2021-04-19', 8, 2, 0),
('sHJk46oxSLaQK8JQCxoO34z5D2n2', '2021-04-19', 9, 2, 0),
('sHJk46oxSLaQK8JQCxoO34z5D2n2', '2021-04-19', 10, 4, 0),
('sHJk46oxSLaQK8JQCxoO34z5D2n2', '2021-04-19', 11, 0, 0),
('sHJk46oxSLaQK8JQCxoO34z5D2n2', '2021-04-19', 13, 0, 0),
('sHJk46oxSLaQK8JQCxoO34z5D2n2', '2021-04-19', 14, 0, 0),
('sHJk46oxSLaQK8JQCxoO34z5D2n2', '2021-04-19', 15, 1, 0),
('sHJk46oxSLaQK8JQCxoO34z5D2n2', '2021-04-19', 16, 3, 0),
('sHJk46oxSLaQK8JQCxoO34z5D2n2', '2021-04-19', 17, 2, 0),
('sHJk46oxSLaQK8JQCxoO34z5D2n2', '2021-04-19', 18, 0, 0),
('sHJk46oxSLaQK8JQCxoO34z5D2n2', '2021-04-19', 19, 0, 0),
('sHJk46oxSLaQK8JQCxoO34z5D2n2', '2021-04-19', 20, 0, 0),
('sHJk46oxSLaQK8JQCxoO34z5D2n2', '2021-04-19', 21, 2, 0),
('sHJk46oxSLaQK8JQCxoO34z5D2n2', '2021-04-19', 22, 0, 0),
('sHJk46oxSLaQK8JQCxoO34z5D2n2', '2021-04-19', 23, 0, 0),
('sHJk46oxSLaQK8JQCxoO34z5D2n2', '2021-04-19', 24, 0, 0),
('sHJk46oxSLaQK8JQCxoO34z5D2n2', '2021-04-19', 25, 3, 0),
('sHJk46oxSLaQK8JQCxoO34z5D2n2', '2021-04-19', 26, 2, 0),
('sHJk46oxSLaQK8JQCxoO34z5D2n2', '2021-04-19', 27, 2, 0),
('sHJk46oxSLaQK8JQCxoO34z5D2n2', '2021-04-19', 28, 0, 0),
('Sjy5o4Sg0vUwkRDece2xe47iNTr1', '2021-01-01', 1, 1, 0),
('Sjy5o4Sg0vUwkRDece2xe47iNTr1', '2021-01-01', 2, 1, 0),
('Sjy5o4Sg0vUwkRDece2xe47iNTr1', '2021-01-01', 3, 0, 0),
('Sjy5o4Sg0vUwkRDece2xe47iNTr1', '2021-01-01', 4, 0, 0),
('Sjy5o4Sg0vUwkRDece2xe47iNTr1', '2021-01-01', 5, 0, 0),
('Sjy5o4Sg0vUwkRDece2xe47iNTr1', '2021-01-01', 6, 0, 0),
('Sjy5o4Sg0vUwkRDece2xe47iNTr1', '2021-01-01', 7, 0, 0),
('Sjy5o4Sg0vUwkRDece2xe47iNTr1', '2021-01-01', 8, 2, 0),
('Sjy5o4Sg0vUwkRDece2xe47iNTr1', '2021-01-01', 9, 2, 0),
('Sjy5o4Sg0vUwkRDece2xe47iNTr1', '2021-01-01', 10, 4, 0),
('Sjy5o4Sg0vUwkRDece2xe47iNTr1', '2021-01-01', 11, 0, 0),
('Sjy5o4Sg0vUwkRDece2xe47iNTr1', '2021-01-01', 13, 0, 0),
('Sjy5o4Sg0vUwkRDece2xe47iNTr1', '2021-01-01', 14, 0, 0),
('Sjy5o4Sg0vUwkRDece2xe47iNTr1', '2021-01-01', 15, 1, 0),
('Sjy5o4Sg0vUwkRDece2xe47iNTr1', '2021-01-01', 16, 3, 0),
('Sjy5o4Sg0vUwkRDece2xe47iNTr1', '2021-01-01', 17, 2, 0),
('Sjy5o4Sg0vUwkRDece2xe47iNTr1', '2021-01-01', 18, 0, 0),
('Sjy5o4Sg0vUwkRDece2xe47iNTr1', '2021-01-01', 19, 0, 0),
('Sjy5o4Sg0vUwkRDece2xe47iNTr1', '2021-01-01', 20, 0, 0),
('Sjy5o4Sg0vUwkRDece2xe47iNTr1', '2021-01-01', 21, 2, 0),
('Sjy5o4Sg0vUwkRDece2xe47iNTr1', '2021-01-01', 22, 0, 0),
('Sjy5o4Sg0vUwkRDece2xe47iNTr1', '2021-01-01', 23, 0, 0),
('Sjy5o4Sg0vUwkRDece2xe47iNTr1', '2021-01-01', 24, 0, 0),
('Sjy5o4Sg0vUwkRDece2xe47iNTr1', '2021-01-01', 25, 3, 0),
('Sjy5o4Sg0vUwkRDece2xe47iNTr1', '2021-01-01', 26, 2, 0),
('Sjy5o4Sg0vUwkRDece2xe47iNTr1', '2021-01-01', 27, 2, 0),
('Sjy5o4Sg0vUwkRDece2xe47iNTr1', '2021-01-01', 28, 0, 0),
('SOPzXW9IOTNG9o8UEt1NL3lbnnv2', '2021-01-11', 1, 1, 0),
('SOPzXW9IOTNG9o8UEt1NL3lbnnv2', '2021-01-11', 2, 1, 0),
('SOPzXW9IOTNG9o8UEt1NL3lbnnv2', '2021-01-17', 3, 1, 1),
('SOPzXW9IOTNG9o8UEt1NL3lbnnv2', '2021-01-11', 4, 0, 0),
('SOPzXW9IOTNG9o8UEt1NL3lbnnv2', '2021-01-11', 5, 0, 0),
('SOPzXW9IOTNG9o8UEt1NL3lbnnv2', '2021-01-17', 6, 2, 1),
('SOPzXW9IOTNG9o8UEt1NL3lbnnv2', '2021-01-11', 7, 0, 0),
('SOPzXW9IOTNG9o8UEt1NL3lbnnv2', '2021-01-11', 8, 2, 0),
('SOPzXW9IOTNG9o8UEt1NL3lbnnv2', '2021-01-17', 9, 2, 1),
('SOPzXW9IOTNG9o8UEt1NL3lbnnv2', '2021-01-17', 10, 4, 1),
('SOPzXW9IOTNG9o8UEt1NL3lbnnv2', '2022-04-02', 11, 8, 1),
('SOPzXW9IOTNG9o8UEt1NL3lbnnv2', '2021-01-17', 13, 2, 1),
('SOPzXW9IOTNG9o8UEt1NL3lbnnv2', '2021-01-05', 14, 1, 1),
('SOPzXW9IOTNG9o8UEt1NL3lbnnv2', '2020-12-25', 15, 1, 0),
('SOPzXW9IOTNG9o8UEt1NL3lbnnv2', '2021-01-05', 16, 3, 1),
('SOPzXW9IOTNG9o8UEt1NL3lbnnv2', '2020-12-25', 17, 2, 0),
('SOPzXW9IOTNG9o8UEt1NL3lbnnv2', '2021-01-17', 18, 3, 1),
('SOPzXW9IOTNG9o8UEt1NL3lbnnv2', '2021-01-05', 19, 1, 1),
('SOPzXW9IOTNG9o8UEt1NL3lbnnv2', '2021-01-18', 20, 2, 1),
('SOPzXW9IOTNG9o8UEt1NL3lbnnv2', '2022-04-02', 21, 2, 1),
('SOPzXW9IOTNG9o8UEt1NL3lbnnv2', '2020-12-25', 22, 0, 0),
('SOPzXW9IOTNG9o8UEt1NL3lbnnv2', '2021-01-17', 23, 6, 1),
('SOPzXW9IOTNG9o8UEt1NL3lbnnv2', '2022-04-02', 24, 4, 1),
('SOPzXW9IOTNG9o8UEt1NL3lbnnv2', '2020-12-25', 25, 3, 0),
('SOPzXW9IOTNG9o8UEt1NL3lbnnv2', '2020-12-25', 26, 2, 0),
('SOPzXW9IOTNG9o8UEt1NL3lbnnv2', '2020-12-25', 27, 2, 0),
('SOPzXW9IOTNG9o8UEt1NL3lbnnv2', '2021-01-11', 28, 2, 1),
('SW8TmNXAc5e4PGIzFyl2J5d2OC12', '2021-11-18', 1, 1, 0),
('SW8TmNXAc5e4PGIzFyl2J5d2OC12', '2021-11-18', 2, 1, 0),
('SW8TmNXAc5e4PGIzFyl2J5d2OC12', '2021-11-18', 3, 0, 0),
('SW8TmNXAc5e4PGIzFyl2J5d2OC12', '2021-11-18', 4, 0, 0),
('SW8TmNXAc5e4PGIzFyl2J5d2OC12', '2021-11-18', 5, 0, 0),
('SW8TmNXAc5e4PGIzFyl2J5d2OC12', '2021-11-18', 6, 0, 0),
('SW8TmNXAc5e4PGIzFyl2J5d2OC12', '2021-11-18', 7, 0, 0),
('SW8TmNXAc5e4PGIzFyl2J5d2OC12', '2021-11-18', 8, 2, 0),
('SW8TmNXAc5e4PGIzFyl2J5d2OC12', '2021-11-18', 9, 2, 0),
('SW8TmNXAc5e4PGIzFyl2J5d2OC12', '2021-11-18', 10, 4, 0),
('SW8TmNXAc5e4PGIzFyl2J5d2OC12', '2021-11-18', 11, 0, 0),
('SW8TmNXAc5e4PGIzFyl2J5d2OC12', '2021-11-18', 13, 0, 0),
('SW8TmNXAc5e4PGIzFyl2J5d2OC12', '2021-11-18', 14, 0, 0),
('SW8TmNXAc5e4PGIzFyl2J5d2OC12', '2021-11-18', 15, 1, 0),
('SW8TmNXAc5e4PGIzFyl2J5d2OC12', '2021-11-18', 16, 3, 0),
('SW8TmNXAc5e4PGIzFyl2J5d2OC12', '2021-11-18', 17, 2, 0),
('SW8TmNXAc5e4PGIzFyl2J5d2OC12', '2021-11-18', 18, 0, 0),
('SW8TmNXAc5e4PGIzFyl2J5d2OC12', '2021-11-18', 19, 0, 0),
('SW8TmNXAc5e4PGIzFyl2J5d2OC12', '2021-11-18', 20, 0, 0),
('SW8TmNXAc5e4PGIzFyl2J5d2OC12', '2021-11-18', 21, 2, 0),
('SW8TmNXAc5e4PGIzFyl2J5d2OC12', '2021-11-18', 22, 0, 0),
('SW8TmNXAc5e4PGIzFyl2J5d2OC12', '2021-11-18', 23, 0, 0),
('SW8TmNXAc5e4PGIzFyl2J5d2OC12', '2021-11-18', 24, 0, 0),
('SW8TmNXAc5e4PGIzFyl2J5d2OC12', '2021-11-18', 25, 3, 0),
('SW8TmNXAc5e4PGIzFyl2J5d2OC12', '2021-11-18', 26, 2, 0),
('SW8TmNXAc5e4PGIzFyl2J5d2OC12', '2021-11-18', 27, 2, 0),
('SW8TmNXAc5e4PGIzFyl2J5d2OC12', '2021-11-18', 28, 0, 0),
('SxOqt2tBzwh3bR9BxsRvUxrqEtZ2', '2020-12-27', 1, 1, 0),
('SxOqt2tBzwh3bR9BxsRvUxrqEtZ2', '2020-12-27', 2, 1, 0),
('SxOqt2tBzwh3bR9BxsRvUxrqEtZ2', '2020-12-27', 3, 0, 0),
('SxOqt2tBzwh3bR9BxsRvUxrqEtZ2', '2020-12-27', 4, 0, 0),
('SxOqt2tBzwh3bR9BxsRvUxrqEtZ2', '2020-12-27', 5, 0, 0),
('SxOqt2tBzwh3bR9BxsRvUxrqEtZ2', '2020-12-27', 6, 0, 0),
('SxOqt2tBzwh3bR9BxsRvUxrqEtZ2', '2020-12-27', 7, 0, 0),
('SxOqt2tBzwh3bR9BxsRvUxrqEtZ2', '2020-12-27', 8, 2, 0),
('SxOqt2tBzwh3bR9BxsRvUxrqEtZ2', '2020-12-27', 9, 2, 0),
('SxOqt2tBzwh3bR9BxsRvUxrqEtZ2', '2020-12-27', 10, 4, 0),
('SxOqt2tBzwh3bR9BxsRvUxrqEtZ2', '2020-12-27', 11, 0, 0),
('SxOqt2tBzwh3bR9BxsRvUxrqEtZ2', '2020-12-27', 13, 0, 0),
('SxOqt2tBzwh3bR9BxsRvUxrqEtZ2', '2020-12-27', 14, 0, 0),
('SxOqt2tBzwh3bR9BxsRvUxrqEtZ2', '2020-12-27', 15, 1, 0),
('SxOqt2tBzwh3bR9BxsRvUxrqEtZ2', '2020-12-27', 16, 3, 0),
('SxOqt2tBzwh3bR9BxsRvUxrqEtZ2', '2020-12-27', 17, 2, 0),
('SxOqt2tBzwh3bR9BxsRvUxrqEtZ2', '2020-12-27', 18, 0, 0),
('SxOqt2tBzwh3bR9BxsRvUxrqEtZ2', '2020-12-27', 19, 0, 0),
('SxOqt2tBzwh3bR9BxsRvUxrqEtZ2', '2020-12-27', 20, 0, 0),
('SxOqt2tBzwh3bR9BxsRvUxrqEtZ2', '2020-12-27', 21, 2, 0),
('SxOqt2tBzwh3bR9BxsRvUxrqEtZ2', '2020-12-27', 22, 0, 0),
('SxOqt2tBzwh3bR9BxsRvUxrqEtZ2', '2020-12-27', 23, 0, 0),
('SxOqt2tBzwh3bR9BxsRvUxrqEtZ2', '2020-12-27', 24, 0, 0),
('SxOqt2tBzwh3bR9BxsRvUxrqEtZ2', '2020-12-27', 25, 3, 0),
('SxOqt2tBzwh3bR9BxsRvUxrqEtZ2', '2020-12-27', 26, 2, 0),
('SxOqt2tBzwh3bR9BxsRvUxrqEtZ2', '2020-12-27', 27, 2, 0),
('SxOqt2tBzwh3bR9BxsRvUxrqEtZ2', '2020-12-27', 28, 0, 0),
('tC1G6XaAR6RLV0gZRkThL2ffOhG2', '2022-02-11', 1, 1, 0),
('tC1G6XaAR6RLV0gZRkThL2ffOhG2', '2022-02-11', 2, 1, 0),
('tC1G6XaAR6RLV0gZRkThL2ffOhG2', '2022-02-11', 3, 0, 0),
('tC1G6XaAR6RLV0gZRkThL2ffOhG2', '2022-02-11', 4, 0, 0),
('tC1G6XaAR6RLV0gZRkThL2ffOhG2', '2022-02-11', 5, 0, 0),
('tC1G6XaAR6RLV0gZRkThL2ffOhG2', '2022-02-11', 6, 0, 0),
('tC1G6XaAR6RLV0gZRkThL2ffOhG2', '2022-02-11', 7, 0, 0),
('tC1G6XaAR6RLV0gZRkThL2ffOhG2', '2022-02-11', 8, 2, 0),
('tC1G6XaAR6RLV0gZRkThL2ffOhG2', '2022-02-11', 9, 2, 0),
('tC1G6XaAR6RLV0gZRkThL2ffOhG2', '2022-02-11', 10, 4, 0),
('tC1G6XaAR6RLV0gZRkThL2ffOhG2', '2022-02-11', 11, 0, 0),
('tC1G6XaAR6RLV0gZRkThL2ffOhG2', '2022-02-11', 13, 0, 0),
('tC1G6XaAR6RLV0gZRkThL2ffOhG2', '2022-02-11', 14, 0, 0),
('tC1G6XaAR6RLV0gZRkThL2ffOhG2', '2022-02-11', 15, 1, 0),
('tC1G6XaAR6RLV0gZRkThL2ffOhG2', '2022-02-11', 16, 3, 0),
('tC1G6XaAR6RLV0gZRkThL2ffOhG2', '2022-02-11', 17, 2, 0),
('tC1G6XaAR6RLV0gZRkThL2ffOhG2', '2022-02-11', 18, 0, 0),
('tC1G6XaAR6RLV0gZRkThL2ffOhG2', '2022-02-11', 19, 0, 0),
('tC1G6XaAR6RLV0gZRkThL2ffOhG2', '2022-02-11', 20, 0, 0),
('tC1G6XaAR6RLV0gZRkThL2ffOhG2', '2022-02-11', 21, 2, 0);
INSERT INTO `user_cups` (`user_name`, `date_update`, `chapter_id`, `victory_cups_wined`, `is_readed`) VALUES
('tC1G6XaAR6RLV0gZRkThL2ffOhG2', '2022-02-11', 22, 0, 0),
('tC1G6XaAR6RLV0gZRkThL2ffOhG2', '2022-02-11', 23, 0, 0),
('tC1G6XaAR6RLV0gZRkThL2ffOhG2', '2022-02-11', 24, 0, 0),
('tC1G6XaAR6RLV0gZRkThL2ffOhG2', '2022-02-11', 25, 3, 0),
('tC1G6XaAR6RLV0gZRkThL2ffOhG2', '2022-02-11', 26, 2, 0),
('tC1G6XaAR6RLV0gZRkThL2ffOhG2', '2022-02-11', 27, 2, 0),
('tC1G6XaAR6RLV0gZRkThL2ffOhG2', '2022-02-11', 28, 0, 0),
('TdeMV0sYjaSMNlX9cEhaQS3Chdg1', '2020-12-20', 1, 1, 0),
('TdeMV0sYjaSMNlX9cEhaQS3Chdg1', '2020-12-20', 2, 1, 0),
('TdeMV0sYjaSMNlX9cEhaQS3Chdg1', '2020-12-20', 3, 0, 0),
('TdeMV0sYjaSMNlX9cEhaQS3Chdg1', '2020-12-20', 4, 0, 0),
('TdeMV0sYjaSMNlX9cEhaQS3Chdg1', '2020-12-20', 5, 0, 0),
('TdeMV0sYjaSMNlX9cEhaQS3Chdg1', '2020-12-20', 6, 0, 0),
('TdeMV0sYjaSMNlX9cEhaQS3Chdg1', '2020-12-20', 7, 0, 0),
('TdeMV0sYjaSMNlX9cEhaQS3Chdg1', '2020-12-20', 8, 2, 0),
('TdeMV0sYjaSMNlX9cEhaQS3Chdg1', '2020-12-20', 9, 2, 0),
('TdeMV0sYjaSMNlX9cEhaQS3Chdg1', '2020-12-20', 10, 4, 0),
('TdeMV0sYjaSMNlX9cEhaQS3Chdg1', '2020-12-20', 11, 0, 0),
('TdeMV0sYjaSMNlX9cEhaQS3Chdg1', '2020-12-20', 13, 0, 0),
('TdeMV0sYjaSMNlX9cEhaQS3Chdg1', '2020-12-20', 14, 0, 0),
('TdeMV0sYjaSMNlX9cEhaQS3Chdg1', '2020-12-20', 15, 1, 0),
('TdeMV0sYjaSMNlX9cEhaQS3Chdg1', '2020-12-20', 16, 3, 0),
('TdeMV0sYjaSMNlX9cEhaQS3Chdg1', '2020-12-20', 17, 2, 0),
('TdeMV0sYjaSMNlX9cEhaQS3Chdg1', '2020-12-20', 18, 0, 0),
('TdeMV0sYjaSMNlX9cEhaQS3Chdg1', '2020-12-20', 19, 0, 0),
('TdeMV0sYjaSMNlX9cEhaQS3Chdg1', '2020-12-20', 20, 0, 0),
('TdeMV0sYjaSMNlX9cEhaQS3Chdg1', '2020-12-20', 21, 2, 0),
('TdeMV0sYjaSMNlX9cEhaQS3Chdg1', '2020-12-20', 22, 0, 0),
('TdeMV0sYjaSMNlX9cEhaQS3Chdg1', '2020-12-20', 23, 0, 0),
('TdeMV0sYjaSMNlX9cEhaQS3Chdg1', '2020-12-20', 24, 0, 0),
('TdeMV0sYjaSMNlX9cEhaQS3Chdg1', '2020-12-20', 25, 3, 0),
('TdeMV0sYjaSMNlX9cEhaQS3Chdg1', '2020-12-20', 26, 2, 0),
('TdeMV0sYjaSMNlX9cEhaQS3Chdg1', '2020-12-20', 27, 2, 0),
('TdeMV0sYjaSMNlX9cEhaQS3Chdg1', '2020-12-20', 28, 0, 0),
('TdTj3azccUPFKXMfrgBiZuze5z02', '2022-02-20', 1, 1, 1),
('TdTj3azccUPFKXMfrgBiZuze5z02', '2022-02-20', 2, 1, 1),
('TdTj3azccUPFKXMfrgBiZuze5z02', '2022-02-20', 3, 1, 1),
('TdTj3azccUPFKXMfrgBiZuze5z02', '2022-02-20', 4, 0, 0),
('TdTj3azccUPFKXMfrgBiZuze5z02', '2022-02-20', 5, 0, 0),
('TdTj3azccUPFKXMfrgBiZuze5z02', '2022-02-20', 6, 0, 0),
('TdTj3azccUPFKXMfrgBiZuze5z02', '2022-02-20', 7, 0, 0),
('TdTj3azccUPFKXMfrgBiZuze5z02', '2022-02-20', 8, 2, 0),
('TdTj3azccUPFKXMfrgBiZuze5z02', '2022-02-20', 9, 2, 0),
('TdTj3azccUPFKXMfrgBiZuze5z02', '2022-02-20', 10, 4, 0),
('TdTj3azccUPFKXMfrgBiZuze5z02', '2022-02-20', 11, 0, 0),
('TdTj3azccUPFKXMfrgBiZuze5z02', '2022-02-20', 13, 0, 0),
('TdTj3azccUPFKXMfrgBiZuze5z02', '2022-02-20', 14, 0, 0),
('TdTj3azccUPFKXMfrgBiZuze5z02', '2022-02-20', 15, 1, 0),
('TdTj3azccUPFKXMfrgBiZuze5z02', '2022-02-20', 16, 3, 0),
('TdTj3azccUPFKXMfrgBiZuze5z02', '2022-02-20', 17, 2, 0),
('TdTj3azccUPFKXMfrgBiZuze5z02', '2022-02-20', 18, 0, 0),
('TdTj3azccUPFKXMfrgBiZuze5z02', '2022-02-20', 19, 0, 0),
('TdTj3azccUPFKXMfrgBiZuze5z02', '2022-02-20', 20, 0, 0),
('TdTj3azccUPFKXMfrgBiZuze5z02', '2022-02-20', 21, 2, 0),
('TdTj3azccUPFKXMfrgBiZuze5z02', '2022-02-20', 22, 0, 0),
('TdTj3azccUPFKXMfrgBiZuze5z02', '2022-02-20', 23, 0, 0),
('TdTj3azccUPFKXMfrgBiZuze5z02', '2022-02-20', 24, 0, 0),
('TdTj3azccUPFKXMfrgBiZuze5z02', '2022-02-20', 25, 3, 0),
('TdTj3azccUPFKXMfrgBiZuze5z02', '2022-02-20', 26, 2, 0),
('TdTj3azccUPFKXMfrgBiZuze5z02', '2022-02-20', 27, 2, 0),
('TdTj3azccUPFKXMfrgBiZuze5z02', '2022-02-20', 28, 0, 0),
('tHm8oCE4GRYP3dR9MFL3aDR4de52', '2021-06-24', 1, 1, 0),
('tHm8oCE4GRYP3dR9MFL3aDR4de52', '2021-06-24', 2, 1, 0),
('tHm8oCE4GRYP3dR9MFL3aDR4de52', '2021-06-24', 3, 0, 0),
('tHm8oCE4GRYP3dR9MFL3aDR4de52', '2021-06-24', 4, 0, 0),
('tHm8oCE4GRYP3dR9MFL3aDR4de52', '2021-06-24', 5, 0, 0),
('tHm8oCE4GRYP3dR9MFL3aDR4de52', '2021-06-24', 6, 0, 0),
('tHm8oCE4GRYP3dR9MFL3aDR4de52', '2021-06-24', 7, 0, 0),
('tHm8oCE4GRYP3dR9MFL3aDR4de52', '2021-06-24', 8, 2, 0),
('tHm8oCE4GRYP3dR9MFL3aDR4de52', '2021-06-24', 9, 2, 0),
('tHm8oCE4GRYP3dR9MFL3aDR4de52', '2021-06-24', 10, 4, 0),
('tHm8oCE4GRYP3dR9MFL3aDR4de52', '2021-06-24', 11, 0, 0),
('tHm8oCE4GRYP3dR9MFL3aDR4de52', '2021-06-24', 13, 0, 0),
('tHm8oCE4GRYP3dR9MFL3aDR4de52', '2021-06-24', 14, 0, 0),
('tHm8oCE4GRYP3dR9MFL3aDR4de52', '2021-06-24', 15, 1, 0),
('tHm8oCE4GRYP3dR9MFL3aDR4de52', '2021-06-24', 16, 3, 0),
('tHm8oCE4GRYP3dR9MFL3aDR4de52', '2021-06-24', 17, 2, 0),
('tHm8oCE4GRYP3dR9MFL3aDR4de52', '2021-06-24', 18, 0, 0),
('tHm8oCE4GRYP3dR9MFL3aDR4de52', '2021-06-24', 19, 0, 0),
('tHm8oCE4GRYP3dR9MFL3aDR4de52', '2021-06-24', 20, 0, 0),
('tHm8oCE4GRYP3dR9MFL3aDR4de52', '2021-06-24', 21, 2, 0),
('tHm8oCE4GRYP3dR9MFL3aDR4de52', '2021-06-24', 22, 0, 0),
('tHm8oCE4GRYP3dR9MFL3aDR4de52', '2021-06-24', 23, 0, 0),
('tHm8oCE4GRYP3dR9MFL3aDR4de52', '2021-06-24', 24, 0, 0),
('tHm8oCE4GRYP3dR9MFL3aDR4de52', '2021-06-24', 25, 3, 0),
('tHm8oCE4GRYP3dR9MFL3aDR4de52', '2021-06-24', 26, 2, 0),
('tHm8oCE4GRYP3dR9MFL3aDR4de52', '2021-06-24', 27, 2, 0),
('tHm8oCE4GRYP3dR9MFL3aDR4de52', '2021-06-24', 28, 0, 0),
('tN4DEVp3YKbeqK9iskDvNFnPl1p2', '2021-03-16', 1, 1, 1),
('tN4DEVp3YKbeqK9iskDvNFnPl1p2', '2021-03-16', 2, 1, 1),
('tN4DEVp3YKbeqK9iskDvNFnPl1p2', '2021-03-16', 3, 1, 1),
('tN4DEVp3YKbeqK9iskDvNFnPl1p2', '2021-03-24', 4, 1, 1),
('tN4DEVp3YKbeqK9iskDvNFnPl1p2', '2021-03-24', 5, 1, 1),
('tN4DEVp3YKbeqK9iskDvNFnPl1p2', '2021-02-04', 6, 0, 0),
('tN4DEVp3YKbeqK9iskDvNFnPl1p2', '2021-02-04', 7, 0, 0),
('tN4DEVp3YKbeqK9iskDvNFnPl1p2', '2021-02-04', 8, 2, 0),
('tN4DEVp3YKbeqK9iskDvNFnPl1p2', '2021-02-04', 9, 2, 0),
('tN4DEVp3YKbeqK9iskDvNFnPl1p2', '2021-02-04', 10, 4, 0),
('tN4DEVp3YKbeqK9iskDvNFnPl1p2', '2021-02-04', 11, 0, 0),
('tN4DEVp3YKbeqK9iskDvNFnPl1p2', '2021-02-04', 13, 0, 0),
('tN4DEVp3YKbeqK9iskDvNFnPl1p2', '2021-02-04', 14, 0, 0),
('tN4DEVp3YKbeqK9iskDvNFnPl1p2', '2021-02-04', 15, 1, 0),
('tN4DEVp3YKbeqK9iskDvNFnPl1p2', '2021-02-04', 16, 3, 0),
('tN4DEVp3YKbeqK9iskDvNFnPl1p2', '2021-02-04', 17, 2, 0),
('tN4DEVp3YKbeqK9iskDvNFnPl1p2', '2021-02-04', 18, 0, 0),
('tN4DEVp3YKbeqK9iskDvNFnPl1p2', '2021-02-04', 19, 0, 0),
('tN4DEVp3YKbeqK9iskDvNFnPl1p2', '2021-02-04', 20, 0, 0),
('tN4DEVp3YKbeqK9iskDvNFnPl1p2', '2021-02-04', 21, 2, 0),
('tN4DEVp3YKbeqK9iskDvNFnPl1p2', '2021-02-04', 22, 0, 0),
('tN4DEVp3YKbeqK9iskDvNFnPl1p2', '2021-02-04', 23, 0, 0),
('tN4DEVp3YKbeqK9iskDvNFnPl1p2', '2021-02-04', 24, 0, 0),
('tN4DEVp3YKbeqK9iskDvNFnPl1p2', '2021-02-04', 25, 3, 0),
('tN4DEVp3YKbeqK9iskDvNFnPl1p2', '2021-02-04', 26, 2, 0),
('tN4DEVp3YKbeqK9iskDvNFnPl1p2', '2021-02-04', 27, 2, 0),
('tN4DEVp3YKbeqK9iskDvNFnPl1p2', '2021-02-04', 28, 0, 0),
('Tn4XBayXFedfLHZOqV87DXWT1VE3', '2021-01-18', 1, 1, 0),
('Tn4XBayXFedfLHZOqV87DXWT1VE3', '2021-01-18', 2, 1, 0),
('Tn4XBayXFedfLHZOqV87DXWT1VE3', '2021-01-18', 3, 0, 0),
('Tn4XBayXFedfLHZOqV87DXWT1VE3', '2021-01-18', 4, 0, 0),
('Tn4XBayXFedfLHZOqV87DXWT1VE3', '2021-01-18', 5, 0, 0),
('Tn4XBayXFedfLHZOqV87DXWT1VE3', '2021-01-18', 6, 0, 0),
('Tn4XBayXFedfLHZOqV87DXWT1VE3', '2021-01-18', 7, 0, 0),
('Tn4XBayXFedfLHZOqV87DXWT1VE3', '2021-01-18', 8, 2, 0),
('Tn4XBayXFedfLHZOqV87DXWT1VE3', '2021-01-18', 9, 2, 0),
('Tn4XBayXFedfLHZOqV87DXWT1VE3', '2021-01-18', 10, 4, 0),
('Tn4XBayXFedfLHZOqV87DXWT1VE3', '2021-01-18', 11, 0, 0),
('Tn4XBayXFedfLHZOqV87DXWT1VE3', '2021-01-18', 13, 0, 0),
('Tn4XBayXFedfLHZOqV87DXWT1VE3', '2021-01-18', 14, 0, 0),
('Tn4XBayXFedfLHZOqV87DXWT1VE3', '2021-01-18', 15, 1, 0),
('Tn4XBayXFedfLHZOqV87DXWT1VE3', '2021-01-18', 16, 3, 0),
('Tn4XBayXFedfLHZOqV87DXWT1VE3', '2021-01-18', 17, 2, 0),
('Tn4XBayXFedfLHZOqV87DXWT1VE3', '2021-01-18', 18, 0, 0),
('Tn4XBayXFedfLHZOqV87DXWT1VE3', '2021-01-18', 19, 0, 0),
('Tn4XBayXFedfLHZOqV87DXWT1VE3', '2021-01-18', 20, 0, 0),
('Tn4XBayXFedfLHZOqV87DXWT1VE3', '2021-01-18', 21, 2, 0),
('Tn4XBayXFedfLHZOqV87DXWT1VE3', '2021-01-18', 22, 0, 0),
('Tn4XBayXFedfLHZOqV87DXWT1VE3', '2021-01-18', 23, 0, 0),
('Tn4XBayXFedfLHZOqV87DXWT1VE3', '2021-01-18', 24, 0, 0),
('Tn4XBayXFedfLHZOqV87DXWT1VE3', '2021-01-18', 25, 3, 0),
('Tn4XBayXFedfLHZOqV87DXWT1VE3', '2021-01-18', 26, 2, 0),
('Tn4XBayXFedfLHZOqV87DXWT1VE3', '2021-01-18', 27, 2, 0),
('Tn4XBayXFedfLHZOqV87DXWT1VE3', '2021-01-18', 28, 0, 0),
('TNv8CXSm2IdCj18wRHjA0L5FSdS2', '2021-11-24', 1, 1, 0),
('TNv8CXSm2IdCj18wRHjA0L5FSdS2', '2021-11-24', 2, 1, 0),
('TNv8CXSm2IdCj18wRHjA0L5FSdS2', '2021-11-24', 3, 1, 1),
('TNv8CXSm2IdCj18wRHjA0L5FSdS2', '2021-11-24', 4, 1, 1),
('TNv8CXSm2IdCj18wRHjA0L5FSdS2', '2021-11-24', 5, 2, 1),
('TNv8CXSm2IdCj18wRHjA0L5FSdS2', '2021-11-24', 6, 0, 0),
('TNv8CXSm2IdCj18wRHjA0L5FSdS2', '2021-11-24', 7, 0, 0),
('TNv8CXSm2IdCj18wRHjA0L5FSdS2', '2021-11-24', 8, 2, 0),
('TNv8CXSm2IdCj18wRHjA0L5FSdS2', '2021-11-24', 9, 2, 0),
('TNv8CXSm2IdCj18wRHjA0L5FSdS2', '2021-11-24', 10, 4, 0),
('TNv8CXSm2IdCj18wRHjA0L5FSdS2', '2021-11-24', 11, 0, 0),
('TNv8CXSm2IdCj18wRHjA0L5FSdS2', '2021-11-24', 13, 0, 0),
('TNv8CXSm2IdCj18wRHjA0L5FSdS2', '2021-11-24', 14, 0, 0),
('TNv8CXSm2IdCj18wRHjA0L5FSdS2', '2021-11-24', 15, 1, 0),
('TNv8CXSm2IdCj18wRHjA0L5FSdS2', '2021-11-24', 16, 3, 0),
('TNv8CXSm2IdCj18wRHjA0L5FSdS2', '2021-11-24', 17, 2, 0),
('TNv8CXSm2IdCj18wRHjA0L5FSdS2', '2021-11-24', 18, 0, 0),
('TNv8CXSm2IdCj18wRHjA0L5FSdS2', '2021-11-24', 19, 0, 0),
('TNv8CXSm2IdCj18wRHjA0L5FSdS2', '2021-11-24', 20, 0, 0),
('TNv8CXSm2IdCj18wRHjA0L5FSdS2', '2021-11-24', 21, 2, 0),
('TNv8CXSm2IdCj18wRHjA0L5FSdS2', '2021-11-24', 22, 0, 0),
('TNv8CXSm2IdCj18wRHjA0L5FSdS2', '2021-11-24', 23, 0, 0),
('TNv8CXSm2IdCj18wRHjA0L5FSdS2', '2021-11-24', 24, 0, 0),
('TNv8CXSm2IdCj18wRHjA0L5FSdS2', '2021-11-24', 25, 3, 0),
('TNv8CXSm2IdCj18wRHjA0L5FSdS2', '2021-11-24', 26, 2, 0),
('TNv8CXSm2IdCj18wRHjA0L5FSdS2', '2021-11-24', 27, 2, 0),
('TNv8CXSm2IdCj18wRHjA0L5FSdS2', '2021-11-24', 28, 0, 0),
('tNWuZxbecxMeLQQw2aPVtSCMr493', '2022-03-31', 1, 1, 0),
('tNWuZxbecxMeLQQw2aPVtSCMr493', '2022-03-31', 2, 1, 0),
('tNWuZxbecxMeLQQw2aPVtSCMr493', '2022-03-31', 3, 0, 0),
('tNWuZxbecxMeLQQw2aPVtSCMr493', '2022-03-31', 4, 0, 0),
('tNWuZxbecxMeLQQw2aPVtSCMr493', '2022-03-31', 5, 0, 0),
('tNWuZxbecxMeLQQw2aPVtSCMr493', '2022-03-31', 6, 0, 0),
('tNWuZxbecxMeLQQw2aPVtSCMr493', '2022-03-31', 7, 0, 0),
('tNWuZxbecxMeLQQw2aPVtSCMr493', '2022-03-31', 8, 2, 0),
('tNWuZxbecxMeLQQw2aPVtSCMr493', '2022-03-31', 9, 2, 0),
('tNWuZxbecxMeLQQw2aPVtSCMr493', '2022-03-31', 10, 4, 0),
('tNWuZxbecxMeLQQw2aPVtSCMr493', '2022-03-31', 11, 0, 0),
('tNWuZxbecxMeLQQw2aPVtSCMr493', '2022-03-31', 13, 0, 0),
('tNWuZxbecxMeLQQw2aPVtSCMr493', '2022-03-31', 14, 0, 0),
('tNWuZxbecxMeLQQw2aPVtSCMr493', '2022-03-31', 15, 1, 0),
('tNWuZxbecxMeLQQw2aPVtSCMr493', '2022-03-31', 16, 3, 0),
('tNWuZxbecxMeLQQw2aPVtSCMr493', '2022-03-31', 17, 2, 0),
('tNWuZxbecxMeLQQw2aPVtSCMr493', '2022-03-31', 18, 0, 0),
('tNWuZxbecxMeLQQw2aPVtSCMr493', '2022-03-31', 19, 0, 0),
('tNWuZxbecxMeLQQw2aPVtSCMr493', '2022-03-31', 20, 0, 0),
('tNWuZxbecxMeLQQw2aPVtSCMr493', '2022-03-31', 21, 2, 0),
('tNWuZxbecxMeLQQw2aPVtSCMr493', '2022-03-31', 22, 0, 0),
('tNWuZxbecxMeLQQw2aPVtSCMr493', '2022-03-31', 23, 0, 0),
('tNWuZxbecxMeLQQw2aPVtSCMr493', '2022-03-31', 24, 0, 0),
('tNWuZxbecxMeLQQw2aPVtSCMr493', '2022-03-31', 25, 3, 0),
('tNWuZxbecxMeLQQw2aPVtSCMr493', '2022-03-31', 26, 2, 0),
('tNWuZxbecxMeLQQw2aPVtSCMr493', '2022-03-31', 27, 2, 0),
('tNWuZxbecxMeLQQw2aPVtSCMr493', '2022-03-31', 28, 0, 0),
('Tpzwr3odxXS7fbZJkjgi8gPACCA3', '2021-04-28', 1, 1, 0),
('Tpzwr3odxXS7fbZJkjgi8gPACCA3', '2021-04-28', 2, 1, 0),
('Tpzwr3odxXS7fbZJkjgi8gPACCA3', '2021-04-28', 3, 0, 0),
('Tpzwr3odxXS7fbZJkjgi8gPACCA3', '2021-04-28', 4, 0, 0),
('Tpzwr3odxXS7fbZJkjgi8gPACCA3', '2021-04-28', 5, 0, 0),
('Tpzwr3odxXS7fbZJkjgi8gPACCA3', '2021-04-28', 6, 0, 0),
('Tpzwr3odxXS7fbZJkjgi8gPACCA3', '2021-04-28', 7, 0, 0),
('Tpzwr3odxXS7fbZJkjgi8gPACCA3', '2021-04-28', 8, 2, 0),
('Tpzwr3odxXS7fbZJkjgi8gPACCA3', '2021-04-28', 9, 2, 0),
('Tpzwr3odxXS7fbZJkjgi8gPACCA3', '2021-04-28', 10, 4, 0),
('Tpzwr3odxXS7fbZJkjgi8gPACCA3', '2021-04-28', 11, 0, 0),
('Tpzwr3odxXS7fbZJkjgi8gPACCA3', '2021-04-28', 13, 0, 0),
('Tpzwr3odxXS7fbZJkjgi8gPACCA3', '2021-04-28', 14, 0, 0),
('Tpzwr3odxXS7fbZJkjgi8gPACCA3', '2021-04-28', 15, 1, 0),
('Tpzwr3odxXS7fbZJkjgi8gPACCA3', '2021-04-28', 16, 3, 0),
('Tpzwr3odxXS7fbZJkjgi8gPACCA3', '2021-04-28', 17, 2, 0),
('Tpzwr3odxXS7fbZJkjgi8gPACCA3', '2021-04-28', 18, 0, 0),
('Tpzwr3odxXS7fbZJkjgi8gPACCA3', '2021-04-28', 19, 0, 0),
('Tpzwr3odxXS7fbZJkjgi8gPACCA3', '2021-04-28', 20, 0, 0),
('Tpzwr3odxXS7fbZJkjgi8gPACCA3', '2021-04-28', 21, 2, 0),
('Tpzwr3odxXS7fbZJkjgi8gPACCA3', '2021-04-28', 22, 0, 0),
('Tpzwr3odxXS7fbZJkjgi8gPACCA3', '2021-04-28', 23, 0, 0),
('Tpzwr3odxXS7fbZJkjgi8gPACCA3', '2021-04-28', 24, 0, 0),
('Tpzwr3odxXS7fbZJkjgi8gPACCA3', '2021-04-28', 25, 3, 0),
('Tpzwr3odxXS7fbZJkjgi8gPACCA3', '2021-04-28', 26, 2, 0),
('Tpzwr3odxXS7fbZJkjgi8gPACCA3', '2021-04-28', 27, 2, 0),
('Tpzwr3odxXS7fbZJkjgi8gPACCA3', '2021-04-28', 28, 0, 0),
('TyaVe3jPhuWjT4ET8JDbxoaKSmd2', '2022-02-24', 1, 1, 0),
('TyaVe3jPhuWjT4ET8JDbxoaKSmd2', '2022-02-24', 2, 1, 0),
('TyaVe3jPhuWjT4ET8JDbxoaKSmd2', '2022-02-24', 3, 0, 0),
('TyaVe3jPhuWjT4ET8JDbxoaKSmd2', '2022-02-24', 4, 0, 0),
('TyaVe3jPhuWjT4ET8JDbxoaKSmd2', '2022-02-24', 5, 0, 0),
('TyaVe3jPhuWjT4ET8JDbxoaKSmd2', '2022-02-24', 6, 0, 0),
('TyaVe3jPhuWjT4ET8JDbxoaKSmd2', '2022-02-24', 7, 0, 0),
('TyaVe3jPhuWjT4ET8JDbxoaKSmd2', '2022-02-24', 8, 2, 0),
('TyaVe3jPhuWjT4ET8JDbxoaKSmd2', '2022-02-24', 9, 2, 0),
('TyaVe3jPhuWjT4ET8JDbxoaKSmd2', '2022-02-24', 10, 4, 0),
('TyaVe3jPhuWjT4ET8JDbxoaKSmd2', '2022-02-24', 11, 0, 0),
('TyaVe3jPhuWjT4ET8JDbxoaKSmd2', '2022-02-24', 13, 0, 0),
('TyaVe3jPhuWjT4ET8JDbxoaKSmd2', '2022-02-24', 14, 0, 0),
('TyaVe3jPhuWjT4ET8JDbxoaKSmd2', '2022-02-24', 15, 1, 0),
('TyaVe3jPhuWjT4ET8JDbxoaKSmd2', '2022-02-24', 16, 3, 0),
('TyaVe3jPhuWjT4ET8JDbxoaKSmd2', '2022-02-24', 17, 2, 0),
('TyaVe3jPhuWjT4ET8JDbxoaKSmd2', '2022-02-24', 18, 0, 0),
('TyaVe3jPhuWjT4ET8JDbxoaKSmd2', '2022-02-24', 19, 0, 0),
('TyaVe3jPhuWjT4ET8JDbxoaKSmd2', '2022-02-24', 20, 0, 0),
('TyaVe3jPhuWjT4ET8JDbxoaKSmd2', '2022-02-24', 21, 2, 0),
('TyaVe3jPhuWjT4ET8JDbxoaKSmd2', '2022-02-24', 22, 0, 0),
('TyaVe3jPhuWjT4ET8JDbxoaKSmd2', '2022-02-24', 23, 0, 0),
('TyaVe3jPhuWjT4ET8JDbxoaKSmd2', '2022-02-24', 24, 0, 0),
('TyaVe3jPhuWjT4ET8JDbxoaKSmd2', '2022-02-24', 25, 3, 0),
('TyaVe3jPhuWjT4ET8JDbxoaKSmd2', '2022-02-24', 26, 2, 0),
('TyaVe3jPhuWjT4ET8JDbxoaKSmd2', '2022-02-24', 27, 2, 0),
('TyaVe3jPhuWjT4ET8JDbxoaKSmd2', '2022-02-24', 28, 0, 0),
('U5VSpGFK49SEuHq1QgPdxoiJFSY2', '2021-04-16', 1, 1, 1),
('U5VSpGFK49SEuHq1QgPdxoiJFSY2', '2021-04-16', 2, 1, 1),
('U5VSpGFK49SEuHq1QgPdxoiJFSY2', '2021-04-16', 3, 1, 1),
('U5VSpGFK49SEuHq1QgPdxoiJFSY2', '2021-04-16', 4, 0, 0),
('U5VSpGFK49SEuHq1QgPdxoiJFSY2', '2021-04-16', 5, 0, 0),
('U5VSpGFK49SEuHq1QgPdxoiJFSY2', '2021-04-16', 6, 0, 0),
('U5VSpGFK49SEuHq1QgPdxoiJFSY2', '2021-04-16', 7, 0, 0),
('U5VSpGFK49SEuHq1QgPdxoiJFSY2', '2021-04-16', 8, 2, 0),
('U5VSpGFK49SEuHq1QgPdxoiJFSY2', '2021-04-16', 9, 2, 0),
('U5VSpGFK49SEuHq1QgPdxoiJFSY2', '2021-04-16', 10, 4, 0),
('U5VSpGFK49SEuHq1QgPdxoiJFSY2', '2021-04-16', 11, 0, 0),
('U5VSpGFK49SEuHq1QgPdxoiJFSY2', '2021-04-16', 13, 0, 0),
('U5VSpGFK49SEuHq1QgPdxoiJFSY2', '2021-04-16', 14, 0, 0),
('U5VSpGFK49SEuHq1QgPdxoiJFSY2', '2021-04-16', 15, 1, 0),
('U5VSpGFK49SEuHq1QgPdxoiJFSY2', '2021-04-16', 16, 3, 0),
('U5VSpGFK49SEuHq1QgPdxoiJFSY2', '2021-04-16', 17, 2, 0),
('U5VSpGFK49SEuHq1QgPdxoiJFSY2', '2021-04-16', 18, 0, 0),
('U5VSpGFK49SEuHq1QgPdxoiJFSY2', '2021-04-16', 19, 0, 0),
('U5VSpGFK49SEuHq1QgPdxoiJFSY2', '2021-04-16', 20, 0, 0),
('U5VSpGFK49SEuHq1QgPdxoiJFSY2', '2021-04-16', 21, 2, 0),
('U5VSpGFK49SEuHq1QgPdxoiJFSY2', '2021-04-16', 22, 0, 0),
('U5VSpGFK49SEuHq1QgPdxoiJFSY2', '2021-04-16', 23, 0, 0),
('U5VSpGFK49SEuHq1QgPdxoiJFSY2', '2021-04-16', 24, 0, 0),
('U5VSpGFK49SEuHq1QgPdxoiJFSY2', '2021-04-16', 25, 3, 0),
('U5VSpGFK49SEuHq1QgPdxoiJFSY2', '2021-04-16', 26, 2, 0),
('U5VSpGFK49SEuHq1QgPdxoiJFSY2', '2021-04-16', 27, 2, 0),
('U5VSpGFK49SEuHq1QgPdxoiJFSY2', '2021-04-16', 28, 0, 0),
('UEWSZo6YTISzxVjV9NkYdpaxSi62', '2021-02-18', 1, 1, 1),
('UEWSZo6YTISzxVjV9NkYdpaxSi62', '2021-02-18', 2, 1, 0),
('UEWSZo6YTISzxVjV9NkYdpaxSi62', '2021-02-18', 3, 0, 0),
('UEWSZo6YTISzxVjV9NkYdpaxSi62', '2021-02-18', 4, 0, 0),
('UEWSZo6YTISzxVjV9NkYdpaxSi62', '2021-02-18', 5, 0, 0),
('UEWSZo6YTISzxVjV9NkYdpaxSi62', '2021-02-18', 6, 0, 0),
('UEWSZo6YTISzxVjV9NkYdpaxSi62', '2021-02-18', 7, 0, 0),
('UEWSZo6YTISzxVjV9NkYdpaxSi62', '2021-02-18', 8, 2, 0),
('UEWSZo6YTISzxVjV9NkYdpaxSi62', '2021-02-18', 9, 2, 0),
('UEWSZo6YTISzxVjV9NkYdpaxSi62', '2021-02-18', 10, 4, 0),
('UEWSZo6YTISzxVjV9NkYdpaxSi62', '2021-02-18', 11, 0, 0),
('UEWSZo6YTISzxVjV9NkYdpaxSi62', '2021-02-18', 13, 0, 0),
('UEWSZo6YTISzxVjV9NkYdpaxSi62', '2021-02-18', 14, 0, 0),
('UEWSZo6YTISzxVjV9NkYdpaxSi62', '2021-02-18', 15, 1, 0),
('UEWSZo6YTISzxVjV9NkYdpaxSi62', '2021-02-18', 16, 3, 0),
('UEWSZo6YTISzxVjV9NkYdpaxSi62', '2021-02-18', 17, 2, 0),
('UEWSZo6YTISzxVjV9NkYdpaxSi62', '2021-02-18', 18, 0, 0),
('UEWSZo6YTISzxVjV9NkYdpaxSi62', '2021-02-18', 19, 0, 0),
('UEWSZo6YTISzxVjV9NkYdpaxSi62', '2021-02-18', 20, 0, 0),
('UEWSZo6YTISzxVjV9NkYdpaxSi62', '2021-02-18', 21, 2, 0),
('UEWSZo6YTISzxVjV9NkYdpaxSi62', '2021-02-18', 22, 0, 0),
('UEWSZo6YTISzxVjV9NkYdpaxSi62', '2021-02-18', 23, 0, 0),
('UEWSZo6YTISzxVjV9NkYdpaxSi62', '2021-02-18', 24, 0, 0),
('UEWSZo6YTISzxVjV9NkYdpaxSi62', '2021-02-18', 25, 3, 0),
('UEWSZo6YTISzxVjV9NkYdpaxSi62', '2021-02-18', 26, 2, 0),
('UEWSZo6YTISzxVjV9NkYdpaxSi62', '2021-02-18', 27, 2, 0),
('UEWSZo6YTISzxVjV9NkYdpaxSi62', '2021-02-18', 28, 0, 0),
('uPQqRvsLF0MWdclJq0hJUB01h3q2', '2022-02-20', 1, 1, 1),
('uPQqRvsLF0MWdclJq0hJUB01h3q2', '2022-02-20', 2, 1, 1),
('uPQqRvsLF0MWdclJq0hJUB01h3q2', '2022-03-06', 3, 1, 1),
('uPQqRvsLF0MWdclJq0hJUB01h3q2', '2022-03-06', 4, 1, 1),
('uPQqRvsLF0MWdclJq0hJUB01h3q2', '2022-03-06', 5, 2, 1),
('uPQqRvsLF0MWdclJq0hJUB01h3q2', '2022-03-06', 6, 2, 1),
('uPQqRvsLF0MWdclJq0hJUB01h3q2', '2022-03-06', 7, 0, 1),
('uPQqRvsLF0MWdclJq0hJUB01h3q2', '2022-02-20', 8, 2, 0),
('uPQqRvsLF0MWdclJq0hJUB01h3q2', '2022-02-20', 9, 2, 0),
('uPQqRvsLF0MWdclJq0hJUB01h3q2', '2022-02-20', 10, 4, 0),
('uPQqRvsLF0MWdclJq0hJUB01h3q2', '2022-02-20', 11, 0, 0),
('uPQqRvsLF0MWdclJq0hJUB01h3q2', '2022-02-20', 13, 0, 0),
('uPQqRvsLF0MWdclJq0hJUB01h3q2', '2022-02-20', 14, 0, 0),
('uPQqRvsLF0MWdclJq0hJUB01h3q2', '2022-02-20', 15, 1, 0),
('uPQqRvsLF0MWdclJq0hJUB01h3q2', '2022-02-20', 16, 3, 0),
('uPQqRvsLF0MWdclJq0hJUB01h3q2', '2022-02-20', 17, 2, 0),
('uPQqRvsLF0MWdclJq0hJUB01h3q2', '2022-02-20', 18, 0, 0),
('uPQqRvsLF0MWdclJq0hJUB01h3q2', '2022-02-20', 19, 0, 0),
('uPQqRvsLF0MWdclJq0hJUB01h3q2', '2022-02-20', 20, 0, 0),
('uPQqRvsLF0MWdclJq0hJUB01h3q2', '2022-02-20', 21, 2, 0),
('uPQqRvsLF0MWdclJq0hJUB01h3q2', '2022-02-20', 22, 0, 0),
('uPQqRvsLF0MWdclJq0hJUB01h3q2', '2022-02-20', 23, 0, 0),
('uPQqRvsLF0MWdclJq0hJUB01h3q2', '2022-02-20', 24, 0, 0),
('uPQqRvsLF0MWdclJq0hJUB01h3q2', '2022-02-20', 25, 3, 0),
('uPQqRvsLF0MWdclJq0hJUB01h3q2', '2022-02-20', 26, 2, 0),
('uPQqRvsLF0MWdclJq0hJUB01h3q2', '2022-02-20', 27, 2, 0),
('uPQqRvsLF0MWdclJq0hJUB01h3q2', '2022-02-20', 28, 0, 0),
('UpYRO9YIxOVqxie082gOtQRsmLY2', '2021-04-30', 1, 1, 1),
('UpYRO9YIxOVqxie082gOtQRsmLY2', '2021-04-30', 2, 1, 1),
('UpYRO9YIxOVqxie082gOtQRsmLY2', '2021-04-30', 3, 1, 1),
('UpYRO9YIxOVqxie082gOtQRsmLY2', '2021-04-30', 4, 1, 1),
('UpYRO9YIxOVqxie082gOtQRsmLY2', '2021-04-30', 5, 2, 1),
('UpYRO9YIxOVqxie082gOtQRsmLY2', '2021-04-30', 6, 2, 1),
('UpYRO9YIxOVqxie082gOtQRsmLY2', '2021-04-30', 7, 2, 1),
('UpYRO9YIxOVqxie082gOtQRsmLY2', '2021-04-30', 8, 2, 1),
('UpYRO9YIxOVqxie082gOtQRsmLY2', '2021-04-30', 9, 2, 1),
('UpYRO9YIxOVqxie082gOtQRsmLY2', '2021-04-30', 10, 4, 1),
('UpYRO9YIxOVqxie082gOtQRsmLY2', '2021-04-30', 11, 14, 1),
('UpYRO9YIxOVqxie082gOtQRsmLY2', '2021-04-30', 13, 2, 1),
('UpYRO9YIxOVqxie082gOtQRsmLY2', '2021-04-30', 14, 2, 1),
('UpYRO9YIxOVqxie082gOtQRsmLY2', '2021-04-30', 15, 1, 1),
('UpYRO9YIxOVqxie082gOtQRsmLY2', '2021-04-30', 16, 3, 1),
('UpYRO9YIxOVqxie082gOtQRsmLY2', '2021-04-30', 17, 2, 1),
('UpYRO9YIxOVqxie082gOtQRsmLY2', '2021-04-30', 18, 0, 0),
('UpYRO9YIxOVqxie082gOtQRsmLY2', '2021-04-30', 19, 0, 0),
('UpYRO9YIxOVqxie082gOtQRsmLY2', '2021-04-30', 20, 0, 0),
('UpYRO9YIxOVqxie082gOtQRsmLY2', '2021-04-30', 21, 2, 0),
('UpYRO9YIxOVqxie082gOtQRsmLY2', '2021-04-30', 22, 0, 0),
('UpYRO9YIxOVqxie082gOtQRsmLY2', '2021-04-30', 23, 0, 0),
('UpYRO9YIxOVqxie082gOtQRsmLY2', '2021-04-30', 24, 0, 0),
('UpYRO9YIxOVqxie082gOtQRsmLY2', '2021-04-30', 25, 3, 0),
('UpYRO9YIxOVqxie082gOtQRsmLY2', '2021-04-30', 26, 2, 0),
('UpYRO9YIxOVqxie082gOtQRsmLY2', '2021-04-30', 27, 2, 0),
('UpYRO9YIxOVqxie082gOtQRsmLY2', '2021-04-30', 28, 0, 0),
('uWO574sE4jYqee7h5ttxf2cTU3m1', '2021-04-21', 1, 1, 1),
('uWO574sE4jYqee7h5ttxf2cTU3m1', '2021-04-21', 2, 1, 1),
('uWO574sE4jYqee7h5ttxf2cTU3m1', '2021-04-21', 3, 0, 0),
('uWO574sE4jYqee7h5ttxf2cTU3m1', '2021-04-21', 4, 1, 1),
('uWO574sE4jYqee7h5ttxf2cTU3m1', '2021-04-21', 5, 0, 0),
('uWO574sE4jYqee7h5ttxf2cTU3m1', '2021-04-21', 6, 0, 0),
('uWO574sE4jYqee7h5ttxf2cTU3m1', '2021-04-21', 7, 0, 0),
('uWO574sE4jYqee7h5ttxf2cTU3m1', '2021-04-21', 8, 2, 0),
('uWO574sE4jYqee7h5ttxf2cTU3m1', '2021-04-21', 9, 2, 0),
('uWO574sE4jYqee7h5ttxf2cTU3m1', '2021-04-21', 10, 4, 0),
('uWO574sE4jYqee7h5ttxf2cTU3m1', '2021-04-21', 11, 0, 0),
('uWO574sE4jYqee7h5ttxf2cTU3m1', '2021-04-21', 13, 0, 0),
('uWO574sE4jYqee7h5ttxf2cTU3m1', '2021-04-21', 14, 0, 0),
('uWO574sE4jYqee7h5ttxf2cTU3m1', '2021-04-21', 15, 1, 0),
('uWO574sE4jYqee7h5ttxf2cTU3m1', '2021-04-21', 16, 3, 0),
('uWO574sE4jYqee7h5ttxf2cTU3m1', '2021-04-21', 17, 2, 0),
('uWO574sE4jYqee7h5ttxf2cTU3m1', '2021-04-21', 18, 0, 0),
('uWO574sE4jYqee7h5ttxf2cTU3m1', '2021-04-21', 19, 0, 0),
('uWO574sE4jYqee7h5ttxf2cTU3m1', '2021-04-21', 20, 0, 0),
('uWO574sE4jYqee7h5ttxf2cTU3m1', '2021-04-21', 21, 2, 0),
('uWO574sE4jYqee7h5ttxf2cTU3m1', '2021-04-21', 22, 0, 0),
('uWO574sE4jYqee7h5ttxf2cTU3m1', '2021-04-21', 23, 0, 0),
('uWO574sE4jYqee7h5ttxf2cTU3m1', '2021-04-21', 24, 0, 0),
('uWO574sE4jYqee7h5ttxf2cTU3m1', '2021-04-21', 25, 3, 0),
('uWO574sE4jYqee7h5ttxf2cTU3m1', '2021-04-21', 26, 2, 0),
('uWO574sE4jYqee7h5ttxf2cTU3m1', '2021-04-21', 27, 2, 0),
('uWO574sE4jYqee7h5ttxf2cTU3m1', '2021-04-21', 28, 0, 0),
('V0YfGijEysZqhW5mb0BK3gldvvt1', '2021-05-10', 1, 1, 1),
('V0YfGijEysZqhW5mb0BK3gldvvt1', '2021-05-10', 2, 1, 1),
('V0YfGijEysZqhW5mb0BK3gldvvt1', '2021-05-10', 3, 1, 1),
('V0YfGijEysZqhW5mb0BK3gldvvt1', '2021-05-10', 4, 1, 1),
('V0YfGijEysZqhW5mb0BK3gldvvt1', '2021-05-10', 5, 2, 1),
('V0YfGijEysZqhW5mb0BK3gldvvt1', '2021-05-10', 6, 1, 1),
('V0YfGijEysZqhW5mb0BK3gldvvt1', '2021-05-10', 7, 0, 0),
('V0YfGijEysZqhW5mb0BK3gldvvt1', '2021-05-10', 8, 2, 0),
('V0YfGijEysZqhW5mb0BK3gldvvt1', '2021-05-10', 9, 2, 0),
('V0YfGijEysZqhW5mb0BK3gldvvt1', '2021-05-10', 10, 4, 0),
('V0YfGijEysZqhW5mb0BK3gldvvt1', '2021-05-10', 11, 7, 1),
('V0YfGijEysZqhW5mb0BK3gldvvt1', '2021-05-10', 13, 0, 0),
('V0YfGijEysZqhW5mb0BK3gldvvt1', '2021-05-10', 14, 0, 0),
('V0YfGijEysZqhW5mb0BK3gldvvt1', '2021-05-10', 15, 1, 0),
('V0YfGijEysZqhW5mb0BK3gldvvt1', '2021-05-10', 16, 3, 0),
('V0YfGijEysZqhW5mb0BK3gldvvt1', '2021-05-10', 17, 2, 0),
('V0YfGijEysZqhW5mb0BK3gldvvt1', '2021-05-10', 18, 0, 0),
('V0YfGijEysZqhW5mb0BK3gldvvt1', '2021-05-10', 19, 0, 0),
('V0YfGijEysZqhW5mb0BK3gldvvt1', '2021-05-10', 20, 0, 0),
('V0YfGijEysZqhW5mb0BK3gldvvt1', '2021-05-10', 21, 2, 0),
('V0YfGijEysZqhW5mb0BK3gldvvt1', '2021-05-10', 22, 0, 0),
('V0YfGijEysZqhW5mb0BK3gldvvt1', '2021-05-10', 23, 0, 0),
('V0YfGijEysZqhW5mb0BK3gldvvt1', '2021-05-10', 24, 0, 0),
('V0YfGijEysZqhW5mb0BK3gldvvt1', '2021-05-10', 25, 3, 1),
('V0YfGijEysZqhW5mb0BK3gldvvt1', '2021-05-10', 26, 2, 0),
('V0YfGijEysZqhW5mb0BK3gldvvt1', '2021-05-10', 27, 2, 0),
('V0YfGijEysZqhW5mb0BK3gldvvt1', '2021-05-10', 28, 2, 1),
('v45ZhPcSsnMC76sjU3WfvZNCA1n1', '2021-01-03', 1, 1, 0),
('v45ZhPcSsnMC76sjU3WfvZNCA1n1', '2021-01-03', 2, 1, 0),
('v45ZhPcSsnMC76sjU3WfvZNCA1n1', '2021-01-03', 3, 0, 0),
('v45ZhPcSsnMC76sjU3WfvZNCA1n1', '2021-01-03', 4, 0, 0),
('v45ZhPcSsnMC76sjU3WfvZNCA1n1', '2021-01-03', 5, 0, 0),
('v45ZhPcSsnMC76sjU3WfvZNCA1n1', '2021-01-03', 6, 0, 0),
('v45ZhPcSsnMC76sjU3WfvZNCA1n1', '2021-01-03', 7, 0, 0),
('v45ZhPcSsnMC76sjU3WfvZNCA1n1', '2021-01-03', 8, 2, 0),
('v45ZhPcSsnMC76sjU3WfvZNCA1n1', '2021-01-03', 9, 2, 0),
('v45ZhPcSsnMC76sjU3WfvZNCA1n1', '2021-01-03', 10, 4, 0),
('v45ZhPcSsnMC76sjU3WfvZNCA1n1', '2021-01-03', 11, 0, 0),
('v45ZhPcSsnMC76sjU3WfvZNCA1n1', '2021-01-03', 13, 0, 0),
('v45ZhPcSsnMC76sjU3WfvZNCA1n1', '2021-01-03', 14, 0, 0),
('v45ZhPcSsnMC76sjU3WfvZNCA1n1', '2021-01-03', 15, 1, 0),
('v45ZhPcSsnMC76sjU3WfvZNCA1n1', '2021-01-03', 16, 3, 0),
('v45ZhPcSsnMC76sjU3WfvZNCA1n1', '2021-01-03', 17, 2, 0),
('v45ZhPcSsnMC76sjU3WfvZNCA1n1', '2021-01-03', 18, 0, 0),
('v45ZhPcSsnMC76sjU3WfvZNCA1n1', '2021-01-03', 19, 0, 0),
('v45ZhPcSsnMC76sjU3WfvZNCA1n1', '2021-01-03', 20, 0, 0),
('v45ZhPcSsnMC76sjU3WfvZNCA1n1', '2021-01-03', 21, 2, 0),
('v45ZhPcSsnMC76sjU3WfvZNCA1n1', '2021-01-03', 22, 0, 0),
('v45ZhPcSsnMC76sjU3WfvZNCA1n1', '2021-01-03', 23, 0, 0),
('v45ZhPcSsnMC76sjU3WfvZNCA1n1', '2021-01-03', 24, 0, 0),
('v45ZhPcSsnMC76sjU3WfvZNCA1n1', '2021-01-03', 25, 3, 0),
('v45ZhPcSsnMC76sjU3WfvZNCA1n1', '2021-01-03', 26, 2, 0),
('v45ZhPcSsnMC76sjU3WfvZNCA1n1', '2021-01-03', 27, 2, 0),
('v45ZhPcSsnMC76sjU3WfvZNCA1n1', '2021-01-03', 28, 0, 0),
('vFHC6MNKmTOYfXFeI0d4Ry6HorI3', '2021-01-17', 1, 1, 0),
('vFHC6MNKmTOYfXFeI0d4Ry6HorI3', '2021-01-17', 2, 1, 0),
('vFHC6MNKmTOYfXFeI0d4Ry6HorI3', '2021-01-17', 3, 0, 0),
('vFHC6MNKmTOYfXFeI0d4Ry6HorI3', '2021-01-17', 4, 0, 0),
('vFHC6MNKmTOYfXFeI0d4Ry6HorI3', '2021-01-17', 5, 0, 0),
('vFHC6MNKmTOYfXFeI0d4Ry6HorI3', '2021-01-17', 6, 0, 0),
('vFHC6MNKmTOYfXFeI0d4Ry6HorI3', '2021-01-17', 7, 0, 0),
('vFHC6MNKmTOYfXFeI0d4Ry6HorI3', '2021-01-17', 8, 2, 0),
('vFHC6MNKmTOYfXFeI0d4Ry6HorI3', '2021-01-17', 9, 2, 0),
('vFHC6MNKmTOYfXFeI0d4Ry6HorI3', '2021-01-17', 10, 4, 0),
('vFHC6MNKmTOYfXFeI0d4Ry6HorI3', '2021-01-17', 11, 0, 0),
('vFHC6MNKmTOYfXFeI0d4Ry6HorI3', '2021-01-17', 13, 0, 0),
('vFHC6MNKmTOYfXFeI0d4Ry6HorI3', '2021-01-17', 14, 0, 0),
('vFHC6MNKmTOYfXFeI0d4Ry6HorI3', '2021-01-17', 15, 1, 0),
('vFHC6MNKmTOYfXFeI0d4Ry6HorI3', '2021-01-17', 16, 3, 0),
('vFHC6MNKmTOYfXFeI0d4Ry6HorI3', '2021-01-17', 17, 2, 0),
('vFHC6MNKmTOYfXFeI0d4Ry6HorI3', '2021-01-17', 18, 0, 0),
('vFHC6MNKmTOYfXFeI0d4Ry6HorI3', '2021-01-17', 19, 0, 0),
('vFHC6MNKmTOYfXFeI0d4Ry6HorI3', '2021-01-17', 20, 0, 0),
('vFHC6MNKmTOYfXFeI0d4Ry6HorI3', '2021-01-17', 21, 2, 0),
('vFHC6MNKmTOYfXFeI0d4Ry6HorI3', '2021-01-17', 22, 0, 0),
('vFHC6MNKmTOYfXFeI0d4Ry6HorI3', '2021-01-17', 23, 0, 0),
('vFHC6MNKmTOYfXFeI0d4Ry6HorI3', '2021-01-17', 24, 0, 0),
('vFHC6MNKmTOYfXFeI0d4Ry6HorI3', '2021-01-17', 25, 3, 0),
('vFHC6MNKmTOYfXFeI0d4Ry6HorI3', '2021-01-17', 26, 2, 0),
('vFHC6MNKmTOYfXFeI0d4Ry6HorI3', '2021-01-17', 27, 2, 0),
('vFHC6MNKmTOYfXFeI0d4Ry6HorI3', '2021-01-17', 28, 0, 0),
('VFQk6XnuXAPPW0NKqMiJgaNlS273', '2021-01-12', 1, 1, 1),
('VFQk6XnuXAPPW0NKqMiJgaNlS273', '2021-01-12', 2, 1, 1),
('VFQk6XnuXAPPW0NKqMiJgaNlS273', '2021-01-12', 3, 1, 1),
('VFQk6XnuXAPPW0NKqMiJgaNlS273', '2021-01-12', 4, 1, 1),
('VFQk6XnuXAPPW0NKqMiJgaNlS273', '2021-01-13', 5, 2, 1),
('VFQk6XnuXAPPW0NKqMiJgaNlS273', '2021-01-18', 6, 2, 1),
('VFQk6XnuXAPPW0NKqMiJgaNlS273', '2021-01-18', 7, 2, 1),
('VFQk6XnuXAPPW0NKqMiJgaNlS273', '2021-01-18', 8, 2, 1),
('VFQk6XnuXAPPW0NKqMiJgaNlS273', '2021-01-18', 9, 2, 1),
('VFQk6XnuXAPPW0NKqMiJgaNlS273', '2021-01-18', 10, 4, 1),
('VFQk6XnuXAPPW0NKqMiJgaNlS273', '2021-02-01', 11, 11, 1),
('VFQk6XnuXAPPW0NKqMiJgaNlS273', '2021-03-03', 13, 2, 1),
('VFQk6XnuXAPPW0NKqMiJgaNlS273', '2021-03-03', 14, 2, 1),
('VFQk6XnuXAPPW0NKqMiJgaNlS273', '2021-03-03', 15, 1, 1),
('VFQk6XnuXAPPW0NKqMiJgaNlS273', '2021-03-03', 16, 3, 1),
('VFQk6XnuXAPPW0NKqMiJgaNlS273', '2021-03-03', 17, 2, 1),
('VFQk6XnuXAPPW0NKqMiJgaNlS273', '2021-03-03', 18, 5, 1),
('VFQk6XnuXAPPW0NKqMiJgaNlS273', '2021-03-03', 19, 1, 1),
('VFQk6XnuXAPPW0NKqMiJgaNlS273', '2021-01-12', 20, 0, 0),
('VFQk6XnuXAPPW0NKqMiJgaNlS273', '2021-01-12', 21, 2, 0),
('VFQk6XnuXAPPW0NKqMiJgaNlS273', '2021-01-12', 22, 0, 0),
('VFQk6XnuXAPPW0NKqMiJgaNlS273', '2021-01-12', 23, 0, 0),
('VFQk6XnuXAPPW0NKqMiJgaNlS273', '2021-01-12', 24, 0, 0),
('VFQk6XnuXAPPW0NKqMiJgaNlS273', '2021-01-12', 25, 3, 0),
('VFQk6XnuXAPPW0NKqMiJgaNlS273', '2021-01-12', 26, 2, 0),
('VFQk6XnuXAPPW0NKqMiJgaNlS273', '2021-01-12', 27, 2, 0),
('VFQk6XnuXAPPW0NKqMiJgaNlS273', '2021-01-12', 28, 0, 0),
('VnKBx1QQNOZvNU0PTxUZdFdSeTA3', '2021-01-01', 1, 1, 0),
('VnKBx1QQNOZvNU0PTxUZdFdSeTA3', '2021-01-01', 2, 1, 0),
('VnKBx1QQNOZvNU0PTxUZdFdSeTA3', '2021-01-01', 3, 0, 0),
('VnKBx1QQNOZvNU0PTxUZdFdSeTA3', '2021-01-01', 4, 0, 0),
('VnKBx1QQNOZvNU0PTxUZdFdSeTA3', '2021-01-01', 5, 0, 0),
('VnKBx1QQNOZvNU0PTxUZdFdSeTA3', '2021-01-01', 6, 0, 0),
('VnKBx1QQNOZvNU0PTxUZdFdSeTA3', '2021-01-01', 7, 0, 0),
('VnKBx1QQNOZvNU0PTxUZdFdSeTA3', '2021-01-01', 8, 2, 0),
('VnKBx1QQNOZvNU0PTxUZdFdSeTA3', '2021-01-01', 9, 2, 0),
('VnKBx1QQNOZvNU0PTxUZdFdSeTA3', '2021-01-01', 10, 4, 0),
('VnKBx1QQNOZvNU0PTxUZdFdSeTA3', '2021-01-01', 11, 0, 0),
('VnKBx1QQNOZvNU0PTxUZdFdSeTA3', '2021-01-01', 13, 0, 0),
('VnKBx1QQNOZvNU0PTxUZdFdSeTA3', '2021-01-01', 14, 0, 0),
('VnKBx1QQNOZvNU0PTxUZdFdSeTA3', '2021-01-01', 15, 1, 0),
('VnKBx1QQNOZvNU0PTxUZdFdSeTA3', '2021-01-01', 16, 3, 0),
('VnKBx1QQNOZvNU0PTxUZdFdSeTA3', '2021-01-01', 17, 2, 0),
('VnKBx1QQNOZvNU0PTxUZdFdSeTA3', '2021-01-01', 18, 0, 0),
('VnKBx1QQNOZvNU0PTxUZdFdSeTA3', '2021-01-01', 19, 0, 0),
('VnKBx1QQNOZvNU0PTxUZdFdSeTA3', '2021-01-01', 20, 0, 0),
('VnKBx1QQNOZvNU0PTxUZdFdSeTA3', '2021-01-01', 21, 2, 0),
('VnKBx1QQNOZvNU0PTxUZdFdSeTA3', '2021-01-01', 22, 0, 0),
('VnKBx1QQNOZvNU0PTxUZdFdSeTA3', '2021-01-01', 23, 0, 0),
('VnKBx1QQNOZvNU0PTxUZdFdSeTA3', '2021-01-01', 24, 0, 0),
('VnKBx1QQNOZvNU0PTxUZdFdSeTA3', '2021-01-01', 25, 3, 0),
('VnKBx1QQNOZvNU0PTxUZdFdSeTA3', '2021-01-01', 26, 2, 0),
('VnKBx1QQNOZvNU0PTxUZdFdSeTA3', '2021-01-01', 27, 2, 0),
('VnKBx1QQNOZvNU0PTxUZdFdSeTA3', '2021-01-01', 28, 0, 0),
('VZHbY1harle0JHDZd09PFSbBmZy2', '2021-11-24', 1, 1, 0),
('VZHbY1harle0JHDZd09PFSbBmZy2', '2021-11-24', 2, 1, 0),
('VZHbY1harle0JHDZd09PFSbBmZy2', '2021-11-24', 3, 0, 0),
('VZHbY1harle0JHDZd09PFSbBmZy2', '2021-11-24', 4, 0, 0),
('VZHbY1harle0JHDZd09PFSbBmZy2', '2021-11-24', 5, 0, 0),
('VZHbY1harle0JHDZd09PFSbBmZy2', '2021-11-24', 6, 0, 0),
('VZHbY1harle0JHDZd09PFSbBmZy2', '2021-11-24', 7, 0, 0),
('VZHbY1harle0JHDZd09PFSbBmZy2', '2021-11-24', 8, 2, 0),
('VZHbY1harle0JHDZd09PFSbBmZy2', '2021-11-24', 9, 2, 0),
('VZHbY1harle0JHDZd09PFSbBmZy2', '2021-11-24', 10, 4, 0),
('VZHbY1harle0JHDZd09PFSbBmZy2', '2021-11-24', 11, 0, 0),
('VZHbY1harle0JHDZd09PFSbBmZy2', '2021-11-24', 13, 0, 0),
('VZHbY1harle0JHDZd09PFSbBmZy2', '2021-11-24', 14, 0, 0),
('VZHbY1harle0JHDZd09PFSbBmZy2', '2021-11-24', 15, 1, 0),
('VZHbY1harle0JHDZd09PFSbBmZy2', '2021-11-24', 16, 3, 0),
('VZHbY1harle0JHDZd09PFSbBmZy2', '2021-11-24', 17, 2, 0),
('VZHbY1harle0JHDZd09PFSbBmZy2', '2021-11-24', 18, 0, 0),
('VZHbY1harle0JHDZd09PFSbBmZy2', '2021-11-24', 19, 0, 0),
('VZHbY1harle0JHDZd09PFSbBmZy2', '2021-11-24', 20, 0, 0),
('VZHbY1harle0JHDZd09PFSbBmZy2', '2021-11-24', 21, 2, 0),
('VZHbY1harle0JHDZd09PFSbBmZy2', '2021-11-24', 22, 0, 0),
('VZHbY1harle0JHDZd09PFSbBmZy2', '2021-11-24', 23, 0, 0),
('VZHbY1harle0JHDZd09PFSbBmZy2', '2021-11-24', 24, 0, 0),
('VZHbY1harle0JHDZd09PFSbBmZy2', '2021-11-24', 25, 3, 0),
('VZHbY1harle0JHDZd09PFSbBmZy2', '2021-11-24', 26, 2, 0),
('VZHbY1harle0JHDZd09PFSbBmZy2', '2021-11-24', 27, 2, 0),
('VZHbY1harle0JHDZd09PFSbBmZy2', '2021-11-24', 28, 0, 0),
('W13AtoSU40gK5PUQhVVFx9ZnJcg2', '2021-05-02', 1, 1, 0),
('W13AtoSU40gK5PUQhVVFx9ZnJcg2', '2021-05-02', 2, 1, 0),
('W13AtoSU40gK5PUQhVVFx9ZnJcg2', '2021-05-02', 3, 0, 0),
('W13AtoSU40gK5PUQhVVFx9ZnJcg2', '2021-05-02', 4, 0, 0),
('W13AtoSU40gK5PUQhVVFx9ZnJcg2', '2021-05-02', 5, 0, 0),
('W13AtoSU40gK5PUQhVVFx9ZnJcg2', '2021-05-02', 6, 0, 0),
('W13AtoSU40gK5PUQhVVFx9ZnJcg2', '2021-05-02', 7, 0, 0),
('W13AtoSU40gK5PUQhVVFx9ZnJcg2', '2021-05-02', 8, 2, 0),
('W13AtoSU40gK5PUQhVVFx9ZnJcg2', '2021-05-02', 9, 2, 0),
('W13AtoSU40gK5PUQhVVFx9ZnJcg2', '2021-05-02', 10, 4, 0),
('W13AtoSU40gK5PUQhVVFx9ZnJcg2', '2021-05-02', 11, 0, 0),
('W13AtoSU40gK5PUQhVVFx9ZnJcg2', '2021-05-02', 13, 0, 0),
('W13AtoSU40gK5PUQhVVFx9ZnJcg2', '2021-05-02', 14, 0, 0),
('W13AtoSU40gK5PUQhVVFx9ZnJcg2', '2021-05-02', 15, 1, 0),
('W13AtoSU40gK5PUQhVVFx9ZnJcg2', '2021-05-02', 16, 3, 0),
('W13AtoSU40gK5PUQhVVFx9ZnJcg2', '2021-05-02', 17, 2, 0),
('W13AtoSU40gK5PUQhVVFx9ZnJcg2', '2021-05-02', 18, 0, 0),
('W13AtoSU40gK5PUQhVVFx9ZnJcg2', '2021-05-02', 19, 0, 0),
('W13AtoSU40gK5PUQhVVFx9ZnJcg2', '2021-05-02', 20, 0, 0),
('W13AtoSU40gK5PUQhVVFx9ZnJcg2', '2021-05-02', 21, 2, 0),
('W13AtoSU40gK5PUQhVVFx9ZnJcg2', '2021-05-02', 22, 0, 0),
('W13AtoSU40gK5PUQhVVFx9ZnJcg2', '2021-05-02', 23, 0, 0),
('W13AtoSU40gK5PUQhVVFx9ZnJcg2', '2021-05-02', 24, 0, 0),
('W13AtoSU40gK5PUQhVVFx9ZnJcg2', '2021-05-02', 25, 3, 0),
('W13AtoSU40gK5PUQhVVFx9ZnJcg2', '2021-05-02', 26, 2, 0),
('W13AtoSU40gK5PUQhVVFx9ZnJcg2', '2021-05-02', 27, 2, 0),
('W13AtoSU40gK5PUQhVVFx9ZnJcg2', '2021-05-02', 28, 0, 0),
('Wev6RMYDoVQdsuxcaBLNTkxHf932', '2022-02-06', 1, 1, 1),
('Wev6RMYDoVQdsuxcaBLNTkxHf932', '2022-02-06', 2, 1, 1),
('Wev6RMYDoVQdsuxcaBLNTkxHf932', '2022-02-11', 3, 1, 1),
('Wev6RMYDoVQdsuxcaBLNTkxHf932', '2022-02-11', 4, 1, 1),
('Wev6RMYDoVQdsuxcaBLNTkxHf932', '2022-02-06', 5, 0, 0),
('Wev6RMYDoVQdsuxcaBLNTkxHf932', '2022-02-06', 6, 0, 0),
('Wev6RMYDoVQdsuxcaBLNTkxHf932', '2022-02-06', 7, 0, 0),
('Wev6RMYDoVQdsuxcaBLNTkxHf932', '2022-02-06', 8, 2, 0),
('Wev6RMYDoVQdsuxcaBLNTkxHf932', '2022-02-06', 9, 2, 0),
('Wev6RMYDoVQdsuxcaBLNTkxHf932', '2022-02-06', 10, 4, 0),
('Wev6RMYDoVQdsuxcaBLNTkxHf932', '2022-02-06', 11, 0, 0),
('Wev6RMYDoVQdsuxcaBLNTkxHf932', '2022-02-06', 13, 0, 0),
('Wev6RMYDoVQdsuxcaBLNTkxHf932', '2022-02-06', 14, 0, 0),
('Wev6RMYDoVQdsuxcaBLNTkxHf932', '2022-02-06', 15, 1, 0),
('Wev6RMYDoVQdsuxcaBLNTkxHf932', '2022-02-06', 16, 3, 0),
('Wev6RMYDoVQdsuxcaBLNTkxHf932', '2022-02-06', 17, 2, 0),
('Wev6RMYDoVQdsuxcaBLNTkxHf932', '2022-02-06', 18, 0, 0),
('Wev6RMYDoVQdsuxcaBLNTkxHf932', '2022-02-06', 19, 0, 0),
('Wev6RMYDoVQdsuxcaBLNTkxHf932', '2022-02-06', 20, 0, 0),
('Wev6RMYDoVQdsuxcaBLNTkxHf932', '2022-02-06', 21, 2, 0),
('Wev6RMYDoVQdsuxcaBLNTkxHf932', '2022-02-06', 22, 0, 0),
('Wev6RMYDoVQdsuxcaBLNTkxHf932', '2022-02-06', 23, 0, 0),
('Wev6RMYDoVQdsuxcaBLNTkxHf932', '2022-02-06', 24, 0, 0),
('Wev6RMYDoVQdsuxcaBLNTkxHf932', '2022-02-06', 25, 3, 0),
('Wev6RMYDoVQdsuxcaBLNTkxHf932', '2022-02-06', 26, 2, 0),
('Wev6RMYDoVQdsuxcaBLNTkxHf932', '2022-02-06', 27, 2, 0),
('Wev6RMYDoVQdsuxcaBLNTkxHf932', '2022-02-06', 28, 0, 0),
('WOGoI5e7hmO1anrxDVEDS9KWpEf2', '2021-01-03', 1, 1, 0),
('WOGoI5e7hmO1anrxDVEDS9KWpEf2', '2021-01-03', 2, 1, 0),
('WOGoI5e7hmO1anrxDVEDS9KWpEf2', '2021-01-03', 3, 0, 0),
('WOGoI5e7hmO1anrxDVEDS9KWpEf2', '2021-01-03', 4, 0, 0),
('WOGoI5e7hmO1anrxDVEDS9KWpEf2', '2021-01-03', 5, 0, 0),
('WOGoI5e7hmO1anrxDVEDS9KWpEf2', '2021-01-03', 6, 0, 0),
('WOGoI5e7hmO1anrxDVEDS9KWpEf2', '2021-01-03', 7, 0, 0),
('WOGoI5e7hmO1anrxDVEDS9KWpEf2', '2021-01-03', 8, 2, 0),
('WOGoI5e7hmO1anrxDVEDS9KWpEf2', '2021-01-03', 9, 2, 0),
('WOGoI5e7hmO1anrxDVEDS9KWpEf2', '2021-01-03', 10, 4, 0),
('WOGoI5e7hmO1anrxDVEDS9KWpEf2', '2021-01-03', 11, 0, 0),
('WOGoI5e7hmO1anrxDVEDS9KWpEf2', '2021-01-03', 13, 0, 0),
('WOGoI5e7hmO1anrxDVEDS9KWpEf2', '2021-01-03', 14, 0, 0),
('WOGoI5e7hmO1anrxDVEDS9KWpEf2', '2021-01-03', 15, 1, 0),
('WOGoI5e7hmO1anrxDVEDS9KWpEf2', '2021-01-03', 16, 3, 0),
('WOGoI5e7hmO1anrxDVEDS9KWpEf2', '2021-01-03', 17, 2, 0),
('WOGoI5e7hmO1anrxDVEDS9KWpEf2', '2021-01-03', 18, 0, 0),
('WOGoI5e7hmO1anrxDVEDS9KWpEf2', '2021-01-03', 19, 0, 0),
('WOGoI5e7hmO1anrxDVEDS9KWpEf2', '2021-01-03', 20, 0, 0),
('WOGoI5e7hmO1anrxDVEDS9KWpEf2', '2021-01-03', 21, 2, 0),
('WOGoI5e7hmO1anrxDVEDS9KWpEf2', '2021-01-03', 22, 0, 0),
('WOGoI5e7hmO1anrxDVEDS9KWpEf2', '2021-01-03', 23, 0, 0),
('WOGoI5e7hmO1anrxDVEDS9KWpEf2', '2021-01-03', 24, 0, 0),
('WOGoI5e7hmO1anrxDVEDS9KWpEf2', '2021-01-03', 25, 3, 0),
('WOGoI5e7hmO1anrxDVEDS9KWpEf2', '2021-01-03', 26, 2, 0),
('WOGoI5e7hmO1anrxDVEDS9KWpEf2', '2021-01-03', 27, 2, 0),
('WOGoI5e7hmO1anrxDVEDS9KWpEf2', '2021-01-03', 28, 0, 0),
('wvK9dk8dVCgDaCgnC3lMr5ynu3H2', '2021-11-24', 1, 1, 0),
('wvK9dk8dVCgDaCgnC3lMr5ynu3H2', '2021-11-24', 2, 1, 0),
('wvK9dk8dVCgDaCgnC3lMr5ynu3H2', '2021-11-24', 3, 0, 0),
('wvK9dk8dVCgDaCgnC3lMr5ynu3H2', '2021-11-24', 4, 0, 0),
('wvK9dk8dVCgDaCgnC3lMr5ynu3H2', '2021-11-24', 5, 0, 0),
('wvK9dk8dVCgDaCgnC3lMr5ynu3H2', '2021-11-24', 6, 0, 0),
('wvK9dk8dVCgDaCgnC3lMr5ynu3H2', '2021-11-24', 7, 0, 0),
('wvK9dk8dVCgDaCgnC3lMr5ynu3H2', '2021-11-24', 8, 2, 0),
('wvK9dk8dVCgDaCgnC3lMr5ynu3H2', '2021-11-24', 9, 2, 0),
('wvK9dk8dVCgDaCgnC3lMr5ynu3H2', '2021-11-24', 10, 4, 0),
('wvK9dk8dVCgDaCgnC3lMr5ynu3H2', '2021-11-24', 11, 0, 0),
('wvK9dk8dVCgDaCgnC3lMr5ynu3H2', '2021-11-24', 13, 0, 0),
('wvK9dk8dVCgDaCgnC3lMr5ynu3H2', '2021-11-24', 14, 0, 0),
('wvK9dk8dVCgDaCgnC3lMr5ynu3H2', '2021-11-24', 15, 1, 0),
('wvK9dk8dVCgDaCgnC3lMr5ynu3H2', '2021-11-24', 16, 3, 0),
('wvK9dk8dVCgDaCgnC3lMr5ynu3H2', '2021-11-24', 17, 2, 0),
('wvK9dk8dVCgDaCgnC3lMr5ynu3H2', '2021-11-24', 18, 0, 0),
('wvK9dk8dVCgDaCgnC3lMr5ynu3H2', '2021-11-24', 19, 0, 0),
('wvK9dk8dVCgDaCgnC3lMr5ynu3H2', '2021-11-24', 20, 0, 0),
('wvK9dk8dVCgDaCgnC3lMr5ynu3H2', '2021-11-24', 21, 2, 0),
('wvK9dk8dVCgDaCgnC3lMr5ynu3H2', '2021-11-24', 22, 0, 0),
('wvK9dk8dVCgDaCgnC3lMr5ynu3H2', '2021-11-24', 23, 0, 0),
('wvK9dk8dVCgDaCgnC3lMr5ynu3H2', '2021-11-24', 24, 0, 0),
('wvK9dk8dVCgDaCgnC3lMr5ynu3H2', '2021-11-24', 25, 3, 0),
('wvK9dk8dVCgDaCgnC3lMr5ynu3H2', '2021-11-24', 26, 2, 0),
('wvK9dk8dVCgDaCgnC3lMr5ynu3H2', '2021-11-24', 27, 2, 0),
('wvK9dk8dVCgDaCgnC3lMr5ynu3H2', '2021-11-24', 28, 0, 0),
('WZR5yPjY3lMALuFz099RqIxJw1J2', '2021-01-05', 1, 1, 1),
('WZR5yPjY3lMALuFz099RqIxJw1J2', '2021-01-05', 2, 1, 0),
('WZR5yPjY3lMALuFz099RqIxJw1J2', '2021-01-05', 3, 0, 0),
('WZR5yPjY3lMALuFz099RqIxJw1J2', '2021-01-05', 4, 0, 0),
('WZR5yPjY3lMALuFz099RqIxJw1J2', '2021-01-05', 5, 1, 1),
('WZR5yPjY3lMALuFz099RqIxJw1J2', '2021-01-05', 6, 1, 1),
('WZR5yPjY3lMALuFz099RqIxJw1J2', '2020-12-25', 7, 0, 0),
('WZR5yPjY3lMALuFz099RqIxJw1J2', '2021-01-05', 8, 2, 1),
('WZR5yPjY3lMALuFz099RqIxJw1J2', '2021-01-05', 9, 2, 1),
('WZR5yPjY3lMALuFz099RqIxJw1J2', '2021-01-05', 10, 4, 1),
('WZR5yPjY3lMALuFz099RqIxJw1J2', '2020-12-25', 11, 0, 0),
('WZR5yPjY3lMALuFz099RqIxJw1J2', '2020-12-25', 13, 0, 0),
('WZR5yPjY3lMALuFz099RqIxJw1J2', '2020-12-25', 14, 0, 0),
('WZR5yPjY3lMALuFz099RqIxJw1J2', '2020-12-25', 15, 1, 0),
('WZR5yPjY3lMALuFz099RqIxJw1J2', '2020-12-25', 16, 3, 0),
('WZR5yPjY3lMALuFz099RqIxJw1J2', '2020-12-25', 17, 2, 0),
('WZR5yPjY3lMALuFz099RqIxJw1J2', '2021-01-09', 18, 0, 1),
('WZR5yPjY3lMALuFz099RqIxJw1J2', '2021-01-09', 19, 2, 1),
('WZR5yPjY3lMALuFz099RqIxJw1J2', '2020-12-25', 20, 0, 0),
('WZR5yPjY3lMALuFz099RqIxJw1J2', '2021-01-05', 21, 2, 0),
('WZR5yPjY3lMALuFz099RqIxJw1J2', '2020-12-25', 22, 0, 0),
('WZR5yPjY3lMALuFz099RqIxJw1J2', '2021-01-09', 23, 7, 1),
('WZR5yPjY3lMALuFz099RqIxJw1J2', '2021-01-09', 24, 8, 1),
('WZR5yPjY3lMALuFz099RqIxJw1J2', '2021-01-05', 25, 3, 0),
('WZR5yPjY3lMALuFz099RqIxJw1J2', '2021-01-05', 26, 2, 0),
('WZR5yPjY3lMALuFz099RqIxJw1J2', '2021-01-09', 27, 2, 1),
('WZR5yPjY3lMALuFz099RqIxJw1J2', '2021-01-05', 28, 0, 0),
('x5JkuwEVRUcPNKIKmzFfleDkRGH2', '2021-05-06', 1, 1, 0),
('x5JkuwEVRUcPNKIKmzFfleDkRGH2', '2021-05-06', 2, 1, 0),
('x5JkuwEVRUcPNKIKmzFfleDkRGH2', '2021-05-06', 3, 0, 0),
('x5JkuwEVRUcPNKIKmzFfleDkRGH2', '2021-05-06', 4, 0, 0),
('x5JkuwEVRUcPNKIKmzFfleDkRGH2', '2021-05-06', 5, 0, 0),
('x5JkuwEVRUcPNKIKmzFfleDkRGH2', '2021-05-06', 6, 0, 0),
('x5JkuwEVRUcPNKIKmzFfleDkRGH2', '2021-05-06', 7, 0, 0),
('x5JkuwEVRUcPNKIKmzFfleDkRGH2', '2021-05-06', 8, 2, 0),
('x5JkuwEVRUcPNKIKmzFfleDkRGH2', '2021-05-06', 9, 2, 0),
('x5JkuwEVRUcPNKIKmzFfleDkRGH2', '2021-05-06', 10, 4, 0),
('x5JkuwEVRUcPNKIKmzFfleDkRGH2', '2021-05-06', 11, 0, 0),
('x5JkuwEVRUcPNKIKmzFfleDkRGH2', '2021-05-06', 13, 0, 0),
('x5JkuwEVRUcPNKIKmzFfleDkRGH2', '2021-05-06', 14, 0, 0),
('x5JkuwEVRUcPNKIKmzFfleDkRGH2', '2021-05-06', 15, 1, 0),
('x5JkuwEVRUcPNKIKmzFfleDkRGH2', '2021-05-06', 16, 3, 0),
('x5JkuwEVRUcPNKIKmzFfleDkRGH2', '2021-05-06', 17, 2, 0),
('x5JkuwEVRUcPNKIKmzFfleDkRGH2', '2021-05-06', 18, 0, 0),
('x5JkuwEVRUcPNKIKmzFfleDkRGH2', '2021-05-06', 19, 0, 0),
('x5JkuwEVRUcPNKIKmzFfleDkRGH2', '2021-05-06', 20, 0, 0),
('x5JkuwEVRUcPNKIKmzFfleDkRGH2', '2021-05-06', 21, 2, 0),
('x5JkuwEVRUcPNKIKmzFfleDkRGH2', '2021-05-06', 22, 0, 0),
('x5JkuwEVRUcPNKIKmzFfleDkRGH2', '2021-05-06', 23, 0, 0),
('x5JkuwEVRUcPNKIKmzFfleDkRGH2', '2021-05-06', 24, 0, 0),
('x5JkuwEVRUcPNKIKmzFfleDkRGH2', '2021-05-06', 25, 3, 0),
('x5JkuwEVRUcPNKIKmzFfleDkRGH2', '2021-05-06', 26, 2, 0),
('x5JkuwEVRUcPNKIKmzFfleDkRGH2', '2021-05-06', 27, 2, 0),
('x5JkuwEVRUcPNKIKmzFfleDkRGH2', '2021-05-06', 28, 0, 0),
('XAC2SSf7DhXurn4znl5c4a7MaLZ2', '2021-03-30', 1, 1, 1),
('XAC2SSf7DhXurn4znl5c4a7MaLZ2', '2021-03-30', 2, 1, 1),
('XAC2SSf7DhXurn4znl5c4a7MaLZ2', '2021-03-30', 3, 1, 1),
('XAC2SSf7DhXurn4znl5c4a7MaLZ2', '2021-03-30', 4, 1, 1),
('XAC2SSf7DhXurn4znl5c4a7MaLZ2', '2021-03-30', 5, 2, 1),
('XAC2SSf7DhXurn4znl5c4a7MaLZ2', '2021-03-30', 6, 2, 1),
('XAC2SSf7DhXurn4znl5c4a7MaLZ2', '2021-03-30', 7, 2, 1),
('XAC2SSf7DhXurn4znl5c4a7MaLZ2', '2021-03-30', 8, 2, 1),
('XAC2SSf7DhXurn4znl5c4a7MaLZ2', '2021-03-30', 9, 2, 1),
('XAC2SSf7DhXurn4znl5c4a7MaLZ2', '2021-03-30', 10, 4, 1),
('XAC2SSf7DhXurn4znl5c4a7MaLZ2', '2021-03-30', 11, 14, 1),
('XAC2SSf7DhXurn4znl5c4a7MaLZ2', '2021-03-30', 13, 2, 1),
('XAC2SSf7DhXurn4znl5c4a7MaLZ2', '2021-03-30', 14, 2, 1),
('XAC2SSf7DhXurn4znl5c4a7MaLZ2', '2021-03-30', 15, 1, 1),
('XAC2SSf7DhXurn4znl5c4a7MaLZ2', '2021-03-30', 16, 3, 1),
('XAC2SSf7DhXurn4znl5c4a7MaLZ2', '2021-03-30', 17, 2, 1),
('XAC2SSf7DhXurn4znl5c4a7MaLZ2', '2021-03-30', 18, 5, 1),
('XAC2SSf7DhXurn4znl5c4a7MaLZ2', '2021-03-30', 19, 2, 1),
('XAC2SSf7DhXurn4znl5c4a7MaLZ2', '2021-03-30', 20, 3, 1),
('XAC2SSf7DhXurn4znl5c4a7MaLZ2', '2021-03-30', 21, 2, 1),
('XAC2SSf7DhXurn4znl5c4a7MaLZ2', '2021-03-30', 22, 2, 1),
('XAC2SSf7DhXurn4znl5c4a7MaLZ2', '2021-03-30', 23, 12, 1),
('XAC2SSf7DhXurn4znl5c4a7MaLZ2', '2021-03-30', 24, 14, 1),
('XAC2SSf7DhXurn4znl5c4a7MaLZ2', '2021-03-30', 25, 3, 1),
('XAC2SSf7DhXurn4znl5c4a7MaLZ2', '2021-03-30', 26, 2, 1),
('XAC2SSf7DhXurn4znl5c4a7MaLZ2', '2021-03-30', 27, 2, 1),
('XAC2SSf7DhXurn4znl5c4a7MaLZ2', '2021-03-30', 28, 3, 1),
('xMAN6GPCzARspFWVXF094UaqVRk2', '2021-01-04', 1, 1, 0),
('xMAN6GPCzARspFWVXF094UaqVRk2', '2021-01-04', 2, 1, 0),
('xMAN6GPCzARspFWVXF094UaqVRk2', '2021-01-04', 3, 0, 0),
('xMAN6GPCzARspFWVXF094UaqVRk2', '2021-01-04', 4, 0, 0),
('xMAN6GPCzARspFWVXF094UaqVRk2', '2021-01-04', 5, 0, 0),
('xMAN6GPCzARspFWVXF094UaqVRk2', '2021-01-04', 6, 0, 0),
('xMAN6GPCzARspFWVXF094UaqVRk2', '2021-01-04', 7, 0, 0),
('xMAN6GPCzARspFWVXF094UaqVRk2', '2021-01-04', 8, 2, 0),
('xMAN6GPCzARspFWVXF094UaqVRk2', '2021-01-04', 9, 2, 0),
('xMAN6GPCzARspFWVXF094UaqVRk2', '2021-01-04', 10, 4, 0),
('xMAN6GPCzARspFWVXF094UaqVRk2', '2021-01-04', 11, 0, 0),
('xMAN6GPCzARspFWVXF094UaqVRk2', '2021-01-04', 13, 0, 0),
('xMAN6GPCzARspFWVXF094UaqVRk2', '2021-01-04', 14, 0, 0),
('xMAN6GPCzARspFWVXF094UaqVRk2', '2021-01-04', 15, 1, 0),
('xMAN6GPCzARspFWVXF094UaqVRk2', '2021-01-04', 16, 3, 0),
('xMAN6GPCzARspFWVXF094UaqVRk2', '2021-01-04', 17, 2, 0),
('xMAN6GPCzARspFWVXF094UaqVRk2', '2021-01-04', 18, 0, 0),
('xMAN6GPCzARspFWVXF094UaqVRk2', '2021-01-04', 19, 0, 0),
('xMAN6GPCzARspFWVXF094UaqVRk2', '2021-01-04', 20, 0, 0),
('xMAN6GPCzARspFWVXF094UaqVRk2', '2021-01-04', 21, 2, 0),
('xMAN6GPCzARspFWVXF094UaqVRk2', '2021-01-04', 22, 0, 0),
('xMAN6GPCzARspFWVXF094UaqVRk2', '2021-01-04', 23, 0, 0),
('xMAN6GPCzARspFWVXF094UaqVRk2', '2021-01-04', 24, 0, 0),
('xMAN6GPCzARspFWVXF094UaqVRk2', '2021-01-04', 25, 3, 0),
('xMAN6GPCzARspFWVXF094UaqVRk2', '2021-01-04', 26, 2, 0),
('xMAN6GPCzARspFWVXF094UaqVRk2', '2021-01-04', 27, 2, 0),
('xMAN6GPCzARspFWVXF094UaqVRk2', '2021-01-04', 28, 0, 0),
('xRKUTJoAxWePYW9nu2MwdC6Fish2', '2021-05-06', 1, 1, 0),
('xRKUTJoAxWePYW9nu2MwdC6Fish2', '2021-05-06', 2, 1, 0),
('xRKUTJoAxWePYW9nu2MwdC6Fish2', '2021-05-06', 3, 0, 0),
('xRKUTJoAxWePYW9nu2MwdC6Fish2', '2021-05-06', 4, 0, 0),
('xRKUTJoAxWePYW9nu2MwdC6Fish2', '2021-05-06', 5, 0, 0),
('xRKUTJoAxWePYW9nu2MwdC6Fish2', '2021-05-06', 6, 0, 0),
('xRKUTJoAxWePYW9nu2MwdC6Fish2', '2021-05-06', 7, 0, 0),
('xRKUTJoAxWePYW9nu2MwdC6Fish2', '2021-05-06', 8, 2, 0),
('xRKUTJoAxWePYW9nu2MwdC6Fish2', '2021-05-06', 9, 2, 0),
('xRKUTJoAxWePYW9nu2MwdC6Fish2', '2021-05-06', 10, 4, 0),
('xRKUTJoAxWePYW9nu2MwdC6Fish2', '2021-05-06', 11, 0, 0),
('xRKUTJoAxWePYW9nu2MwdC6Fish2', '2021-05-06', 13, 0, 0),
('xRKUTJoAxWePYW9nu2MwdC6Fish2', '2021-05-06', 14, 0, 0),
('xRKUTJoAxWePYW9nu2MwdC6Fish2', '2021-05-06', 15, 1, 0),
('xRKUTJoAxWePYW9nu2MwdC6Fish2', '2021-05-06', 16, 3, 0),
('xRKUTJoAxWePYW9nu2MwdC6Fish2', '2021-05-06', 17, 2, 0),
('xRKUTJoAxWePYW9nu2MwdC6Fish2', '2021-05-06', 18, 0, 0),
('xRKUTJoAxWePYW9nu2MwdC6Fish2', '2021-05-06', 19, 0, 0),
('xRKUTJoAxWePYW9nu2MwdC6Fish2', '2021-05-06', 20, 0, 0),
('xRKUTJoAxWePYW9nu2MwdC6Fish2', '2021-05-06', 21, 2, 0),
('xRKUTJoAxWePYW9nu2MwdC6Fish2', '2021-05-06', 22, 0, 0),
('xRKUTJoAxWePYW9nu2MwdC6Fish2', '2021-05-06', 23, 0, 0),
('xRKUTJoAxWePYW9nu2MwdC6Fish2', '2021-05-06', 24, 0, 0),
('xRKUTJoAxWePYW9nu2MwdC6Fish2', '2021-05-06', 25, 3, 0),
('xRKUTJoAxWePYW9nu2MwdC6Fish2', '2021-05-06', 26, 2, 0),
('xRKUTJoAxWePYW9nu2MwdC6Fish2', '2021-05-06', 27, 2, 0),
('xRKUTJoAxWePYW9nu2MwdC6Fish2', '2021-05-06', 28, 0, 0),
('xrROVxPxQ9QcO8mKJwnZR96cikk1', '2020-12-26', 1, 1, 0),
('xrROVxPxQ9QcO8mKJwnZR96cikk1', '2020-12-26', 2, 1, 1),
('xrROVxPxQ9QcO8mKJwnZR96cikk1', '2020-12-26', 3, 1, 1),
('xrROVxPxQ9QcO8mKJwnZR96cikk1', '2020-12-26', 4, 1, 1),
('xrROVxPxQ9QcO8mKJwnZR96cikk1', '2020-12-26', 5, 0, 0),
('xrROVxPxQ9QcO8mKJwnZR96cikk1', '2020-12-26', 6, 1, 1),
('xrROVxPxQ9QcO8mKJwnZR96cikk1', '2020-12-26', 7, 0, 0),
('xrROVxPxQ9QcO8mKJwnZR96cikk1', '2020-12-26', 8, 2, 1),
('xrROVxPxQ9QcO8mKJwnZR96cikk1', '2020-12-26', 9, 2, 0),
('xrROVxPxQ9QcO8mKJwnZR96cikk1', '2020-12-26', 10, 4, 0),
('xrROVxPxQ9QcO8mKJwnZR96cikk1', '2020-12-26', 11, 0, 0),
('xrROVxPxQ9QcO8mKJwnZR96cikk1', '2020-12-26', 13, 0, 0),
('xrROVxPxQ9QcO8mKJwnZR96cikk1', '2020-12-26', 14, 0, 0),
('xrROVxPxQ9QcO8mKJwnZR96cikk1', '2020-12-26', 15, 1, 0),
('xrROVxPxQ9QcO8mKJwnZR96cikk1', '2020-12-26', 16, 3, 0),
('xrROVxPxQ9QcO8mKJwnZR96cikk1', '2020-12-26', 17, 2, 0),
('xrROVxPxQ9QcO8mKJwnZR96cikk1', '2020-12-26', 18, 0, 0),
('xrROVxPxQ9QcO8mKJwnZR96cikk1', '2020-12-26', 19, 0, 0),
('xrROVxPxQ9QcO8mKJwnZR96cikk1', '2020-12-26', 20, 0, 0),
('xrROVxPxQ9QcO8mKJwnZR96cikk1', '2020-12-26', 21, 2, 0),
('xrROVxPxQ9QcO8mKJwnZR96cikk1', '2020-12-26', 22, 0, 0),
('xrROVxPxQ9QcO8mKJwnZR96cikk1', '2020-12-26', 23, 0, 0),
('xrROVxPxQ9QcO8mKJwnZR96cikk1', '2020-12-26', 24, 0, 0),
('xrROVxPxQ9QcO8mKJwnZR96cikk1', '2020-12-26', 25, 3, 0),
('xrROVxPxQ9QcO8mKJwnZR96cikk1', '2020-12-26', 26, 2, 0),
('xrROVxPxQ9QcO8mKJwnZR96cikk1', '2020-12-26', 27, 2, 0),
('xrROVxPxQ9QcO8mKJwnZR96cikk1', '2020-12-26', 28, 0, 0),
('xSZ2B3yre7cQyyJ31Z4TgKVWcgj2', '2022-03-23', 1, 1, 0),
('xSZ2B3yre7cQyyJ31Z4TgKVWcgj2', '2022-03-23', 2, 1, 0),
('xSZ2B3yre7cQyyJ31Z4TgKVWcgj2', '2022-03-23', 3, 0, 0),
('xSZ2B3yre7cQyyJ31Z4TgKVWcgj2', '2022-03-23', 4, 0, 0),
('xSZ2B3yre7cQyyJ31Z4TgKVWcgj2', '2022-03-23', 5, 0, 0),
('xSZ2B3yre7cQyyJ31Z4TgKVWcgj2', '2022-03-23', 6, 0, 0),
('xSZ2B3yre7cQyyJ31Z4TgKVWcgj2', '2022-03-23', 7, 0, 0),
('xSZ2B3yre7cQyyJ31Z4TgKVWcgj2', '2022-03-23', 8, 2, 0),
('xSZ2B3yre7cQyyJ31Z4TgKVWcgj2', '2022-03-23', 9, 2, 0),
('xSZ2B3yre7cQyyJ31Z4TgKVWcgj2', '2022-03-23', 10, 4, 0),
('xSZ2B3yre7cQyyJ31Z4TgKVWcgj2', '2022-03-23', 11, 0, 0),
('xSZ2B3yre7cQyyJ31Z4TgKVWcgj2', '2022-03-23', 13, 0, 0),
('xSZ2B3yre7cQyyJ31Z4TgKVWcgj2', '2022-03-23', 14, 0, 0),
('xSZ2B3yre7cQyyJ31Z4TgKVWcgj2', '2022-03-23', 15, 1, 0),
('xSZ2B3yre7cQyyJ31Z4TgKVWcgj2', '2022-03-23', 16, 3, 0),
('xSZ2B3yre7cQyyJ31Z4TgKVWcgj2', '2022-03-23', 17, 2, 0),
('xSZ2B3yre7cQyyJ31Z4TgKVWcgj2', '2022-03-23', 18, 0, 0),
('xSZ2B3yre7cQyyJ31Z4TgKVWcgj2', '2022-03-23', 19, 0, 0),
('xSZ2B3yre7cQyyJ31Z4TgKVWcgj2', '2022-03-23', 20, 0, 0),
('xSZ2B3yre7cQyyJ31Z4TgKVWcgj2', '2022-03-23', 21, 2, 0),
('xSZ2B3yre7cQyyJ31Z4TgKVWcgj2', '2022-03-23', 22, 0, 0),
('xSZ2B3yre7cQyyJ31Z4TgKVWcgj2', '2022-03-23', 23, 0, 0),
('xSZ2B3yre7cQyyJ31Z4TgKVWcgj2', '2022-03-23', 24, 0, 0),
('xSZ2B3yre7cQyyJ31Z4TgKVWcgj2', '2022-03-23', 25, 3, 0),
('xSZ2B3yre7cQyyJ31Z4TgKVWcgj2', '2022-03-23', 26, 2, 0),
('xSZ2B3yre7cQyyJ31Z4TgKVWcgj2', '2022-03-23', 27, 2, 0),
('xSZ2B3yre7cQyyJ31Z4TgKVWcgj2', '2022-03-23', 28, 0, 0),
('xUYB97MQDifxKNZCBJk63YNE3Wz2', '2021-01-26', 1, 1, 1),
('xUYB97MQDifxKNZCBJk63YNE3Wz2', '2021-01-26', 2, 1, 1),
('xUYB97MQDifxKNZCBJk63YNE3Wz2', '2021-01-26', 3, 1, 1),
('xUYB97MQDifxKNZCBJk63YNE3Wz2', '2021-01-26', 4, 1, 1),
('xUYB97MQDifxKNZCBJk63YNE3Wz2', '2021-01-26', 5, 2, 1),
('xUYB97MQDifxKNZCBJk63YNE3Wz2', '2021-01-26', 6, 2, 1),
('xUYB97MQDifxKNZCBJk63YNE3Wz2', '2021-01-26', 7, 2, 1),
('xUYB97MQDifxKNZCBJk63YNE3Wz2', '2021-02-21', 8, 2, 1),
('xUYB97MQDifxKNZCBJk63YNE3Wz2', '2021-02-21', 9, 2, 1),
('xUYB97MQDifxKNZCBJk63YNE3Wz2', '2021-02-21', 10, 4, 1),
('xUYB97MQDifxKNZCBJk63YNE3Wz2', '2021-02-21', 11, 0, 1),
('xUYB97MQDifxKNZCBJk63YNE3Wz2', '2021-02-27', 13, 2, 1),
('xUYB97MQDifxKNZCBJk63YNE3Wz2', '2021-03-02', 14, 2, 1),
('xUYB97MQDifxKNZCBJk63YNE3Wz2', '2021-03-02', 15, 1, 1),
('xUYB97MQDifxKNZCBJk63YNE3Wz2', '2021-03-02', 16, 3, 1),
('xUYB97MQDifxKNZCBJk63YNE3Wz2', '2021-01-26', 17, 2, 0),
('xUYB97MQDifxKNZCBJk63YNE3Wz2', '2021-01-26', 18, 0, 0),
('xUYB97MQDifxKNZCBJk63YNE3Wz2', '2021-01-26', 19, 0, 0),
('xUYB97MQDifxKNZCBJk63YNE3Wz2', '2021-01-26', 20, 0, 0),
('xUYB97MQDifxKNZCBJk63YNE3Wz2', '2021-01-26', 21, 2, 0),
('xUYB97MQDifxKNZCBJk63YNE3Wz2', '2021-01-26', 22, 0, 0),
('xUYB97MQDifxKNZCBJk63YNE3Wz2', '2021-01-26', 23, 0, 0),
('xUYB97MQDifxKNZCBJk63YNE3Wz2', '2021-01-26', 24, 0, 0),
('xUYB97MQDifxKNZCBJk63YNE3Wz2', '2021-01-26', 25, 3, 0),
('xUYB97MQDifxKNZCBJk63YNE3Wz2', '2021-01-26', 26, 2, 0),
('xUYB97MQDifxKNZCBJk63YNE3Wz2', '2021-01-26', 27, 2, 0),
('xUYB97MQDifxKNZCBJk63YNE3Wz2', '2021-01-26', 28, 0, 0),
('y15gOSyf0LatHxc3tpxg59DFnaM2', '2021-03-04', 1, 1, 1),
('y15gOSyf0LatHxc3tpxg59DFnaM2', '2021-03-04', 2, 1, 1),
('y15gOSyf0LatHxc3tpxg59DFnaM2', '2021-03-04', 3, 1, 1),
('y15gOSyf0LatHxc3tpxg59DFnaM2', '2021-03-05', 4, 1, 1),
('y15gOSyf0LatHxc3tpxg59DFnaM2', '2021-03-07', 5, 2, 1),
('y15gOSyf0LatHxc3tpxg59DFnaM2', '2021-03-09', 6, 2, 1),
('y15gOSyf0LatHxc3tpxg59DFnaM2', '2021-03-20', 7, 2, 1),
('y15gOSyf0LatHxc3tpxg59DFnaM2', '2021-03-21', 8, 2, 1),
('y15gOSyf0LatHxc3tpxg59DFnaM2', '2021-03-25', 9, 2, 1),
('y15gOSyf0LatHxc3tpxg59DFnaM2', '2021-03-25', 10, 4, 1),
('y15gOSyf0LatHxc3tpxg59DFnaM2', '2021-04-15', 11, 14, 1),
('y15gOSyf0LatHxc3tpxg59DFnaM2', '2021-04-18', 13, 2, 1),
('y15gOSyf0LatHxc3tpxg59DFnaM2', '2021-04-21', 14, 2, 1),
('y15gOSyf0LatHxc3tpxg59DFnaM2', '2021-04-21', 15, 1, 1),
('y15gOSyf0LatHxc3tpxg59DFnaM2', '2021-04-21', 16, 3, 1),
('y15gOSyf0LatHxc3tpxg59DFnaM2', '2021-04-21', 17, 2, 1),
('y15gOSyf0LatHxc3tpxg59DFnaM2', '2021-04-21', 18, 0, 1),
('y15gOSyf0LatHxc3tpxg59DFnaM2', '2021-03-04', 19, 0, 0),
('y15gOSyf0LatHxc3tpxg59DFnaM2', '2021-03-04', 20, 0, 0),
('y15gOSyf0LatHxc3tpxg59DFnaM2', '2021-03-04', 21, 2, 0),
('y15gOSyf0LatHxc3tpxg59DFnaM2', '2021-03-04', 22, 0, 0),
('y15gOSyf0LatHxc3tpxg59DFnaM2', '2021-03-04', 23, 0, 0),
('y15gOSyf0LatHxc3tpxg59DFnaM2', '2021-03-04', 24, 0, 0),
('y15gOSyf0LatHxc3tpxg59DFnaM2', '2021-03-04', 25, 3, 0),
('y15gOSyf0LatHxc3tpxg59DFnaM2', '2021-03-04', 26, 2, 0);
INSERT INTO `user_cups` (`user_name`, `date_update`, `chapter_id`, `victory_cups_wined`, `is_readed`) VALUES
('y15gOSyf0LatHxc3tpxg59DFnaM2', '2021-03-04', 27, 2, 0),
('y15gOSyf0LatHxc3tpxg59DFnaM2', '2021-03-04', 28, 0, 0),
('y2d7CiPJWyUNEjePzswq3xGq3552', '2021-03-25', 1, 1, 0),
('y2d7CiPJWyUNEjePzswq3xGq3552', '2021-03-25', 2, 1, 0),
('y2d7CiPJWyUNEjePzswq3xGq3552', '2021-03-25', 3, 0, 0),
('y2d7CiPJWyUNEjePzswq3xGq3552', '2021-03-25', 4, 0, 0),
('y2d7CiPJWyUNEjePzswq3xGq3552', '2021-03-25', 5, 0, 0),
('y2d7CiPJWyUNEjePzswq3xGq3552', '2021-03-25', 6, 0, 0),
('y2d7CiPJWyUNEjePzswq3xGq3552', '2021-03-25', 7, 0, 0),
('y2d7CiPJWyUNEjePzswq3xGq3552', '2021-03-25', 8, 2, 0),
('y2d7CiPJWyUNEjePzswq3xGq3552', '2021-03-25', 9, 2, 0),
('y2d7CiPJWyUNEjePzswq3xGq3552', '2021-03-25', 10, 4, 0),
('y2d7CiPJWyUNEjePzswq3xGq3552', '2021-03-25', 11, 0, 0),
('y2d7CiPJWyUNEjePzswq3xGq3552', '2021-03-25', 13, 0, 0),
('y2d7CiPJWyUNEjePzswq3xGq3552', '2021-03-25', 14, 0, 0),
('y2d7CiPJWyUNEjePzswq3xGq3552', '2021-03-25', 15, 1, 0),
('y2d7CiPJWyUNEjePzswq3xGq3552', '2021-03-25', 16, 3, 0),
('y2d7CiPJWyUNEjePzswq3xGq3552', '2021-03-25', 17, 2, 0),
('y2d7CiPJWyUNEjePzswq3xGq3552', '2021-03-25', 18, 0, 0),
('y2d7CiPJWyUNEjePzswq3xGq3552', '2021-03-25', 19, 0, 0),
('y2d7CiPJWyUNEjePzswq3xGq3552', '2021-03-25', 20, 0, 0),
('y2d7CiPJWyUNEjePzswq3xGq3552', '2021-03-25', 21, 2, 0),
('y2d7CiPJWyUNEjePzswq3xGq3552', '2021-03-25', 22, 0, 0),
('y2d7CiPJWyUNEjePzswq3xGq3552', '2021-03-25', 23, 0, 0),
('y2d7CiPJWyUNEjePzswq3xGq3552', '2021-03-25', 24, 0, 0),
('y2d7CiPJWyUNEjePzswq3xGq3552', '2021-03-25', 25, 3, 0),
('y2d7CiPJWyUNEjePzswq3xGq3552', '2021-03-25', 26, 2, 0),
('y2d7CiPJWyUNEjePzswq3xGq3552', '2021-03-25', 27, 2, 0),
('y2d7CiPJWyUNEjePzswq3xGq3552', '2021-03-25', 28, 0, 0),
('yeZbYe6D44Vh4AKPtzkTfITK3hO2', '2020-12-27', 1, 1, 0),
('yeZbYe6D44Vh4AKPtzkTfITK3hO2', '2020-12-27', 2, 1, 0),
('yeZbYe6D44Vh4AKPtzkTfITK3hO2', '2020-12-27', 3, 0, 0),
('yeZbYe6D44Vh4AKPtzkTfITK3hO2', '2020-12-27', 4, 0, 0),
('yeZbYe6D44Vh4AKPtzkTfITK3hO2', '2020-12-27', 5, 0, 0),
('yeZbYe6D44Vh4AKPtzkTfITK3hO2', '2020-12-27', 6, 0, 0),
('yeZbYe6D44Vh4AKPtzkTfITK3hO2', '2020-12-27', 7, 0, 0),
('yeZbYe6D44Vh4AKPtzkTfITK3hO2', '2020-12-27', 8, 2, 0),
('yeZbYe6D44Vh4AKPtzkTfITK3hO2', '2020-12-27', 9, 2, 0),
('yeZbYe6D44Vh4AKPtzkTfITK3hO2', '2020-12-27', 10, 4, 0),
('yeZbYe6D44Vh4AKPtzkTfITK3hO2', '2020-12-27', 11, 0, 0),
('yeZbYe6D44Vh4AKPtzkTfITK3hO2', '2020-12-27', 13, 0, 0),
('yeZbYe6D44Vh4AKPtzkTfITK3hO2', '2020-12-27', 14, 0, 0),
('yeZbYe6D44Vh4AKPtzkTfITK3hO2', '2020-12-27', 15, 1, 0),
('yeZbYe6D44Vh4AKPtzkTfITK3hO2', '2020-12-27', 16, 3, 0),
('yeZbYe6D44Vh4AKPtzkTfITK3hO2', '2020-12-27', 17, 2, 0),
('yeZbYe6D44Vh4AKPtzkTfITK3hO2', '2020-12-27', 18, 0, 0),
('yeZbYe6D44Vh4AKPtzkTfITK3hO2', '2020-12-27', 19, 0, 0),
('yeZbYe6D44Vh4AKPtzkTfITK3hO2', '2020-12-27', 20, 0, 0),
('yeZbYe6D44Vh4AKPtzkTfITK3hO2', '2020-12-27', 21, 2, 0),
('yeZbYe6D44Vh4AKPtzkTfITK3hO2', '2020-12-27', 22, 0, 0),
('yeZbYe6D44Vh4AKPtzkTfITK3hO2', '2020-12-27', 23, 0, 0),
('yeZbYe6D44Vh4AKPtzkTfITK3hO2', '2020-12-27', 24, 0, 0),
('yeZbYe6D44Vh4AKPtzkTfITK3hO2', '2020-12-27', 25, 3, 0),
('yeZbYe6D44Vh4AKPtzkTfITK3hO2', '2020-12-27', 26, 2, 0),
('yeZbYe6D44Vh4AKPtzkTfITK3hO2', '2020-12-27', 27, 2, 0),
('yeZbYe6D44Vh4AKPtzkTfITK3hO2', '2020-12-27', 28, 0, 0),
('yFaFZkhNM7YItelLm57g7xFzzza2', '2020-12-30', 1, 1, 0),
('yFaFZkhNM7YItelLm57g7xFzzza2', '2020-12-30', 2, 1, 0),
('yFaFZkhNM7YItelLm57g7xFzzza2', '2020-12-30', 3, 0, 0),
('yFaFZkhNM7YItelLm57g7xFzzza2', '2020-12-30', 4, 0, 0),
('yFaFZkhNM7YItelLm57g7xFzzza2', '2020-12-30', 5, 0, 0),
('yFaFZkhNM7YItelLm57g7xFzzza2', '2020-12-30', 6, 0, 0),
('yFaFZkhNM7YItelLm57g7xFzzza2', '2020-12-30', 7, 0, 0),
('yFaFZkhNM7YItelLm57g7xFzzza2', '2020-12-30', 8, 2, 0),
('yFaFZkhNM7YItelLm57g7xFzzza2', '2020-12-30', 9, 2, 0),
('yFaFZkhNM7YItelLm57g7xFzzza2', '2020-12-30', 10, 4, 0),
('yFaFZkhNM7YItelLm57g7xFzzza2', '2020-12-30', 11, 0, 0),
('yFaFZkhNM7YItelLm57g7xFzzza2', '2020-12-30', 13, 0, 0),
('yFaFZkhNM7YItelLm57g7xFzzza2', '2020-12-30', 14, 0, 0),
('yFaFZkhNM7YItelLm57g7xFzzza2', '2020-12-30', 15, 1, 0),
('yFaFZkhNM7YItelLm57g7xFzzza2', '2020-12-30', 16, 3, 0),
('yFaFZkhNM7YItelLm57g7xFzzza2', '2020-12-30', 17, 2, 0),
('yFaFZkhNM7YItelLm57g7xFzzza2', '2020-12-30', 18, 0, 0),
('yFaFZkhNM7YItelLm57g7xFzzza2', '2020-12-30', 19, 0, 0),
('yFaFZkhNM7YItelLm57g7xFzzza2', '2020-12-30', 20, 0, 0),
('yFaFZkhNM7YItelLm57g7xFzzza2', '2020-12-30', 21, 2, 0),
('yFaFZkhNM7YItelLm57g7xFzzza2', '2020-12-30', 22, 0, 0),
('yFaFZkhNM7YItelLm57g7xFzzza2', '2020-12-30', 23, 0, 0),
('yFaFZkhNM7YItelLm57g7xFzzza2', '2020-12-30', 24, 0, 0),
('yFaFZkhNM7YItelLm57g7xFzzza2', '2020-12-30', 25, 3, 0),
('yFaFZkhNM7YItelLm57g7xFzzza2', '2020-12-30', 26, 2, 0),
('yFaFZkhNM7YItelLm57g7xFzzza2', '2020-12-30', 27, 2, 0),
('yFaFZkhNM7YItelLm57g7xFzzza2', '2020-12-30', 28, 0, 0),
('YFPiph0OL3egYKbbWWLqgyjJN973', '2021-05-05', 1, 1, 0),
('YFPiph0OL3egYKbbWWLqgyjJN973', '2021-05-05', 2, 1, 0),
('YFPiph0OL3egYKbbWWLqgyjJN973', '2021-05-05', 3, 0, 0),
('YFPiph0OL3egYKbbWWLqgyjJN973', '2021-05-05', 4, 0, 0),
('YFPiph0OL3egYKbbWWLqgyjJN973', '2021-05-05', 5, 0, 0),
('YFPiph0OL3egYKbbWWLqgyjJN973', '2021-05-05', 6, 0, 0),
('YFPiph0OL3egYKbbWWLqgyjJN973', '2021-05-05', 7, 0, 0),
('YFPiph0OL3egYKbbWWLqgyjJN973', '2021-05-05', 8, 2, 0),
('YFPiph0OL3egYKbbWWLqgyjJN973', '2021-05-05', 9, 2, 0),
('YFPiph0OL3egYKbbWWLqgyjJN973', '2021-05-05', 10, 4, 0),
('YFPiph0OL3egYKbbWWLqgyjJN973', '2021-05-05', 11, 0, 0),
('YFPiph0OL3egYKbbWWLqgyjJN973', '2021-05-05', 13, 0, 0),
('YFPiph0OL3egYKbbWWLqgyjJN973', '2021-05-05', 14, 0, 0),
('YFPiph0OL3egYKbbWWLqgyjJN973', '2021-05-05', 15, 1, 0),
('YFPiph0OL3egYKbbWWLqgyjJN973', '2021-05-05', 16, 3, 0),
('YFPiph0OL3egYKbbWWLqgyjJN973', '2021-05-05', 17, 2, 0),
('YFPiph0OL3egYKbbWWLqgyjJN973', '2021-05-05', 18, 0, 0),
('YFPiph0OL3egYKbbWWLqgyjJN973', '2021-05-05', 19, 0, 0),
('YFPiph0OL3egYKbbWWLqgyjJN973', '2021-05-05', 20, 0, 0),
('YFPiph0OL3egYKbbWWLqgyjJN973', '2021-05-05', 21, 2, 0),
('YFPiph0OL3egYKbbWWLqgyjJN973', '2021-05-05', 22, 0, 0),
('YFPiph0OL3egYKbbWWLqgyjJN973', '2021-05-05', 23, 0, 0),
('YFPiph0OL3egYKbbWWLqgyjJN973', '2021-05-05', 24, 0, 0),
('YFPiph0OL3egYKbbWWLqgyjJN973', '2021-05-05', 25, 3, 0),
('YFPiph0OL3egYKbbWWLqgyjJN973', '2021-05-05', 26, 2, 0),
('YFPiph0OL3egYKbbWWLqgyjJN973', '2021-05-05', 27, 2, 0),
('YFPiph0OL3egYKbbWWLqgyjJN973', '2021-05-05', 28, 0, 0),
('YRQGhlsT14Z6vGk0FzoMC5GNSXD2', '2020-12-30', 1, 1, 0),
('YRQGhlsT14Z6vGk0FzoMC5GNSXD2', '2020-12-30', 2, 1, 0),
('YRQGhlsT14Z6vGk0FzoMC5GNSXD2', '2020-12-30', 3, 0, 0),
('YRQGhlsT14Z6vGk0FzoMC5GNSXD2', '2020-12-30', 4, 0, 0),
('YRQGhlsT14Z6vGk0FzoMC5GNSXD2', '2020-12-30', 5, 0, 0),
('YRQGhlsT14Z6vGk0FzoMC5GNSXD2', '2020-12-30', 6, 0, 0),
('YRQGhlsT14Z6vGk0FzoMC5GNSXD2', '2020-12-30', 7, 0, 0),
('YRQGhlsT14Z6vGk0FzoMC5GNSXD2', '2020-12-30', 8, 2, 0),
('YRQGhlsT14Z6vGk0FzoMC5GNSXD2', '2020-12-30', 9, 2, 0),
('YRQGhlsT14Z6vGk0FzoMC5GNSXD2', '2020-12-30', 10, 4, 0),
('YRQGhlsT14Z6vGk0FzoMC5GNSXD2', '2020-12-30', 11, 0, 0),
('YRQGhlsT14Z6vGk0FzoMC5GNSXD2', '2020-12-30', 13, 0, 0),
('YRQGhlsT14Z6vGk0FzoMC5GNSXD2', '2020-12-30', 14, 0, 0),
('YRQGhlsT14Z6vGk0FzoMC5GNSXD2', '2020-12-30', 15, 1, 0),
('YRQGhlsT14Z6vGk0FzoMC5GNSXD2', '2020-12-30', 16, 3, 0),
('YRQGhlsT14Z6vGk0FzoMC5GNSXD2', '2020-12-30', 17, 2, 0),
('YRQGhlsT14Z6vGk0FzoMC5GNSXD2', '2020-12-30', 18, 0, 0),
('YRQGhlsT14Z6vGk0FzoMC5GNSXD2', '2020-12-30', 19, 0, 0),
('YRQGhlsT14Z6vGk0FzoMC5GNSXD2', '2020-12-30', 20, 0, 0),
('YRQGhlsT14Z6vGk0FzoMC5GNSXD2', '2020-12-30', 21, 2, 0),
('YRQGhlsT14Z6vGk0FzoMC5GNSXD2', '2020-12-30', 22, 0, 0),
('YRQGhlsT14Z6vGk0FzoMC5GNSXD2', '2020-12-30', 23, 0, 0),
('YRQGhlsT14Z6vGk0FzoMC5GNSXD2', '2020-12-30', 24, 0, 0),
('YRQGhlsT14Z6vGk0FzoMC5GNSXD2', '2020-12-30', 25, 3, 0),
('YRQGhlsT14Z6vGk0FzoMC5GNSXD2', '2020-12-30', 26, 2, 0),
('YRQGhlsT14Z6vGk0FzoMC5GNSXD2', '2020-12-30', 27, 2, 0),
('YRQGhlsT14Z6vGk0FzoMC5GNSXD2', '2020-12-30', 28, 0, 0),
('yuycXXL66cbHvHnLEIPl0wit5Z83', '2022-03-31', 1, 1, 0),
('yuycXXL66cbHvHnLEIPl0wit5Z83', '2022-03-31', 2, 1, 0),
('yuycXXL66cbHvHnLEIPl0wit5Z83', '2022-03-31', 3, 0, 0),
('yuycXXL66cbHvHnLEIPl0wit5Z83', '2022-03-31', 4, 0, 0),
('yuycXXL66cbHvHnLEIPl0wit5Z83', '2022-03-31', 5, 0, 0),
('yuycXXL66cbHvHnLEIPl0wit5Z83', '2022-03-31', 6, 0, 0),
('yuycXXL66cbHvHnLEIPl0wit5Z83', '2022-03-31', 7, 0, 0),
('yuycXXL66cbHvHnLEIPl0wit5Z83', '2022-03-31', 8, 2, 0),
('yuycXXL66cbHvHnLEIPl0wit5Z83', '2022-03-31', 9, 2, 0),
('yuycXXL66cbHvHnLEIPl0wit5Z83', '2022-03-31', 10, 4, 0),
('yuycXXL66cbHvHnLEIPl0wit5Z83', '2022-03-31', 11, 0, 0),
('yuycXXL66cbHvHnLEIPl0wit5Z83', '2022-03-31', 13, 0, 0),
('yuycXXL66cbHvHnLEIPl0wit5Z83', '2022-03-31', 14, 0, 0),
('yuycXXL66cbHvHnLEIPl0wit5Z83', '2022-03-31', 15, 1, 0),
('yuycXXL66cbHvHnLEIPl0wit5Z83', '2022-03-31', 16, 3, 0),
('yuycXXL66cbHvHnLEIPl0wit5Z83', '2022-03-31', 17, 2, 0),
('yuycXXL66cbHvHnLEIPl0wit5Z83', '2022-03-31', 18, 0, 0),
('yuycXXL66cbHvHnLEIPl0wit5Z83', '2022-03-31', 19, 0, 0),
('yuycXXL66cbHvHnLEIPl0wit5Z83', '2022-03-31', 20, 0, 0),
('yuycXXL66cbHvHnLEIPl0wit5Z83', '2022-03-31', 21, 2, 0),
('yuycXXL66cbHvHnLEIPl0wit5Z83', '2022-03-31', 22, 0, 0),
('yuycXXL66cbHvHnLEIPl0wit5Z83', '2022-03-31', 23, 0, 0),
('yuycXXL66cbHvHnLEIPl0wit5Z83', '2022-03-31', 24, 0, 0),
('yuycXXL66cbHvHnLEIPl0wit5Z83', '2022-03-31', 25, 3, 0),
('yuycXXL66cbHvHnLEIPl0wit5Z83', '2022-03-31', 26, 2, 0),
('yuycXXL66cbHvHnLEIPl0wit5Z83', '2022-03-31', 27, 2, 0),
('yuycXXL66cbHvHnLEIPl0wit5Z83', '2022-03-31', 28, 0, 0),
('Zeiy0PORpXTN8uzTMo4pmiSoNAy2', '2021-11-24', 1, 1, 0),
('Zeiy0PORpXTN8uzTMo4pmiSoNAy2', '2021-11-25', 2, 1, 0),
('Zeiy0PORpXTN8uzTMo4pmiSoNAy2', '2021-11-24', 3, 0, 0),
('Zeiy0PORpXTN8uzTMo4pmiSoNAy2', '2021-11-24', 4, 0, 0),
('Zeiy0PORpXTN8uzTMo4pmiSoNAy2', '2021-11-24', 5, 0, 0),
('Zeiy0PORpXTN8uzTMo4pmiSoNAy2', '2021-11-24', 6, 0, 0),
('Zeiy0PORpXTN8uzTMo4pmiSoNAy2', '2021-11-24', 7, 0, 0),
('Zeiy0PORpXTN8uzTMo4pmiSoNAy2', '2021-11-24', 8, 2, 0),
('Zeiy0PORpXTN8uzTMo4pmiSoNAy2', '2021-11-24', 9, 2, 0),
('Zeiy0PORpXTN8uzTMo4pmiSoNAy2', '2021-11-24', 10, 4, 0),
('Zeiy0PORpXTN8uzTMo4pmiSoNAy2', '2021-11-24', 11, 0, 0),
('Zeiy0PORpXTN8uzTMo4pmiSoNAy2', '2021-11-24', 13, 0, 0),
('Zeiy0PORpXTN8uzTMo4pmiSoNAy2', '2021-11-24', 14, 0, 0),
('Zeiy0PORpXTN8uzTMo4pmiSoNAy2', '2021-11-24', 15, 1, 0),
('Zeiy0PORpXTN8uzTMo4pmiSoNAy2', '2021-11-24', 16, 3, 0),
('Zeiy0PORpXTN8uzTMo4pmiSoNAy2', '2021-11-24', 17, 2, 0),
('Zeiy0PORpXTN8uzTMo4pmiSoNAy2', '2021-11-24', 18, 0, 0),
('Zeiy0PORpXTN8uzTMo4pmiSoNAy2', '2021-11-24', 19, 0, 0),
('Zeiy0PORpXTN8uzTMo4pmiSoNAy2', '2021-11-24', 20, 0, 0),
('Zeiy0PORpXTN8uzTMo4pmiSoNAy2', '2021-11-24', 21, 2, 0),
('Zeiy0PORpXTN8uzTMo4pmiSoNAy2', '2021-11-24', 22, 0, 0),
('Zeiy0PORpXTN8uzTMo4pmiSoNAy2', '2021-11-24', 23, 0, 0),
('Zeiy0PORpXTN8uzTMo4pmiSoNAy2', '2021-11-24', 24, 0, 0),
('Zeiy0PORpXTN8uzTMo4pmiSoNAy2', '2021-11-24', 25, 3, 0),
('Zeiy0PORpXTN8uzTMo4pmiSoNAy2', '2021-11-24', 26, 2, 0),
('Zeiy0PORpXTN8uzTMo4pmiSoNAy2', '2021-11-24', 27, 2, 0),
('Zeiy0PORpXTN8uzTMo4pmiSoNAy2', '2021-11-24', 28, 0, 0),
('zHxCRGdWObbyNJ5gbg0fbx5CuLf2', '2021-03-21', 1, 1, 0),
('zHxCRGdWObbyNJ5gbg0fbx5CuLf2', '2021-03-21', 2, 1, 0),
('zHxCRGdWObbyNJ5gbg0fbx5CuLf2', '2021-03-21', 3, 0, 0),
('zHxCRGdWObbyNJ5gbg0fbx5CuLf2', '2021-03-21', 4, 0, 0),
('zHxCRGdWObbyNJ5gbg0fbx5CuLf2', '2021-03-21', 5, 0, 0),
('zHxCRGdWObbyNJ5gbg0fbx5CuLf2', '2021-03-21', 6, 0, 0),
('zHxCRGdWObbyNJ5gbg0fbx5CuLf2', '2021-03-21', 7, 0, 0),
('zHxCRGdWObbyNJ5gbg0fbx5CuLf2', '2021-03-21', 8, 2, 0),
('zHxCRGdWObbyNJ5gbg0fbx5CuLf2', '2021-03-21', 9, 2, 0),
('zHxCRGdWObbyNJ5gbg0fbx5CuLf2', '2021-03-21', 10, 4, 0),
('zHxCRGdWObbyNJ5gbg0fbx5CuLf2', '2021-03-21', 11, 0, 0),
('zHxCRGdWObbyNJ5gbg0fbx5CuLf2', '2021-03-21', 13, 0, 0),
('zHxCRGdWObbyNJ5gbg0fbx5CuLf2', '2021-03-21', 14, 0, 0),
('zHxCRGdWObbyNJ5gbg0fbx5CuLf2', '2021-03-21', 15, 1, 0),
('zHxCRGdWObbyNJ5gbg0fbx5CuLf2', '2021-03-21', 16, 3, 0),
('zHxCRGdWObbyNJ5gbg0fbx5CuLf2', '2021-03-21', 17, 2, 0),
('zHxCRGdWObbyNJ5gbg0fbx5CuLf2', '2021-03-21', 18, 0, 0),
('zHxCRGdWObbyNJ5gbg0fbx5CuLf2', '2021-03-21', 19, 0, 0),
('zHxCRGdWObbyNJ5gbg0fbx5CuLf2', '2021-03-21', 20, 0, 0),
('zHxCRGdWObbyNJ5gbg0fbx5CuLf2', '2021-03-21', 21, 2, 0),
('zHxCRGdWObbyNJ5gbg0fbx5CuLf2', '2021-03-21', 22, 0, 0),
('zHxCRGdWObbyNJ5gbg0fbx5CuLf2', '2021-03-21', 23, 0, 0),
('zHxCRGdWObbyNJ5gbg0fbx5CuLf2', '2021-03-21', 24, 0, 0),
('zHxCRGdWObbyNJ5gbg0fbx5CuLf2', '2021-03-21', 25, 3, 0),
('zHxCRGdWObbyNJ5gbg0fbx5CuLf2', '2021-03-21', 26, 2, 0),
('zHxCRGdWObbyNJ5gbg0fbx5CuLf2', '2021-03-21', 27, 2, 0),
('zHxCRGdWObbyNJ5gbg0fbx5CuLf2', '2021-03-21', 28, 0, 0),
('zjD9Xo9ynTUPv5XjVfuK33vK9lv2', '2021-11-25', 1, 1, 0),
('zjD9Xo9ynTUPv5XjVfuK33vK9lv2', '2021-11-25', 2, 1, 0),
('zjD9Xo9ynTUPv5XjVfuK33vK9lv2', '2021-11-25', 3, 0, 0),
('zjD9Xo9ynTUPv5XjVfuK33vK9lv2', '2021-11-25', 4, 0, 0),
('zjD9Xo9ynTUPv5XjVfuK33vK9lv2', '2021-11-25', 5, 0, 0),
('zjD9Xo9ynTUPv5XjVfuK33vK9lv2', '2021-11-25', 6, 0, 0),
('zjD9Xo9ynTUPv5XjVfuK33vK9lv2', '2021-11-25', 7, 0, 0),
('zjD9Xo9ynTUPv5XjVfuK33vK9lv2', '2021-11-25', 8, 2, 0),
('zjD9Xo9ynTUPv5XjVfuK33vK9lv2', '2021-11-25', 9, 2, 0),
('zjD9Xo9ynTUPv5XjVfuK33vK9lv2', '2021-11-25', 10, 4, 0),
('zjD9Xo9ynTUPv5XjVfuK33vK9lv2', '2021-11-25', 11, 0, 0),
('zjD9Xo9ynTUPv5XjVfuK33vK9lv2', '2021-11-25', 13, 0, 0),
('zjD9Xo9ynTUPv5XjVfuK33vK9lv2', '2021-11-25', 14, 0, 0),
('zjD9Xo9ynTUPv5XjVfuK33vK9lv2', '2021-11-25', 15, 1, 0),
('zjD9Xo9ynTUPv5XjVfuK33vK9lv2', '2021-11-25', 16, 3, 0),
('zjD9Xo9ynTUPv5XjVfuK33vK9lv2', '2021-11-25', 17, 2, 0),
('zjD9Xo9ynTUPv5XjVfuK33vK9lv2', '2021-11-25', 18, 0, 0),
('zjD9Xo9ynTUPv5XjVfuK33vK9lv2', '2021-11-25', 19, 0, 0),
('zjD9Xo9ynTUPv5XjVfuK33vK9lv2', '2021-11-25', 20, 0, 0),
('zjD9Xo9ynTUPv5XjVfuK33vK9lv2', '2021-11-25', 21, 2, 0),
('zjD9Xo9ynTUPv5XjVfuK33vK9lv2', '2021-11-25', 22, 0, 0),
('zjD9Xo9ynTUPv5XjVfuK33vK9lv2', '2021-11-25', 23, 0, 0),
('zjD9Xo9ynTUPv5XjVfuK33vK9lv2', '2021-11-25', 24, 0, 0),
('zjD9Xo9ynTUPv5XjVfuK33vK9lv2', '2021-11-25', 25, 3, 0),
('zjD9Xo9ynTUPv5XjVfuK33vK9lv2', '2021-11-25', 26, 2, 0),
('zjD9Xo9ynTUPv5XjVfuK33vK9lv2', '2021-11-25', 27, 2, 0),
('zjD9Xo9ynTUPv5XjVfuK33vK9lv2', '2021-11-25', 28, 0, 0),
('ZmIb8DaeoqVVWABSpQaSGTt6p722', '2021-01-03', 1, 1, 0),
('ZmIb8DaeoqVVWABSpQaSGTt6p722', '2021-01-03', 2, 1, 0),
('ZmIb8DaeoqVVWABSpQaSGTt6p722', '2021-01-03', 3, 0, 0),
('ZmIb8DaeoqVVWABSpQaSGTt6p722', '2021-01-03', 4, 0, 0),
('ZmIb8DaeoqVVWABSpQaSGTt6p722', '2021-01-03', 5, 0, 0),
('ZmIb8DaeoqVVWABSpQaSGTt6p722', '2021-01-03', 6, 0, 0),
('ZmIb8DaeoqVVWABSpQaSGTt6p722', '2021-01-03', 7, 0, 0),
('ZmIb8DaeoqVVWABSpQaSGTt6p722', '2021-01-03', 8, 2, 0),
('ZmIb8DaeoqVVWABSpQaSGTt6p722', '2021-01-03', 9, 2, 0),
('ZmIb8DaeoqVVWABSpQaSGTt6p722', '2021-01-03', 10, 4, 0),
('ZmIb8DaeoqVVWABSpQaSGTt6p722', '2021-01-03', 11, 0, 0),
('ZmIb8DaeoqVVWABSpQaSGTt6p722', '2021-01-03', 13, 0, 0),
('ZmIb8DaeoqVVWABSpQaSGTt6p722', '2021-01-03', 14, 0, 0),
('ZmIb8DaeoqVVWABSpQaSGTt6p722', '2021-01-03', 15, 1, 0),
('ZmIb8DaeoqVVWABSpQaSGTt6p722', '2021-01-03', 16, 3, 0),
('ZmIb8DaeoqVVWABSpQaSGTt6p722', '2021-01-03', 17, 2, 0),
('ZmIb8DaeoqVVWABSpQaSGTt6p722', '2021-01-03', 18, 0, 0),
('ZmIb8DaeoqVVWABSpQaSGTt6p722', '2021-01-03', 19, 0, 0),
('ZmIb8DaeoqVVWABSpQaSGTt6p722', '2021-01-03', 20, 0, 0),
('ZmIb8DaeoqVVWABSpQaSGTt6p722', '2021-01-03', 21, 2, 0),
('ZmIb8DaeoqVVWABSpQaSGTt6p722', '2021-01-03', 22, 0, 0),
('ZmIb8DaeoqVVWABSpQaSGTt6p722', '2021-01-03', 23, 0, 0),
('ZmIb8DaeoqVVWABSpQaSGTt6p722', '2021-01-03', 24, 0, 0),
('ZmIb8DaeoqVVWABSpQaSGTt6p722', '2021-01-03', 25, 3, 0),
('ZmIb8DaeoqVVWABSpQaSGTt6p722', '2021-01-03', 26, 2, 0),
('ZmIb8DaeoqVVWABSpQaSGTt6p722', '2021-01-03', 27, 2, 0),
('ZmIb8DaeoqVVWABSpQaSGTt6p722', '2021-01-03', 28, 0, 0),
('Zn02bpDlfnTqVOHBRzU8JUk5Xh92', '2021-02-07', 1, 1, 0),
('Zn02bpDlfnTqVOHBRzU8JUk5Xh92', '2021-02-07', 2, 1, 0),
('Zn02bpDlfnTqVOHBRzU8JUk5Xh92', '2021-02-07', 3, 0, 0),
('Zn02bpDlfnTqVOHBRzU8JUk5Xh92', '2021-02-07', 4, 0, 0),
('Zn02bpDlfnTqVOHBRzU8JUk5Xh92', '2021-02-07', 5, 0, 0),
('Zn02bpDlfnTqVOHBRzU8JUk5Xh92', '2021-02-07', 6, 0, 0),
('Zn02bpDlfnTqVOHBRzU8JUk5Xh92', '2021-02-07', 7, 0, 0),
('Zn02bpDlfnTqVOHBRzU8JUk5Xh92', '2021-02-07', 8, 2, 0),
('Zn02bpDlfnTqVOHBRzU8JUk5Xh92', '2021-02-07', 9, 2, 0),
('Zn02bpDlfnTqVOHBRzU8JUk5Xh92', '2021-02-07', 10, 4, 0),
('Zn02bpDlfnTqVOHBRzU8JUk5Xh92', '2021-02-07', 11, 0, 0),
('Zn02bpDlfnTqVOHBRzU8JUk5Xh92', '2021-02-07', 13, 0, 0),
('Zn02bpDlfnTqVOHBRzU8JUk5Xh92', '2021-02-07', 14, 0, 0),
('Zn02bpDlfnTqVOHBRzU8JUk5Xh92', '2021-02-07', 15, 1, 0),
('Zn02bpDlfnTqVOHBRzU8JUk5Xh92', '2021-02-07', 16, 3, 0),
('Zn02bpDlfnTqVOHBRzU8JUk5Xh92', '2021-02-07', 17, 2, 0),
('Zn02bpDlfnTqVOHBRzU8JUk5Xh92', '2021-02-07', 18, 0, 0),
('Zn02bpDlfnTqVOHBRzU8JUk5Xh92', '2021-02-07', 19, 0, 0),
('Zn02bpDlfnTqVOHBRzU8JUk5Xh92', '2021-02-07', 20, 0, 0),
('Zn02bpDlfnTqVOHBRzU8JUk5Xh92', '2021-02-07', 21, 2, 0),
('Zn02bpDlfnTqVOHBRzU8JUk5Xh92', '2021-02-07', 22, 0, 0),
('Zn02bpDlfnTqVOHBRzU8JUk5Xh92', '2021-02-07', 23, 0, 0),
('Zn02bpDlfnTqVOHBRzU8JUk5Xh92', '2021-02-07', 24, 0, 0),
('Zn02bpDlfnTqVOHBRzU8JUk5Xh92', '2021-02-07', 25, 3, 0),
('Zn02bpDlfnTqVOHBRzU8JUk5Xh92', '2021-02-07', 26, 2, 0),
('Zn02bpDlfnTqVOHBRzU8JUk5Xh92', '2021-02-07', 27, 2, 0),
('Zn02bpDlfnTqVOHBRzU8JUk5Xh92', '2021-02-07', 28, 0, 0),
('zNgjBui64IfnSIHoSAJnEWJpIqn1', '2021-12-15', 1, 1, 1),
('zNgjBui64IfnSIHoSAJnEWJpIqn1', '2021-12-15', 2, 1, 1),
('zNgjBui64IfnSIHoSAJnEWJpIqn1', '2021-12-15', 3, 1, 1),
('zNgjBui64IfnSIHoSAJnEWJpIqn1', '2021-12-15', 4, 1, 1),
('zNgjBui64IfnSIHoSAJnEWJpIqn1', '2021-12-15', 5, 2, 1),
('zNgjBui64IfnSIHoSAJnEWJpIqn1', '2021-12-15', 6, 2, 1),
('zNgjBui64IfnSIHoSAJnEWJpIqn1', '2021-12-15', 7, 2, 1),
('zNgjBui64IfnSIHoSAJnEWJpIqn1', '2021-12-15', 8, 2, 1),
('zNgjBui64IfnSIHoSAJnEWJpIqn1', '2021-12-15', 9, 2, 1),
('zNgjBui64IfnSIHoSAJnEWJpIqn1', '2021-12-15', 10, 4, 1),
('zNgjBui64IfnSIHoSAJnEWJpIqn1', '2021-12-15', 11, NULL, 1),
('zNgjBui64IfnSIHoSAJnEWJpIqn1', '2021-12-15', 13, 0, 0),
('zNgjBui64IfnSIHoSAJnEWJpIqn1', '2021-12-15', 14, 0, 0),
('zNgjBui64IfnSIHoSAJnEWJpIqn1', '2021-12-15', 15, 1, 0),
('zNgjBui64IfnSIHoSAJnEWJpIqn1', '2021-12-15', 16, 3, 0),
('zNgjBui64IfnSIHoSAJnEWJpIqn1', '2021-12-15', 17, 2, 0),
('zNgjBui64IfnSIHoSAJnEWJpIqn1', '2021-12-15', 18, 0, 0),
('zNgjBui64IfnSIHoSAJnEWJpIqn1', '2021-12-15', 19, 0, 0),
('zNgjBui64IfnSIHoSAJnEWJpIqn1', '2021-12-15', 20, 0, 0),
('zNgjBui64IfnSIHoSAJnEWJpIqn1', '2021-12-15', 21, 2, 0),
('zNgjBui64IfnSIHoSAJnEWJpIqn1', '2021-12-15', 22, 0, 0),
('zNgjBui64IfnSIHoSAJnEWJpIqn1', '2021-12-15', 23, 0, 0),
('zNgjBui64IfnSIHoSAJnEWJpIqn1', '2021-12-15', 24, 0, 0),
('zNgjBui64IfnSIHoSAJnEWJpIqn1', '2021-12-15', 25, 3, 0),
('zNgjBui64IfnSIHoSAJnEWJpIqn1', '2021-12-15', 26, 2, 0),
('zNgjBui64IfnSIHoSAJnEWJpIqn1', '2021-12-15', 27, 2, 0),
('zNgjBui64IfnSIHoSAJnEWJpIqn1', '2021-12-15', 28, 0, 0),
('zRVJdDEuCJd3o6A3o0wqMc2HtBW2', '2022-02-20', 1, 1, 1),
('zRVJdDEuCJd3o6A3o0wqMc2HtBW2', '2022-02-20', 2, 1, 1),
('zRVJdDEuCJd3o6A3o0wqMc2HtBW2', '2022-02-20', 3, 0, 1),
('zRVJdDEuCJd3o6A3o0wqMc2HtBW2', '2022-02-20', 4, 0, 0),
('zRVJdDEuCJd3o6A3o0wqMc2HtBW2', '2022-02-20', 5, 0, 0),
('zRVJdDEuCJd3o6A3o0wqMc2HtBW2', '2022-02-20', 6, 0, 0),
('zRVJdDEuCJd3o6A3o0wqMc2HtBW2', '2022-02-20', 7, 0, 0),
('zRVJdDEuCJd3o6A3o0wqMc2HtBW2', '2022-02-20', 8, 2, 0),
('zRVJdDEuCJd3o6A3o0wqMc2HtBW2', '2022-02-20', 9, 2, 0),
('zRVJdDEuCJd3o6A3o0wqMc2HtBW2', '2022-02-20', 10, 4, 0),
('zRVJdDEuCJd3o6A3o0wqMc2HtBW2', '2022-02-20', 11, 0, 0),
('zRVJdDEuCJd3o6A3o0wqMc2HtBW2', '2022-02-20', 13, 0, 0),
('zRVJdDEuCJd3o6A3o0wqMc2HtBW2', '2022-02-20', 14, 0, 0),
('zRVJdDEuCJd3o6A3o0wqMc2HtBW2', '2022-02-20', 15, 1, 0),
('zRVJdDEuCJd3o6A3o0wqMc2HtBW2', '2022-02-20', 16, 3, 0),
('zRVJdDEuCJd3o6A3o0wqMc2HtBW2', '2022-02-20', 17, 2, 0),
('zRVJdDEuCJd3o6A3o0wqMc2HtBW2', '2022-02-20', 18, 0, 0),
('zRVJdDEuCJd3o6A3o0wqMc2HtBW2', '2022-02-20', 19, 0, 0),
('zRVJdDEuCJd3o6A3o0wqMc2HtBW2', '2022-02-20', 20, 0, 0),
('zRVJdDEuCJd3o6A3o0wqMc2HtBW2', '2022-02-20', 21, 2, 0),
('zRVJdDEuCJd3o6A3o0wqMc2HtBW2', '2022-02-20', 22, 0, 0),
('zRVJdDEuCJd3o6A3o0wqMc2HtBW2', '2022-02-20', 23, 0, 0),
('zRVJdDEuCJd3o6A3o0wqMc2HtBW2', '2022-02-20', 24, 0, 0),
('zRVJdDEuCJd3o6A3o0wqMc2HtBW2', '2022-02-20', 25, 3, 0),
('zRVJdDEuCJd3o6A3o0wqMc2HtBW2', '2022-02-20', 26, 2, 0),
('zRVJdDEuCJd3o6A3o0wqMc2HtBW2', '2022-02-20', 27, 2, 0),
('zRVJdDEuCJd3o6A3o0wqMc2HtBW2', '2022-02-20', 28, 0, 0),
('zuomEf1n8Ob2OsXKMiz8iq5gRfx1', '2021-05-20', 1, 1, 0),
('zuomEf1n8Ob2OsXKMiz8iq5gRfx1', '2021-05-20', 2, 1, 0),
('zuomEf1n8Ob2OsXKMiz8iq5gRfx1', '2021-05-20', 3, 0, 1),
('zuomEf1n8Ob2OsXKMiz8iq5gRfx1', '2021-05-20', 4, 0, 1),
('zuomEf1n8Ob2OsXKMiz8iq5gRfx1', '2021-05-20', 5, 0, 0),
('zuomEf1n8Ob2OsXKMiz8iq5gRfx1', '2021-05-20', 6, 0, 0),
('zuomEf1n8Ob2OsXKMiz8iq5gRfx1', '2021-05-20', 7, 0, 0),
('zuomEf1n8Ob2OsXKMiz8iq5gRfx1', '2021-05-20', 8, 2, 0),
('zuomEf1n8Ob2OsXKMiz8iq5gRfx1', '2021-05-20', 9, 2, 0),
('zuomEf1n8Ob2OsXKMiz8iq5gRfx1', '2021-05-20', 10, 4, 0),
('zuomEf1n8Ob2OsXKMiz8iq5gRfx1', '2021-05-20', 11, 0, 0),
('zuomEf1n8Ob2OsXKMiz8iq5gRfx1', '2021-05-20', 13, 0, 0),
('zuomEf1n8Ob2OsXKMiz8iq5gRfx1', '2021-05-20', 14, 0, 0),
('zuomEf1n8Ob2OsXKMiz8iq5gRfx1', '2021-05-20', 15, 1, 0),
('zuomEf1n8Ob2OsXKMiz8iq5gRfx1', '2021-05-20', 16, 3, 0),
('zuomEf1n8Ob2OsXKMiz8iq5gRfx1', '2021-05-20', 17, 2, 0),
('zuomEf1n8Ob2OsXKMiz8iq5gRfx1', '2021-05-20', 18, 0, 0),
('zuomEf1n8Ob2OsXKMiz8iq5gRfx1', '2021-05-20', 19, 0, 0),
('zuomEf1n8Ob2OsXKMiz8iq5gRfx1', '2021-05-20', 20, 0, 0),
('zuomEf1n8Ob2OsXKMiz8iq5gRfx1', '2021-05-20', 21, 2, 0),
('zuomEf1n8Ob2OsXKMiz8iq5gRfx1', '2021-05-20', 22, 0, 0),
('zuomEf1n8Ob2OsXKMiz8iq5gRfx1', '2021-05-20', 23, 0, 0),
('zuomEf1n8Ob2OsXKMiz8iq5gRfx1', '2021-05-20', 24, 0, 0),
('zuomEf1n8Ob2OsXKMiz8iq5gRfx1', '2021-05-20', 25, 3, 0),
('zuomEf1n8Ob2OsXKMiz8iq5gRfx1', '2021-05-20', 26, 2, 1),
('zuomEf1n8Ob2OsXKMiz8iq5gRfx1', '2021-05-20', 27, 2, 1),
('zuomEf1n8Ob2OsXKMiz8iq5gRfx1', '2021-05-20', 28, 0, 0);

--
-- Indexes for dumped tables
--

--
-- Indexes for table `chapter`
--
ALTER TABLE `chapter`
  ADD PRIMARY KEY (`chapter_id`),
  ADD UNIQUE KEY `chapterName_UNIQUE` (`chapter_name`);

--
-- Indexes for table `chapter2`
--
ALTER TABLE `chapter2`
  ADD PRIMARY KEY (`chapter_id`),
  ADD UNIQUE KEY `chapter_name_UNIQUE` (`chapter_name`);

--
-- Indexes for table `feedbacktext`
--
ALTER TABLE `feedbacktext`
  ADD PRIMARY KEY (`under_or_equal_seccess_percent`);

--
-- Indexes for table `goals_or_habits`
--
ALTER TABLE `goals_or_habits`
  ADD PRIMARY KEY (`user_name`);

--
-- Indexes for table `points_max`
--
ALTER TABLE `points_max`
  ADD PRIMARY KEY (`chapter_id`);

--
-- Indexes for table `points_max2`
--
ALTER TABLE `points_max2`
  ADD PRIMARY KEY (`chapter_id`);

--
-- Indexes for table `setting`
--
ALTER TABLE `setting`
  ADD PRIMARY KEY (`key`);

--
-- Indexes for table `user`
--
ALTER TABLE `user`
  ADD PRIMARY KEY (`user_name`),
  ADD KEY `user_name_inx` (`user_name`);

--
-- Indexes for table `user_cups`
--
ALTER TABLE `user_cups`
  ADD PRIMARY KEY (`user_name`,`chapter_id`),
  ADD KEY `user_cups-chapter_idx` (`chapter_id`),
  ADD KEY `user_cups-user_name_idx` (`user_name`);

--
-- Constraints for dumped tables
--

--
-- Constraints for table `goals_or_habits`
--
ALTER TABLE `goals_or_habits`
  ADD CONSTRAINT `goals_or_habits__user` FOREIGN KEY (`user_name`) REFERENCES `user` (`user_name`);

--
-- Constraints for table `points_max`
--
ALTER TABLE `points_max`
  ADD CONSTRAINT `distribution_of_points-chapter` FOREIGN KEY (`chapter_id`) REFERENCES `chapter` (`chapter_id`);

--
-- Constraints for table `user_cups`
--
ALTER TABLE `user_cups`
  ADD CONSTRAINT `user_cups-chapter` FOREIGN KEY (`chapter_id`) REFERENCES `chapter` (`chapter_id`),
  ADD CONSTRAINT `user_cups-user` FOREIGN KEY (`user_name`) REFERENCES `user` (`user_name`);
COMMIT;

/*!40101 SET CHARACTER_SET_CLIENT=@OLD_CHARACTER_SET_CLIENT */;
/*!40101 SET CHARACTER_SET_RESULTS=@OLD_CHARACTER_SET_RESULTS */;
/*!40101 SET COLLATION_CONNECTION=@OLD_COLLATION_CONNECTION */;
